tempo,spec_centroid_mean,spec_centroid_std,spec_bw_mean,spec_bw_std,rolloff_mean,rolloff_std,zcr_mean,zcr_std,mfcc_1_mean,mfcc_2_mean,mfcc_3_mean,mfcc_4_mean,mfcc_5_mean,mfcc_6_mean,mfcc_7_mean,mfcc_8_mean,mfcc_9_mean,mfcc_10_mean,mfcc_11_mean,mfcc_12_mean,mfcc_13_mean,mfcc_1_std,mfcc_2_std,mfcc_3_std,mfcc_4_std,mfcc_5_std,mfcc_6_std,mfcc_7_std,mfcc_8_std,mfcc_9_std,mfcc_10_std,mfcc_11_std,mfcc_12_std,mfcc_13_std,genre,filename
123.046875,1784.416545970319,360.1941660724689,2002.6571063943209,292.9664587444628,3806.4186497738488,949.3838319123846,0.08306639113293343,0.02768996741355138,-113.619384765625,121.55301666259766,-19.15105628967285,42.345767974853516,-6.3711676597595215,18.613033294677734,-13.692060470581055,15.33937931060791,-12.28361701965332,10.973774909973145,-8.322409629821777,8.806787490844727,-3.665802001953125,50.703182220458984,17.196640014648438,15.348609924316406,12.28150463104248,12.962430953979492,9.442964553833008,8.222212791442871,8.310419082641602,9.063801765441895,7.962441444396973,7.86196756362915,7.161843299865723,6.422743320465088,blues,blues.00000.wav
67.99958881578948,1529.8713140945188,613.1978884116917,2038.6121427572907,462.4822959687798,3548.9868730952494,1725.3383493061522,0.056044256724071206,0.03805920843998772,-207.58151245117188,123.99714660644531,8.939114570617676,35.870758056640625,2.9199705123901367,21.518787384033203,-8.555368423461914,23.355937957763672,-10.10103702545166,11.906444549560547,-5.558122634887695,5.375942230224609,-2.23783278465271,88.15198516845703,23.667762756347656,23.931154251098633,16.274375915527344,16.734619140625,12.508814811706543,14.176376342773438,11.931994438171387,12.89310359954834,10.215604782104492,10.25786018371582,9.813216209411621,8.056107521057129,blues,blues.00001.wav
161.4990234375,1552.6377863181906,395.6492065008607,1747.382028301664,275.95414242794806,3041.0899442784926,884.8426541198174,0.07630074799245357,0.031737819011002394,-90.7763442993164,140.4486083984375,-29.10055923461914,31.687339782714844,-13.975973129272461,25.74168586730957,-13.644712448120117,11.623111724853516,-11.775920867919922,9.70046615600586,-13.115348815917969,5.785763740539551,-8.89973258972168,57.61764907836914,22.563512802124023,20.297462463378906,12.00615119934082,12.490620613098145,8.629561424255371,10.328758239746094,10.326069831848145,8.104654312133789,8.236836433410645,7.592525005340576,8.037508964538574,7.776660919189453,blues,blues.00002.wav
63.02400914634146,1070.1100585189854,429.54237913885123,1596.2442041849345,408.2126509040688,2185.0617872303114,1222.3723095329324,0.03330894446594427,0.02056877198727728,-199.46200561523438,150.09474182128906,5.649167060852051,26.87014389038086,1.7554404735565186,14.2368803024292,-4.8288726806640625,9.29784870147705,-0.7531418800354004,8.147393226623535,-3.1952357292175293,6.085353851318359,-2.4761881828308105,74.13482666015625,21.367420196533203,16.032691955566406,12.577670097351074,16.36771583557129,11.264205932617188,12.492485046386719,9.00948715209961,9.61051082611084,8.439374923706055,10.503591537475586,6.941435813903809,7.537466049194336,blues,blues.00003.wav
135.99917763157896,1835.5070084014953,585.947298852198,1748.3674767249408,297.4223616604232,3581.003346162684,1253.8472082559008,0.1015001421004257,0.044198516021300496,-160.29185485839844,126.19576263427734,-35.602500915527344,22.151166915893555,-32.487640380859375,10.86202335357666,-23.357162475585938,0.5005232691764832,-11.804770469665527,1.2038776874542236,-13.085074424743652,-2.8098487854003906,-6.9356207847595215,72.09815979003906,29.218793869018555,18.267778396606445,13.916655540466309,18.34260368347168,11.610199928283691,9.659235000610352,11.169668197631836,11.401259422302246,9.989755630493164,8.961198806762695,9.300108909606934,9.466440200805664,blues,blues.00004.wav
69.83741554054055,1831.9900685948742,1015.5272536119522,1729.4562589469804,449.4438876948002,3480.8539517523704,1810.097358189528,0.09403986975135449,0.07897575479333778,-177.88876342773438,118.18952941894531,-17.55072784423828,30.753101348876953,-21.732107162475586,11.898545265197754,-20.732280731201172,3.176168918609619,-8.575770378112793,-0.9401844143867493,-11.773798942565918,-2.4260759353637695,-9.342486381530762,85.46055603027344,56.54740905761719,25.576311111450195,22.045116424560547,20.820207595825195,16.312280654907227,13.032559394836426,11.562215805053711,13.127508163452148,10.00648021697998,8.751916885375977,8.86025333404541,8.951683044433594,blues,blues.00005.wav
71.77734375,1459.0353761872718,661.9048512246571,1388.725515468785,430.2696982143301,2795.67476160386,1273.8488337810736,0.07302790308146284,0.0436989109483751,-190.17501831054688,130.29241943359375,-36.348472595214844,33.029090881347656,11.085680961608887,-0.5963724851608276,-20.882356643676758,0.2771160304546356,-6.500870704650879,-5.515623092651367,-7.845289707183838,-3.123599052429199,-6.5957159996032715,98.21621704101562,43.98217010498047,36.16135787963867,21.91622543334961,32.917903900146484,16.73988151550293,12.316180229187012,10.14377498626709,11.451950073242188,12.389086723327637,9.358327865600586,8.014026641845703,8.897414207458496,blues,blues.00006.wav
92.28515625,1451.8494584581754,670.7739279240656,1577.5518583197502,410.192949810902,2955.7654602239745,1276.9357186257082,0.06143500266060371,0.043011742599829005,-179.42007446289062,136.4420928955078,-26.644338607788086,39.979591369628906,5.301814556121826,10.921236991882324,-20.555347442626953,8.507476806640625,-11.35435962677002,-3.4690980911254883,-8.414113998413086,-6.956975936889648,-3.5483484268188477,81.08917236328125,38.47041320800781,24.310026168823242,18.79252815246582,25.50387191772461,11.677462577819824,12.794587135314941,12.30766773223877,13.115826606750488,13.357224464416504,12.151824951171875,9.153006553649902,9.660816192626953,blues,blues.00007.wav
83.35433467741936,1719.2739373344168,404.2148603391187,2031.6873439502422,324.9818521856879,3781.5188003398316,1123.830736936971,0.06402757957623839,0.02705344827055859,-121.38711547851562,122.5053939819336,-14.739394187927246,46.135292053222656,-8.160384178161621,20.170509338378906,-19.169321060180664,23.050188064575195,-11.825940132141113,21.173410415649414,-6.720290660858154,7.005018711090088,-12.739909172058105,51.201961517333984,20.364900588989258,18.476787567138672,13.921792984008789,13.293728828430176,10.343644142150879,7.594192028045654,8.770051956176758,6.517716407775879,7.644031047821045,6.997152328491211,7.499757289886475,7.867430686950684,blues,blues.00008.wav
80.74951171875,1817.5295464146707,546.1286759179139,1973.6903092151892,337.9483596955139,3944.584480970637,1169.2472363386128,0.0792153184258901,0.03710199195397739,-213.20452880859375,115.154541015625,-11.720503807067871,39.032554626464844,-20.357818603515625,13.089925765991211,-9.180814743041992,9.023638725280762,-14.101022720336914,4.283337116241455,-6.044196128845215,3.786367893218994,0.22368738055229187,78.3143081665039,28.262224197387695,25.86415672302246,18.730318069458008,23.0716552734375,16.684894561767578,11.249238014221191,8.243319511413574,10.496001243591309,9.617186546325684,9.212237358093262,10.222245216369629,8.740899085998535,blues,blues.00009.wav
161.4990234375,1410.6753570562125,453.11712875660817,1512.9717892723404,380.6953780625839,2767.5082652561437,1194.0923722471903,0.06298072271671827,0.021005301234394137,-173.7158660888672,137.14024353027344,-23.76764678955078,26.99173927307129,-16.68766212463379,4.21437406539917,-12.58261775970459,5.854559421539307,-2.8846726417541504,-1.1866810321807861,-1.9771538972854614,1.8001548051834106,-3.004411458969116,90.21219635009766,32.89563751220703,32.049591064453125,22.2620906829834,17.024559020996094,12.638328552246094,12.267991065979004,9.082865715026855,10.420711517333984,8.099661827087402,7.448550224304199,7.613414287567139,9.680582046508789,blues,blues.00010.wav
161.4990234375,1353.3291189300635,715.4744658420599,1757.3310044069246,469.2749728851025,2882.31590436339,1712.5018145222573,0.04395891785990712,0.04354469611875666,-287.9235534667969,123.97102355957031,5.456122398376465,33.68454360961914,1.0892010927200317,14.704721450805664,-4.898605823516846,8.653275489807129,0.7827978134155273,6.566735744476318,-4.879439830780029,-3.1806588172912598,-5.557003021240234,77.0452651977539,31.52353286743164,17.381046295166016,18.550790786743164,21.012859344482422,15.348381042480469,12.217013359069824,13.753050804138184,12.197827339172363,10.686264991760254,9.68674087524414,9.17844009399414,8.085728645324707,blues,blues.00011.wav
184.5703125,1361.1004062354928,507.00601443997215,1567.6007717770153,211.96910144314313,2739.791766187355,976.0043854573764,0.06912392064144737,0.04879831148262711,-207.208740234375,132.79708862304688,-15.460705757141113,60.9948616027832,0.7102412581443787,12.461278915405273,1.160927653312683,-1.5278946161270142,-17.90181541442871,8.369234085083008,-2.4538185596466064,-0.5966886878013611,0.3688165247440338,67.66199493408203,25.794357299804688,30.59287452697754,18.182409286499023,17.72148895263672,10.05937385559082,10.392874717712402,10.568408966064453,9.819367408752441,9.73562240600586,11.820317268371582,9.62463092803955,9.283365249633789,blues,blues.00012.wav
107.666015625,1324.3317542217217,414.29530275438486,1827.3844642890322,279.49350259593683,2710.3669441152283,1037.1194677358196,0.051417300575657895,0.03544030759515154,-209.78219604492188,124.4659194946289,10.285804748535156,47.030174255371094,6.482385635375977,15.417020797729492,-2.010077953338623,6.735785961151123,-21.548620223999023,10.728498458862305,-5.5324320793151855,-2.202038049697876,-3.051727056503296,44.382938385009766,23.290462493896484,25.728227615356445,12.177268028259277,10.098318099975586,12.095587730407715,8.332418441772461,8.717909812927246,9.820377349853516,9.790460586547852,9.524993896484375,7.695250988006592,7.237646102905273,blues,blues.00013.wav
151.99908088235293,1172.2763008557504,383.77702373407834,1705.8583767615453,310.43031693283615,2345.777482071159,936.497139040366,0.045045834945820436,0.03950987106446065,-305.6985778808594,113.04164123535156,12.114900588989258,45.03944396972656,17.739238739013672,14.594630241394043,4.15712833404541,0.24009793996810913,-7.013088226318359,13.649843215942383,8.923057556152344,1.3016899824142456,5.952127933502197,90.54730224609375,26.103660583496094,38.2579345703125,14.991418838500977,15.779799461364746,12.43875789642334,12.55484390258789,12.913716316223145,9.877542495727539,8.767173767089844,9.486505508422852,7.92079496383667,8.022302627563477,blues,blues.00014.wav
103.359375,1420.4114787701458,447.3246402980111,1730.9171016184662,285.16918566241634,2930.240614569224,836.9628042321557,0.0637176797116873,0.04406925502867672,-238.5330352783203,120.08828735351562,-4.224555492401123,42.31004333496094,5.916329383850098,13.91418170928955,5.357577323913574,1.903708577156067,-16.929880142211914,12.339310646057129,3.94096040725708,-1.3906768560409546,0.014792073518037796,66.20257568359375,26.991220474243164,31.297773361206055,19.574748992919922,17.288061141967773,10.838106155395508,10.939125061035156,11.995671272277832,9.480667114257812,8.733510971069336,9.037074089050293,7.804614067077637,7.785207271575928,blues,blues.00015.wav
198.76802884615384,1455.0424713768248,390.3891133086726,1825.9090251785306,341.82760454565937,3009.9651324859715,1005.4885183924602,0.061350725014512386,0.03767737157691678,-233.79489135742188,120.66705322265625,-3.1675608158111572,39.539268493652344,3.8588550090789795,18.839672088623047,-3.6889171600341797,4.431845188140869,-14.975374221801758,17.571033477783203,1.8447446823120117,2.538606643676758,-1.2386856079101562,70.44123077392578,23.711532592773438,34.75709533691406,19.910839080810547,16.844215393066406,12.497923851013184,10.01887035369873,10.562871932983398,10.074906349182129,10.108126640319824,10.421930313110352,8.149383544921875,8.067007064819336,blues,blues.00016.wav
172.265625,1088.7781161784512,481.44119724619634,1410.8359525015333,264.16997658064673,2134.7537581027477,1040.1175624181956,0.04832397083010836,0.029080134268729036,-245.75413513183594,140.48092651367188,-2.7714390754699707,60.42012023925781,18.925399780273438,9.837099075317383,3.5665769577026367,0.5361875295639038,-16.367361068725586,6.629854679107666,7.269148826599121,-4.015730857849121,1.607453465461731,72.07491302490234,28.298141479492188,28.210205078125,18.994874954223633,15.329365730285645,9.9878511428833,10.890830039978027,9.65005874633789,11.359437942504883,10.260236740112305,9.83566951751709,8.446646690368652,8.542129516601562,blues,blues.00017.wav
83.35433467741936,1537.56091926741,439.6508001183022,2054.224165444145,381.49604145575444,3495.4621967516446,1352.6626778846232,0.056131935710139316,0.041510898956046816,-252.51876831054688,104.9369888305664,15.316827774047852,42.6734733581543,6.762617588043213,21.62357521057129,-1.3132768869400024,5.6919331550598145,-16.619516372680664,12.161625862121582,-1.9679499864578247,1.9697649478912354,-0.8889584541320801,53.61874008178711,24.581554412841797,25.72705078125,12.75080394744873,9.637907028198242,10.82491397857666,8.574239730834961,10.023236274719238,11.194994926452637,11.117655754089355,7.221667766571045,8.042827606201172,6.976861953735352,blues,blues.00018.wav
123.046875,1195.4133983085592,499.7222876674399,1480.9442638678327,216.57655920498246,2235.2114839819565,1099.3750886750324,0.05887114817143963,0.04241648363749193,-236.68890380859375,138.40428161621094,-4.923574924468994,47.64771270751953,5.152376174926758,8.895283699035645,0.48285630345344543,-3.8016679286956787,-14.97489070892334,10.432586669921875,-0.35396134853363037,0.7883455157279968,1.7829302549362183,74.70635223388672,23.166364669799805,34.17282485961914,17.647171020507812,21.60105323791504,9.57451057434082,9.904786109924316,12.605185508728027,8.792123794555664,10.226059913635254,11.592766761779785,8.970575332641602,8.832467079162598,blues,blues.00019.wav
135.99917763157896,1389.9522837601053,320.8151396414133,1911.3143992689456,297.8975219020218,3005.7401580338137,972.856996829294,0.05256015080785604,0.02481177495607362,-230.42657470703125,127.10052490234375,7.145355224609375,39.78431701660156,1.9449424743652344,17.40534019470215,-5.639429092407227,8.252129554748535,-18.104385375976562,13.842513084411621,-3.7609128952026367,2.571859836578369,-4.320805549621582,54.645503997802734,19.935543060302734,24.48725700378418,13.249691009521484,10.760222434997559,10.012038230895996,8.914257049560547,8.327550888061523,7.745546340942383,8.527892112731934,8.461935043334961,8.635147094726562,7.914323329925537,blues,blues.00020.wav
99.38401442307692,1046.7275070203577,540.0754646880034,1480.5791610107556,264.76775459906105,1831.1222607875386,1161.5990322554355,0.04793735185274768,0.04829025097065128,-264.678466796875,138.85833740234375,11.156023025512695,48.53825378417969,14.895923614501953,20.584367752075195,3.2051422595977783,1.2625881433486938,-15.847021102905273,15.986576080322266,3.3616716861724854,-1.51374089717865,1.8921550512313843,79.65916442871094,31.658893585205078,35.838104248046875,19.26860809326172,15.755783081054688,11.406539916992188,10.95698356628418,10.222084045410156,9.767314910888672,9.229901313781738,8.898972511291504,8.480931282043457,8.370802879333496,blues,blues.00021.wav
95.703125,1156.202363121508,560.5751355792314,1497.7588839195867,243.07704876980938,2170.511875211639,1153.7443478601008,0.05861340218653251,0.05355133885466522,-233.85751342773438,136.17208862304688,3.271318197250366,48.93121337890625,8.685133934020996,13.979510307312012,5.354867458343506,0.39087018370628357,-13.5045747756958,16.85610580444336,5.1309380531311035,-2.2318801879882812,3.9640331268310547,80.59227752685547,30.977920532226562,34.091278076171875,19.60270881652832,17.44671058654785,12.86181640625,10.27258586883545,11.302638053894043,12.309768676757812,9.099173545837402,10.696426391601562,8.792097091674805,8.120821952819824,blues,blues.00022.wav
184.5703125,1210.4571260262846,363.0846223028455,1498.0546093390135,227.26333698327832,2522.5430798604393,781.1815275234986,0.052482675841718264,0.03298931566314875,-227.26885986328125,137.73069763183594,-14.4934663772583,63.555702209472656,5.612640857696533,11.984640121459961,1.8855520486831665,-1.8633766174316406,-7.620555400848389,-2.447174310684204,-2.8867249488830566,-9.429529190063477,-10.92391300201416,64.40760803222656,22.503929138183594,35.30354690551758,14.521750450134277,12.356342315673828,9.678050994873047,10.130398750305176,9.341696739196777,9.878338813781738,9.88372802734375,10.20205020904541,9.378917694091797,10.746888160705566,blues,blues.00023.wav
103.359375,1120.3909802285903,420.0105191253382,1447.85262505518,231.99485767926348,2325.127606938129,1067.2899656487189,0.047297899937113,0.03285126675852585,-274.3118591308594,130.41371154785156,-6.392799377441406,70.40501403808594,13.26914119720459,9.461283683776855,7.725640296936035,-1.2474910020828247,-0.5775883197784424,-2.30258846282959,3.783147096633911,0.08482332527637482,-0.939436137676239,76.93624114990234,22.37529182434082,36.63964080810547,17.646696090698242,15.184504508972168,12.469621658325195,11.023466110229492,12.256718635559082,9.703689575195312,8.30018424987793,8.76274299621582,8.577573776245117,11.257425308227539,blues,blues.00024.wav
92.28515625,1109.721378629315,372.4129388140998,1463.539070397656,194.51148697609224,2243.744765715702,915.8907256851093,0.05172493288022446,0.03659632145372818,-249.28939819335938,130.98703002929688,0.6773903965950012,66.68578338623047,17.89780616760254,4.623736381530762,6.5983076095581055,1.2490500211715698,1.4163895845413208,-1.5791418552398682,-0.9626631140708923,-3.571995735168457,-2.92798113822937,63.09784698486328,18.394969940185547,39.75187683105469,17.279258728027344,13.545689582824707,13.16553020477295,9.820876121520996,9.916266441345215,8.703125953674316,9.580452919006348,10.061666488647461,9.229387283325195,9.291680335998535,blues,blues.00025.wav
83.35433467741936,1198.7544985722175,402.34690852292596,1573.0851132732248,289.4571988850951,2478.8266775408765,995.8270323101638,0.051987591911764705,0.038570568194024366,-284.6973571777344,108.8051986694336,9.088282585144043,51.222740173339844,18.09175682067871,7.612260818481445,8.779499053955078,2.3628289699554443,0.005786340683698654,2.2509660720825195,4.205099582672119,-3.2933175563812256,1.6082983016967773,78.7223129272461,26.004621505737305,38.02742385864258,17.197450637817383,14.50534439086914,13.483985900878906,11.017854690551758,10.154078483581543,9.670384407043457,10.304088592529297,9.183077812194824,9.884416580200195,8.278565406799316,blues,blues.00026.wav
92.28515625,1391.4439037459135,447.3847820799293,1494.8508338204401,208.5677441744773,2811.1413347462753,735.6703511002595,0.07235897288602941,0.050426781842714534,-228.2506561279297,130.3444061279297,-23.291290283203125,70.1720962524414,1.1422709226608276,7.602447509765625,0.9099381566047668,1.9782512187957764,-6.167007923126221,-9.396023750305176,-2.562840461730957,-4.522894382476807,-0.26295027136802673,53.045005798339844,26.25477409362793,30.453990936279297,19.92217445373535,13.4837064743042,12.392955780029297,10.015294075012207,9.411503791809082,7.868752479553223,9.273236274719238,10.388401985168457,7.6830549240112305,8.236430168151855,blues,blues.00027.wav
103.359375,1115.5411952519341,324.94614980674856,1398.5093836910687,229.8246831792116,2290.3194840847523,798.9420886424391,0.04802843217879257,0.028583845087897613,-248.9867401123047,139.06719970703125,-16.282499313354492,57.117984771728516,20.19265365600586,10.188037872314453,4.543975830078125,0.33127909898757935,-7.877950191497803,-3.4479153156280518,-2.646488904953003,-2.8313822746276855,-0.902166485786438,70.45574951171875,19.953779220581055,34.15384292602539,18.137451171875,12.582623481750488,11.546414375305176,11.243721008300781,10.879305839538574,8.358489036560059,8.276775360107422,8.910004615783691,8.167048454284668,9.771069526672363,blues,blues.00028.wav
129.19921875,1649.2877536970093,844.116577006683,2190.221833503233,430.4802922794099,3761.610587388738,2039.7830928171659,0.05292636174535604,0.0569964788512264,-233.75082397460938,101.17827606201172,17.64976692199707,23.733776092529297,2.082033157348633,25.941923141479492,-16.95884895324707,15.098033905029297,-22.278715133666992,4.395122528076172,-23.2074031829834,-6.057175159454346,-5.068857192993164,60.73033142089844,29.759796142578125,19.37721061706543,14.810775756835938,15.089254379272461,11.647929191589355,18.422504425048828,10.653246879577637,9.919082641601562,11.071765899658203,12.938665390014648,9.040495872497559,8.996855735778809,blues,blues.00029.wav
151.99908088235293,1378.9657764881297,742.5598956925822,2003.5852163311847,519.394994938015,3015.0567683642125,2139.362055292999,0.03937580120452786,0.030759514337925453,-206.96807861328125,117.79298400878906,23.23587989807129,28.297826766967773,-1.1239153146743774,18.862035751342773,-21.949682235717773,17.849985122680664,-25.585643768310547,2.12992525100708,-17.794416427612305,-8.01590347290039,-17.60727882385254,44.99866485595703,27.640546798706055,16.77232551574707,16.16750144958496,13.964349746704102,12.688658714294434,14.560503959655762,11.72113037109375,14.150612831115723,10.150412559509277,8.543368339538574,7.771043300628662,8.536091804504395,blues,blues.00030.wav
151.99908088235293,1331.0365912698594,593.5347514951941,1973.6486462859361,484.230747865474,2900.174129710478,1926.053370980482,0.04296723829334365,0.033113697129623997,-221.8311309814453,110.83949279785156,18.6168212890625,30.920137405395508,3.2959229946136475,22.58736228942871,-20.416351318359375,12.11873722076416,-26.35049819946289,-4.3674845695495605,-26.413198471069336,-13.045098304748535,-12.654766082763672,50.1198844909668,24.214548110961914,13.784725189208984,13.439663887023926,14.88302993774414,10.032215118408203,17.846128463745117,10.704249382019043,10.423561096191406,10.114691734313965,11.338235855102539,10.37099552154541,12.096414566040039,blues,blues.00031.wav
143.5546875,1309.6646971460593,869.8875194588802,1883.062611501245,533.2848661781875,2765.658276442773,2165.6504450058424,0.03939318583107585,0.05621806192176271,-288.8077087402344,105.89604187011719,18.77703857421875,23.710391998291016,5.711881160736084,25.549087524414062,-13.473759651184082,12.428972244262695,-11.942033767700195,1.5714255571365356,-15.63591194152832,-6.650615692138672,-11.713253021240234,72.89320373535156,28.811166763305664,20.835323333740234,18.487327575683594,19.50859832763672,12.8262357711792,15.10789966583252,11.214014053344727,13.99122428894043,11.506952285766602,11.236590385437012,9.02645492553711,10.104416847229004,blues,blues.00032.wav
151.99908088235293,1430.5981944868504,837.4770937268804,2075.6524158312614,524.75791810066,3246.7553673144835,2360.3217720791267,0.04196988982681889,0.0379496553493765,-239.03807067871094,108.6572036743164,34.15188980102539,30.23917007446289,-0.47574329376220703,27.29263687133789,-21.379398345947266,14.150508880615234,-24.510177612304688,-1.8840460777282715,-28.050291061401367,-11.256651878356934,-16.476930618286133,56.806373596191406,28.653453826904297,16.713603973388672,17.3702392578125,15.392646789550781,11.857561111450195,16.936935424804688,11.793535232543945,10.839340209960938,13.388097763061523,11.27590274810791,9.364659309387207,9.511204719543457,blues,blues.00033.wav
184.5703125,1536.7310778930728,584.0842876284809,2157.0586117243593,401.2923242335017,3600.91989239672,1927.3072014806512,0.04570040392801858,0.026297618383381533,-217.23867797851562,105.79236602783203,15.617069244384766,25.25638198852539,-1.4402743577957153,30.1898193359375,-17.715219497680664,17.318172454833984,-27.20952796936035,4.33916711807251,-20.059492111206055,-10.695944786071777,-14.220666885375977,59.99020767211914,23.115158081054688,18.933635711669922,14.815605163574219,14.70071029663086,10.843642234802246,14.958717346191406,11.252165794372559,10.597419738769531,13.31950569152832,10.741460800170898,8.42324161529541,10.247786521911621,blues,blues.00034.wav
129.19921875,1507.1047288496127,643.6135421108559,2096.7176284693273,497.0455797589232,3405.4127412683824,2045.7335105485793,0.045430186363196595,0.0239646253594904,-171.81019592285156,120.28062438964844,15.327536582946777,21.090450286865234,-5.4192962646484375,24.189464569091797,-24.138221740722656,18.55198097229004,-22.34890365600586,1.3031774759292603,-20.763931274414062,-4.988852024078369,-17.118925094604492,44.06605529785156,26.3392333984375,16.41070556640625,12.10792350769043,13.230188369750977,10.922333717346191,12.067551612854004,10.033206939697266,11.810193061828613,10.757241249084473,8.251986503601074,9.024649620056152,9.299757957458496,blues,blues.00035.wav
151.99908088235293,1247.4080160193946,513.7195674698337,1907.7056718339709,441.0355313796831,2621.5758143563758,1739.8818684653004,0.03690378289473684,0.01867459484688581,-200.1960906982422,116.34013366699219,18.006210327148438,25.313560485839844,0.2917344272136688,24.19247817993164,-22.255908966064453,11.18642520904541,-26.848731994628906,-7.6384596824646,-24.889928817749023,-12.015525817871094,-17.017955780029297,53.63920593261719,22.01779556274414,14.098094940185547,17.05552101135254,13.399639129638672,9.999520301818848,17.523313522338867,9.751172065734863,9.858024597167969,10.522112846374512,11.091403007507324,9.9406156539917,8.813386917114258,blues,blues.00036.wav
123.046875,1188.1011591132929,608.110605863039,1682.7073903752769,447.6366860813597,2339.3941873367357,1730.8508732075327,0.04816032858455882,0.03568096538436703,-328.6808776855469,102.71112823486328,19.895551681518555,26.732681274414062,7.1514811515808105,22.704801559448242,-6.9743266105651855,12.781993865966797,-10.725781440734863,-0.43366092443466187,-12.373165130615234,-8.90705394744873,-9.240108489990234,86.3687515258789,25.15771484375,26.520038604736328,13.050381660461426,15.9058837890625,15.766670227050781,14.440799713134766,12.45097541809082,12.599909782409668,9.14737606048584,10.48921012878418,10.537225723266602,11.236177444458008,blues,blues.00037.wav
86.1328125,1513.5200525685516,742.8313017098624,2140.702823776187,471.6955538779378,3449.8458059210525,2057.28726714078,0.044378038530379256,0.04489877912957517,-192.69381713867188,111.18816375732422,21.373310089111328,26.39214324951172,-0.6483753323554993,23.480880737304688,-25.470800399780273,16.924428939819336,-16.979984283447266,5.790150165557861,-25.725244522094727,-5.045351982116699,-17.632246017456055,56.739044189453125,27.569089889526367,17.267372131347656,15.827248573303223,13.80264663696289,13.057930946350098,10.971770286560059,11.92176628112793,13.807706832885742,9.874645233154297,9.267195701599121,8.560280799865723,9.009291648864746,blues,blues.00038.wav
117.45383522727273,1151.378029921571,717.654794737246,1709.3165900923677,574.7560000988763,2312.5276831281444,1980.6383071910088,0.03533878857875387,0.03076238592057611,-301.7071533203125,111.53472137451172,21.896408081054688,16.14818000793457,8.196240425109863,22.08507537841797,-8.614953994750977,1.4815574884414673,-17.084373474121094,-8.345808982849121,-17.013063430786133,-10.5756196975708,-15.689096450805664,71.19023132324219,24.375228881835938,17.374683380126953,15.562968254089355,16.85588836669922,11.763415336608887,16.760616302490234,11.000077247619629,10.639835357666016,10.65677261352539,10.321919441223145,9.44816780090332,8.853007316589355,blues,blues.00039.wav
172.265625,2272.5176192636222,449.9797814498318,2356.8453843678926,224.184375957358,5108.277444278493,762.7345013131381,0.09765700585332818,0.03718772697787366,-110.2843246459961,90.70560455322266,-2.528311252593994,74.052734375,-11.7467679977417,39.214576721191406,-13.174300193786621,20.531587600708008,-17.1676082611084,12.827254295349121,-21.434446334838867,5.952132225036621,-8.032604217529297,35.87811279296875,15.167055130004883,15.086472511291504,10.68272876739502,10.651398658752441,8.131296157836914,9.294343948364258,7.099542617797852,6.857615947723389,9.66452693939209,6.412120819091797,7.0075225830078125,6.86472225189209,blues,blues.00040.wav
129.19921875,2390.7715766040606,553.7759667647165,2463.374815737767,283.10342746797295,5403.758990875339,976.8830958780043,0.10228887504837461,0.03994803263481814,-107.18975067138672,88.47057342529297,-4.1777873039245605,55.48548889160156,-8.010379791259766,38.416542053222656,-6.4025750160217285,28.576522827148438,-19.82078742980957,13.252738952636719,-19.23979377746582,12.076225280761719,-4.583087921142578,37.677284240722656,19.47087860107422,18.012086868286133,11.380266189575195,10.343914031982422,8.398807525634766,9.457868576049805,9.260254859924316,7.405510902404785,11.172142028808594,8.28979778289795,7.239752292633057,7.539093017578125,blues,blues.00041.wav
89.10290948275862,2302.0756478879343,452.7272665689078,2367.7204426147664,217.4296664916488,5188.535292303599,749.9595597932391,0.09786448759191177,0.04272208046263614,-159.56771850585938,69.78482055664062,-4.391879558563232,76.85113525390625,3.9159083366394043,45.16753387451172,-4.8673529624938965,32.20051574707031,-9.796340942382812,7.812511920928955,-21.826967239379883,9.682440757751465,-2.5915892124176025,49.40290451049805,15.499964714050293,22.704235076904297,10.563346862792969,10.905472755432129,6.404391765594482,7.6270670890808105,6.715542316436768,8.2706937789917,8.185380935668945,8.508471488952637,6.372847557067871,8.91886043548584,blues,blues.00042.wav
129.19921875,2155.6312958781195,433.8103952019182,2372.2914028592495,245.46880194732753,5011.978026587896,968.9260287287233,0.08716538373161764,0.03500117514815884,-109.19499969482422,100.6270523071289,-8.620549201965332,47.364219665527344,-6.559237003326416,39.620792388916016,-8.523994445800781,29.56473731994629,-16.583515167236328,13.170684814453125,-24.209320068359375,6.591902732849121,-8.641899108886719,46.97974395751953,15.18934440612793,19.571430206298828,9.112926483154297,9.474176406860352,9.61401653289795,9.541743278503418,6.400322914123535,7.65352201461792,10.657837867736816,6.421553134918213,7.9370222091674805,6.586096286773682,blues,blues.00043.wav
135.99917763157896,2279.265543032408,413.45338890269977,2375.0847954510327,230.21953068222095,5198.476898854731,755.0914133861111,0.09257049088138544,0.030007162506780354,-109.53234100341797,86.92649841308594,-8.62498950958252,64.489501953125,-6.306035041809082,43.64582061767578,-8.293103218078613,28.54642677307129,-14.081589698791504,8.136635780334473,-21.490427017211914,11.086617469787598,-5.094468116760254,28.748567581176758,15.097681045532227,16.68537139892578,9.073115348815918,7.424356937408447,6.232555389404297,7.187097072601318,7.410312175750732,8.813220024108887,9.24644947052002,8.340618133544922,9.750324249267578,9.564591407775879,blues,blues.00044.wav
129.19921875,1739.0461604116053,380.77886545287856,2290.4006079788996,255.78399375524754,4551.180812965606,905.7070860611025,0.048051863631965945,0.016320103242275348,-163.24313354492188,89.78488159179688,12.977458953857422,80.6924819946289,3.6667745113372803,39.7451286315918,-5.400378704071045,26.49867057800293,-13.163736343383789,2.7070133686065674,-20.552906036376953,6.0071892738342285,-2.9081320762634277,25.89410400390625,14.411771774291992,11.619853973388672,6.583355903625488,5.734222412109375,6.23146390914917,6.629444122314453,5.619318008422852,6.161679267883301,5.993093967437744,6.238814353942871,6.1441874504089355,7.089840412139893,blues,blues.00045.wav
123.046875,1912.443629773089,575.8147340739963,2361.3904727614045,304.2829513031295,4776.687782689145,1135.2819127349276,0.05842595056114551,0.030114251431500618,-182.66500854492188,90.68653106689453,14.118145942687988,67.5545883178711,2.687610626220703,38.43161392211914,-8.420626640319824,24.123554229736328,-13.787511825561523,4.844969272613525,-16.67662239074707,5.8230791091918945,-5.149288654327393,47.645538330078125,21.247241973876953,16.351314544677734,13.175602912902832,10.841652870178223,8.112804412841797,12.129936218261719,8.499423027038574,7.736542701721191,7.665668487548828,6.667416572570801,6.515848159790039,7.040257930755615,blues,blues.00046.wav
151.99908088235293,2013.3644495068743,403.25575358423663,2310.256346927856,209.8273194474852,4849.570675309597,762.0562738864305,0.07534497145897832,0.02898383071360161,-149.9758758544922,93.64075469970703,6.336243152618408,71.51114654541016,-8.113178253173828,36.21202087402344,-9.78497314453125,17.641597747802734,-21.11900520324707,-0.1259031444787979,-22.200990676879883,5.435663223266602,-7.467779636383057,33.248043060302734,13.940580368041992,13.134135246276855,9.872389793395996,9.827999114990234,6.243899345397949,7.157450199127197,8.12780475616455,7.441288471221924,8.030062675476074,6.3848066329956055,5.921169281005859,6.48793363571167,blues,blues.00047.wav
123.046875,2148.749819335174,407.54037315187526,2204.3524129166544,282.85597751001063,4673.621739248742,905.8536942445713,0.09881232766544118,0.03616616794604211,-106.34815216064453,102.64147186279297,-20.172258377075195,59.37520980834961,-9.967278480529785,33.706119537353516,-14.182174682617188,23.516733169555664,-13.329085350036621,16.026071548461914,-18.92317771911621,7.831766605377197,-7.800383567810059,38.92146301269531,16.3371524810791,19.25697135925293,11.132085800170898,11.407000541687012,7.721539497375488,10.855754852294922,9.68022632598877,7.878338813781738,8.864678382873535,7.872162818908691,8.304168701171875,7.117171287536621,blues,blues.00048.wav
123.046875,1318.6237037811225,642.108462114213,1904.407867651936,412.74198611529636,3046.8565760751258,1752.1408511833672,0.03997292533378483,0.027574162439430464,-255.9738311767578,110.82752227783203,21.4605712890625,67.588134765625,4.28831148147583,43.11846160888672,-4.508347988128662,10.442597389221191,-8.718591690063477,1.6548898220062256,-20.58778953552246,-2.4306740760803223,-7.144061088562012,56.26820755004883,25.847936630249023,18.763063430786133,14.287945747375488,14.052719116210938,9.076972007751465,8.623625755310059,8.701756477355957,10.130152702331543,8.961560249328613,8.32767105102539,7.754081726074219,8.128005027770996,blues,blues.00049.wav
135.99917763157896,1945.6207939267476,383.88741999010335,2082.1764771287803,270.8671384222188,4175.766416378435,898.2229020662336,0.08580598152089783,0.034928695269452505,-83.00167846679688,107.06743621826172,-25.323680877685547,57.122074127197266,0.08129856735467911,34.70890426635742,-11.047215461730957,20.533279418945312,-11.2201509475708,14.839781761169434,-10.229966163635254,12.542858123779297,-9.772625923156738,50.08599853515625,17.731565475463867,18.45955467224121,14.294720649719238,11.751493453979492,8.546209335327148,10.087644577026367,7.2216796875,7.803847312927246,7.693572521209717,6.616801738739014,7.102964401245117,6.717607021331787,blues,blues.00050.wav
99.38401442307692,1977.1089040094187,370.50678833479896,1927.4390139416107,271.7738344501375,3942.8761579672987,834.209234345384,0.1066270952254257,0.030753901057487897,-55.59663009643555,114.95120239257812,-37.06935119628906,64.90438079833984,-7.164943218231201,15.2547025680542,-16.23533058166504,18.64357566833496,-9.752285957336426,21.465389251708984,-5.652097702026367,12.784239768981934,-16.537031173706055,31.82987403869629,17.848873138427734,14.322847366333008,8.300190925598145,9.678400993347168,10.725653648376465,9.887147903442383,8.827359199523926,8.275675773620605,8.566147804260254,8.486258506774902,9.965743064880371,7.474554538726807,blues,blues.00051.wav
151.99908088235293,1443.2688618053005,669.885141113908,1670.2395750483765,435.00450139424544,3069.306440323868,1443.4119232810701,0.06719384916795666,0.055548805665320465,-225.30030822753906,117.64151763916016,-14.544607162475586,64.80238342285156,12.931656837463379,19.02923583984375,10.688533782958984,9.883125305175781,-2.3828368186950684,11.688009262084961,1.5453439950942993,3.0493671894073486,-7.628482818603516,88.70885467529297,25.920028686523438,28.56879425048828,13.206562042236328,17.741416931152344,15.860203742980957,14.028731346130371,10.62329387664795,10.0833101272583,8.108185768127441,7.890538692474365,7.705473899841309,7.394865036010742,blues,blues.00052.wav
103.359375,2171.1586190945404,412.2916009983587,1954.1375650548994,291.377181622208,4237.0993788397345,863.9152045781502,0.13280229598006965,0.04846691288105842,-76.75776672363281,105.77047729492188,-43.20883560180664,60.95010757446289,-8.791272163391113,21.246782302856445,-12.877674102783203,18.621217727661133,-11.399116516113281,14.550057411193848,-6.0574212074279785,12.740340232849121,-9.374366760253906,53.914920806884766,20.79762840270996,19.76932144165039,20.190149307250977,14.278522491455078,11.0056734085083,12.864279747009277,12.197453498840332,7.5521464347839355,8.861441612243652,8.304398536682129,8.029877662658691,7.4067158699035645,blues,blues.00053.wav
89.10290948275862,2030.3725287964605,470.05483805405834,1987.0908589175308,271.9926106166917,4062.6921001233554,920.8232293326361,0.10338599615421827,0.04376583803985729,-58.0010986328125,109.01412200927734,-36.218387603759766,64.04035949707031,1.4301568269729614,26.31511878967285,-17.482681274414062,20.431018829345703,-9.543071746826172,18.177133560180664,-6.0571441650390625,13.878273963928223,-11.297564506530762,41.790462493896484,21.27297019958496,17.44503402709961,12.273863792419434,13.4058198928833,9.352258682250977,12.276854515075684,7.769402980804443,7.644407749176025,7.960658550262451,7.837473392486572,7.979800701141357,6.535388469696045,blues,blues.00054.wav
135.99917763157896,2032.1200141615245,437.1072701908733,1976.2784101797834,281.3082459923567,4023.509003724845,879.0448638646468,0.11316673822078173,0.05027458263338556,-98.69757080078125,104.80117797851562,-35.10866928100586,60.695045471191406,-2.839327096939087,22.231002807617188,-7.837456703186035,19.030719757080078,-11.578803062438965,17.021759033203125,-5.3873515129089355,12.199110984802246,-9.960819244384766,57.74338912963867,18.43683624267578,18.689376831054688,16.873321533203125,12.452478408813477,11.21976375579834,10.40376091003418,10.220307350158691,7.1670989990234375,10.25388240814209,7.60498046875,8.244772911071777,7.627302646636963,blues,blues.00055.wav
161.4990234375,1810.9603368829592,589.2471333098248,2052.0430152756703,346.1431961649649,3927.2429191660217,1231.3315034909467,0.07547951335139319,0.041213635699253966,-145.42918395996094,102.85956573486328,-12.542130470275879,56.96205139160156,2.247262954711914,26.607046127319336,-4.267034530639648,17.337631225585938,-7.997035503387451,15.23212718963623,-6.937478065490723,7.460383415222168,-10.4683256149292,68.02568817138672,23.049591064453125,18.823240280151367,16.705215454101562,16.146055221557617,13.806885719299316,13.823070526123047,10.403021812438965,8.964412689208984,9.08220100402832,6.943202972412109,10.203325271606445,7.057500839233398,blues,blues.00056.wav
92.28515625,1886.705706255258,503.4915001350589,1913.2319286636473,351.4699742758244,3828.0685188600523,1117.112217395679,0.08992387045278638,0.03919053771719102,-92.76853942871094,115.34077453613281,-35.06004333496094,57.85359573364258,1.8453197479248047,26.612060546875,-14.544861793518066,22.132043838500977,-8.207085609436035,11.007706642150879,-5.644093990325928,7.272861480712891,-10.202146530151367,55.97237777709961,22.854705810546875,20.21871566772461,18.19009780883789,17.372880935668945,12.355354309082031,12.207240104675293,10.488264083862305,8.48920726776123,10.186833381652832,8.93124771118164,8.384761810302734,7.5254082679748535,blues,blues.00057.wav
107.666015625,2068.3276532886216,532.532478266014,2033.7527183133282,341.1786345101174,4231.51607926785,1063.8712928617733,0.10437162889415634,0.04393353270571209,-95.45585632324219,105.2293701171875,-26.96267318725586,60.83698272705078,-4.847294807434082,21.545209884643555,-13.523774147033691,12.135233879089355,-20.232872009277344,12.151344299316406,-5.229753017425537,10.264025688171387,-9.453709602355957,56.73070526123047,24.767412185668945,19.39977264404297,10.80754566192627,12.351810455322266,12.959321975708008,10.899709701538086,10.168049812316895,9.508671760559082,9.267160415649414,8.556035041809082,7.8783650398254395,8.147224426269531,blues,blues.00058.wav
107.666015625,2235.9219734301396,489.20793007098604,2100.036805579494,224.91720359090561,4390.048453977603,850.8177194651106,0.14228825524864552,0.06490177105601948,-86.2509765625,91.94210052490234,-23.403499603271484,68.24949645996094,-3.890127658843994,22.742177963256836,-9.895618438720703,16.891765594482422,-11.39383316040039,18.42901611328125,-7.011847972869873,10.766728401184082,-11.93729019165039,50.7841796875,17.926610946655273,15.44937801361084,11.966832160949707,15.110105514526367,12.817476272583008,11.209455490112305,8.376993179321289,7.744340896606445,8.5789155960083,6.4322991371154785,7.439608573913574,7.653248310089111,blues,blues.00059.wav
151.99908088235293,1946.5344115984576,353.5431150324762,1979.7546736384302,236.10083729191686,3955.776079963235,799.9113808803812,0.09745368130804953,0.03737641302462226,-67.80553436279297,111.70936584472656,-34.65730285644531,61.34178924560547,0.0451812744140625,30.57109260559082,-12.704326629638672,21.166828155517578,-13.134889602661133,16.287799835205078,-6.343270778656006,12.295477867126465,-12.48300552368164,40.13648986816406,17.5472469329834,14.93541431427002,15.109496116638184,13.245539665222168,10.644033432006836,10.46806526184082,9.582499504089355,7.455934047698975,8.569169044494629,6.169791221618652,7.082756042480469,6.355140686035156,blues,blues.00060.wav
129.19921875,2503.952796432079,403.77171020523764,2180.283243535687,184.53896882871317,5077.135965920085,630.3619881738924,0.16758439858262383,0.05048480330342755,-82.48588562011719,94.17034149169922,-27.13920783996582,75.66252136230469,-27.529983520507812,35.58903503417969,-20.298961639404297,25.121318817138672,-15.379855155944824,11.346789360046387,-13.402289390563965,8.1533842086792,-8.504350662231445,32.275726318359375,14.432149887084961,12.876874923706055,7.44047212600708,8.232282638549805,6.5060577392578125,7.022337436676025,7.3934783935546875,6.909714221954346,7.514195919036865,7.407374858856201,7.077589511871338,8.042338371276855,blues,blues.00061.wav
112.34714673913044,2279.808618295741,649.9564353800652,2119.671733204137,189.7706966333819,4732.271384602361,883.8977883955886,0.11714895148026316,0.061511483579146375,-144.99365234375,95.74280548095703,-21.610319137573242,49.62971115112305,-29.898345947265625,29.358598709106445,-18.84994125366211,17.890138626098633,-9.674272537231445,5.513566970825195,-9.554563522338867,6.369012355804443,-21.091815948486328,42.68369674682617,26.67766761779785,20.495412826538086,13.649542808532715,16.37437629699707,12.086357116699219,15.77971363067627,9.581665992736816,10.388694763183594,8.794594764709473,8.613421440124512,10.402981758117676,8.889981269836426,blues,blues.00062.wav
92.28515625,2839.267572265232,537.8106853667489,2443.9434801361367,237.25293014160965,5710.907133592541,690.0803817298515,0.15435583155959753,0.05536551395836385,-129.1139678955078,72.11976623535156,-7.765846252441406,49.26091003417969,-32.72197723388672,21.60843276977539,-27.374637603759766,15.00284194946289,-10.25877571105957,12.437438011169434,-17.034568786621094,7.118173122406006,-18.020404815673828,45.1290283203125,20.641569137573242,24.37660026550293,11.91869068145752,10.362789154052734,8.862955093383789,13.717813491821289,7.259599208831787,11.020269393920898,7.205076694488525,7.566778659820557,8.27977466583252,8.136256217956543,blues,blues.00063.wav
78.30255681818181,2553.2225631938227,328.53283294631166,2280.079407033503,181.20443205032672,5148.04387048302,525.9242194108207,0.14685171971749225,0.03254157297223645,-85.17353057861328,88.81204986572266,-16.331642150878906,59.223236083984375,-35.99360275268555,14.391534805297852,-22.306257247924805,9.651897430419922,-14.8239164352417,11.181605339050293,-14.808832168579102,8.478196144104004,-19.590890884399414,29.802995681762695,13.120524406433105,13.800972938537598,11.406730651855469,8.83747386932373,6.405274391174316,7.15502405166626,7.311004638671875,6.726040363311768,6.761967182159424,6.493382930755615,6.0455241203308105,6.149534702301025,blues,blues.00064.wav
107.666015625,2816.7459196931127,589.6449713216034,2372.144439490832,211.7255525280966,5614.507716506628,785.3509586715169,0.14631846519446595,0.05052950067317384,-118.37033081054688,74.86731719970703,-19.86946678161621,46.94758605957031,-32.569053649902344,23.835134506225586,-26.37411117553711,17.692514419555664,-13.826244354248047,11.946739196777344,-17.88878059387207,7.555983066558838,-22.900585174560547,34.39229202270508,24.618467330932617,18.49699592590332,11.247220039367676,11.349247932434082,9.156272888183594,12.56497573852539,7.4685821533203125,8.638018608093262,8.283413887023926,7.886667251586914,8.182703971862793,6.789590835571289,blues,blues.00065.wav
161.4990234375,2340.3362115325713,589.51846742577,2256.3224355209627,213.2029676591701,4972.26993336397,857.0153623584257,0.1217751517753483,0.06325598886261481,-116.5463638305664,97.44462585449219,-13.895613670349121,48.974857330322266,-22.594566345214844,27.765439987182617,-20.240068435668945,18.63935089111328,-14.6516695022583,8.48143482208252,-16.65589714050293,11.001678466796875,-13.869424819946289,39.8719367980957,22.476055145263672,17.079191207885742,12.439756393432617,12.745574951171875,8.904487609863281,13.646210670471191,8.125932693481445,8.5960054397583,7.169534683227539,8.360843658447266,9.096074104309082,8.63257884979248,blues,blues.00066.wav
161.4990234375,2258.5305012842978,468.1428150990845,2175.883804208782,236.25407943221205,4755.35457835478,831.3704934981387,0.11276500217685759,0.04127225714341651,-95.46324920654297,101.38037872314453,-20.697006225585938,48.66807174682617,-30.27181053161621,20.812761306762695,-18.31358528137207,14.146869659423828,-12.798890113830566,13.444279670715332,-14.078200340270996,7.732656002044678,-19.23227310180664,30.58795928955078,19.127058029174805,18.62217140197754,13.278989791870117,11.826026916503906,9.246248245239258,15.521367073059082,7.890978813171387,8.929350852966309,7.5193986892700195,10.285283088684082,8.544687271118164,7.694887161254883,blues,blues.00067.wav
161.4990234375,2513.747081320468,419.4104751618391,2345.239509313882,217.24656866804065,5247.468269277283,687.598034997615,0.13514619715073528,0.03891602475866829,-113.19473266601562,88.70586395263672,-8.925186157226562,49.48269271850586,-34.57383346557617,15.86412525177002,-17.74479103088379,14.710541725158691,-11.201998710632324,15.367768287658691,-15.076569557189941,8.747662544250488,-18.631790161132812,39.8487548828125,17.779747009277344,15.0881986618042,11.827608108520508,11.089028358459473,8.274889945983887,8.24930477142334,7.681013584136963,7.0976948738098145,7.398869037628174,8.291779518127441,7.873086452484131,5.7331767082214355,blues,blues.00068.wav
78.30255681818181,2370.9632922676196,486.6000637828251,2209.514583707105,207.22464050245225,5004.08640764077,696.192153206146,0.12514096664570434,0.05004558396192482,-121.4295425415039,96.12303161621094,-19.616804122924805,48.020565032958984,-38.808189392089844,24.758066177368164,-32.945823669433594,8.104194641113281,-17.811519622802734,6.113285541534424,-19.998334884643555,6.793924331665039,-19.340662002563477,34.363224029541016,20.879114151000977,16.48261833190918,11.434185981750488,14.125262260437012,10.168195724487305,11.498970031738281,10.063189506530762,8.302624702453613,8.609018325805664,6.551883697509766,8.016490936279297,9.341377258300781,blues,blues.00069.wav
143.5546875,2159.5483196611644,573.6728600487546,2130.34934530605,261.9377190179947,4685.038336880805,1036.7165589095857,0.0983489895752709,0.04178806022625173,-133.04440307617188,105.72738647460938,-22.146265029907227,41.81864929199219,-26.996667861938477,19.12452507019043,-26.569320678710938,19.24604034423828,-15.334524154663086,6.989655494689941,-10.818551063537598,6.793742656707764,-11.729827880859375,44.08650588989258,28.292495727539062,17.777912139892578,11.986281394958496,12.452714920043945,9.394030570983887,14.96237564086914,9.735196113586426,9.586288452148438,8.522209167480469,9.947803497314453,8.349660873413086,8.448083877563477,blues,blues.00070.wav
73.828125,2429.3359591758494,312.5634625855417,2286.6949825737365,158.2755187747334,5065.152705047891,481.85747263527605,0.13468663832720587,0.03778011820899467,-89.39149475097656,93.78778839111328,-14.571089744567871,54.39153289794922,-33.515018463134766,19.421157836914062,-19.763673782348633,13.022462844848633,-13.86949634552002,14.61171817779541,-14.970264434814453,10.589299201965332,-18.023412704467773,26.365196228027344,13.87761116027832,11.565832138061523,9.965017318725586,8.034671783447266,6.457576274871826,6.8561482429504395,6.78699254989624,7.241164684295654,7.178809642791748,7.759084701538086,5.947680473327637,5.866029739379883,blues,blues.00071.wav
103.359375,2595.2893633321164,541.15518781089,2519.1202667337648,244.75224509376955,5660.282439713139,740.6599720847397,0.12924562814434984,0.052906390250971186,-118.68192291259766,87.62361907958984,6.558794021606445,45.09804916381836,-38.915706634521484,20.813005447387695,-26.86333656311035,13.798008918762207,-17.238609313964844,5.110157489776611,-15.709853172302246,3.981842041015625,-27.549043655395508,27.544687271118164,17.512914657592773,15.753100395202637,9.346288681030273,8.874773979187012,7.761440753936768,6.815141201019287,7.597566604614258,6.620034217834473,6.775267124176025,6.462982177734375,6.588920593261719,6.416843414306641,blues,blues.00072.wav
99.38401442307692,2094.775833910308,329.60864110379157,2158.1057474122117,204.9812368447899,4482.2562297431305,704.1613658976624,0.10056968665344428,0.03151751233882172,-30.129287719726562,103.74479675292969,-19.765729904174805,56.411624908447266,-12.724869728088379,20.19422721862793,-17.34809684753418,16.30915641784668,-18.444427490234375,8.932051658630371,-11.661623001098633,11.210427284240723,-8.85125732421875,33.51264953613281,14.297932624816895,13.601869583129883,13.169631958007812,11.017194747924805,9.72869873046875,9.49538803100586,8.041274070739746,7.539762496948242,7.237840175628662,7.330300807952881,6.282364368438721,7.203658580780029,blues,blues.00073.wav
112.34714673913044,2515.8691600222824,522.0635580738318,2531.4200010553727,257.991883923057,5771.615099833108,999.0489814240641,0.12091612446787926,0.040863540300005635,-56.03289031982422,87.84066772460938,-1.6012412309646606,41.20536422729492,-5.6202712059021,27.784927368164062,-24.00258445739746,21.76812171936035,-18.42898941040039,12.328123092651367,-13.717032432556152,11.850820541381836,-3.982272148132324,53.53589630126953,18.924461364746094,16.97374153137207,12.876564025878906,11.840066909790039,10.419751167297363,9.570929527282715,8.053003311157227,9.235815048217773,8.115021705627441,8.101607322692871,8.420446395874023,7.656824111938477,blues,blues.00074.wav
117.45383522727273,2225.1768658281667,680.1128749243286,2255.135044259996,314.64308631882074,4703.588224712171,1362.2821307432253,0.10858664497871517,0.05666198042229122,-86.33547973632812,92.70050048828125,-15.399187088012695,54.05200958251953,0.8667874932289124,31.560293197631836,-14.622711181640625,23.32544708251953,-14.978636741638184,15.339353561401367,-7.049361705780029,12.182225227355957,-6.110911846160889,82.74579620361328,27.92538833618164,22.380813598632812,15.44088077545166,14.643135070800781,11.38976001739502,9.6900053024292,7.002336502075195,8.602311134338379,8.679086685180664,9.11910343170166,7.868887901306152,9.615433692932129,blues,blues.00075.wav
117.45383522727273,2645.5300364910313,431.72351197604434,2426.0057919712367,225.3363316789246,5611.974398491921,761.5883041826203,0.1364685625483746,0.051619364647671674,-52.70116424560547,74.45541381835938,-18.715457916259766,56.30721664428711,-3.9593265056610107,31.987159729003906,-16.45779037475586,22.41769027709961,-12.262028694152832,27.228351593017578,-9.233884811401367,7.807101726531982,-10.567174911499023,36.66621780395508,14.90764331817627,14.807901382446289,10.623828887939453,11.321792602539062,10.068303108215332,11.785487174987793,8.951863288879395,8.155107498168945,8.110142707824707,9.128317832946777,7.192312717437744,7.691458225250244,blues,blues.00076.wav
99.38401442307692,2206.7704721917903,429.21195254540953,2191.456936364498,274.8206491625671,4657.321837812016,1044.391298035268,0.11152578064531733,0.0338478587047076,-29.039146423339844,104.53732299804688,-30.97895622253418,38.1544303894043,-7.991591930389404,30.89167022705078,-20.596235275268555,25.830780029296875,-12.959671020507812,16.941612243652344,-12.26368236541748,10.786707878112793,-10.564545631408691,44.22970199584961,17.52726936340332,17.552030563354492,10.448711395263672,11.558247566223145,9.820450782775879,9.935752868652344,8.358250617980957,9.184919357299805,7.313295364379883,7.659582138061523,6.118051528930664,6.78653621673584,blues,blues.00077.wav
123.046875,2333.716389709888,299.7166482959302,2227.4156272586656,175.05391668946498,4942.928444121275,694.0909006284389,0.12386319659442724,0.023590708533337914,-2.551016330718994,101.25788116455078,-33.92729187011719,41.518402099609375,-13.815157890319824,31.92072296142578,-21.868600845336914,24.458948135375977,-15.881363868713379,15.794474601745605,-14.372410774230957,12.507440567016602,-13.373969078063965,27.11760711669922,12.81148910522461,11.951032638549805,9.991866111755371,10.247645378112793,6.952861309051514,8.171124458312988,6.547391414642334,6.40642786026001,5.728188991546631,6.623603820800781,6.415306091308594,6.282389163970947,blues,blues.00078.wav
78.30255681818181,2443.2389164951205,361.3620375894565,2358.3844917583942,177.92570971829818,5267.559814453125,644.0596092191854,0.12473545133513932,0.03443721040783032,-3.5590715408325195,92.92778778076172,-25.11854362487793,45.18721008300781,-10.871893882751465,31.86241912841797,-18.05792236328125,28.62801170349121,-10.234053611755371,14.673486709594727,-14.906988143920898,14.75164794921875,-15.609781265258789,31.947509765625,13.095651626586914,12.165660858154297,8.105903625488281,8.383872032165527,6.518700122833252,8.53520393371582,6.941318035125732,7.684868335723877,6.464503765106201,5.496377468109131,5.34368896484375,6.393852233886719,blues,blues.00079.wav
117.45383522727273,1827.1513096464714,394.26528933389494,1898.4550593881818,234.9320780125368,3743.635696080447,877.4676997909273,0.09403873597136223,0.03470671976777877,-54.74724197387695,119.48587799072266,-34.86473846435547,37.537147521972656,-15.886235237121582,22.08109474182129,-14.668314933776855,18.534313201904297,-9.643758773803711,11.2588529586792,-11.732050895690918,11.539118766784668,-6.430718421936035,47.66319274902344,19.95648956298828,15.696967124938965,13.624009132385254,12.55201244354248,10.60464096069336,14.412976264953613,9.750141143798828,11.157136917114258,8.77991771697998,8.707048416137695,7.474833011627197,8.53780746459961,blues,blues.00080.wav
103.359375,2116.8942510812694,308.3103218929712,1956.5811797368515,211.99198728978755,4195.97462751548,661.3751381137191,0.12727247303115324,0.026971620181065997,-26.955238342285156,107.34024047851562,-46.81220626831055,40.932655334472656,-21.469863891601562,24.81685447692871,-18.94770050048828,15.260985374450684,-15.04425048828125,12.270949363708496,-15.23953914642334,14.331287384033203,-13.830044746398926,67.80192565917969,20.897991180419922,14.141558647155762,15.490845680236816,8.555174827575684,7.4328203201293945,9.001291275024414,8.40139389038086,7.789162635803223,7.705248832702637,6.4421868324279785,8.308713912963867,6.575964450836182,blues,blues.00081.wav
123.046875,2141.332015271235,356.9618493946431,2167.7740825306,273.1311577542275,4627.63035068571,986.1523116868941,0.10515129160216719,0.02537447029121749,-29.400257110595703,108.69148254394531,-25.589895248413086,38.44014358520508,-18.353864669799805,21.78569984436035,-25.172712326049805,22.406967163085938,-17.60605812072754,14.675621032714844,-12.086357116699219,5.462191104888916,-7.706029891967773,37.509910583496094,15.953453063964844,16.37677001953125,12.440252304077148,14.275131225585938,9.8674955368042,9.999336242675781,7.927822113037109,9.162543296813965,9.432765007019043,7.841354846954346,8.008777618408203,8.015225410461426,blues,blues.00082.wav
135.99917763157896,2314.8192389666888,379.3901573625828,2261.702666159041,176.00230770643225,5036.269546367066,666.8892318188173,0.11795053393479102,0.03620508743671726,-19.8935489654541,98.89588165283203,-24.476659774780273,49.585853576660156,-16.200876235961914,30.19780921936035,-18.029512405395508,27.554832458496094,-11.405635833740234,14.8779935836792,-8.908681869506836,11.671262741088867,-10.88602066040039,31.202667236328125,12.352110862731934,13.476808547973633,7.640015602111816,7.1369476318359375,7.652821063995361,7.420447826385498,5.813950538635254,7.581036567687988,6.62885856628418,6.268255710601807,6.408791542053223,7.509710311889648,blues,blues.00083.wav
112.34714673913044,2061.202741434345,479.00050360765124,2085.186746503955,286.1599391510195,4221.307807662539,1108.3765127164813,0.11339689555921052,0.0393754253599644,-38.994842529296875,112.03825378417969,-31.81770896911621,38.24067687988281,-6.320669174194336,23.330562591552734,-18.77887725830078,23.932188034057617,-10.934215545654297,13.234858512878418,-14.381190299987793,13.326929092407227,-10.922000885009766,62.38261413574219,20.820810317993164,13.356637001037598,9.322685241699219,11.99854564666748,7.792678356170654,8.574718475341797,7.804879188537598,6.920623302459717,6.405360698699951,7.185699462890625,6.677260398864746,7.302897930145264,blues,blues.00084.wav
143.5546875,1312.3500760815823,638.3136141236998,1674.1613162853585,430.68262132209964,2637.734049983069,1438.3285703860097,0.059416496347716716,0.04087893147497124,-180.14874267578125,131.41078186035156,0.5733358860015869,43.165672302246094,14.1355562210083,25.62137794494629,-5.315874099731445,12.03432846069336,-13.538714408874512,-1.0941216945648193,-7.614391803741455,2.7180745601654053,0.7742719650268555,67.38169860839844,35.76397705078125,24.18223762512207,16.148725509643555,13.833255767822266,17.366540908813477,14.22375774383545,10.448343276977539,11.988211631774902,9.887791633605957,10.8150053024292,10.403024673461914,9.22514820098877,blues,blues.00085.wav
123.046875,1245.581771913736,844.8584665570644,1634.2884053266466,579.2083245541074,2517.6097763581174,1879.8946696917412,0.04882661329334365,0.05224029382131732,-212.81539916992188,139.06922912597656,9.454341888427734,35.44626998901367,12.70954418182373,20.41766357421875,-5.573953628540039,10.893662452697754,-8.73171329498291,8.055455207824707,0.16379709541797638,2.641746759414673,-1.0257349014282227,85.14984130859375,39.4543342590332,27.06741714477539,16.067995071411133,17.628067016601562,13.639941215515137,13.4285306930542,10.102540016174316,11.857322692871094,8.717926025390625,9.758862495422363,8.690608978271484,8.730164527893066,blues,blues.00086.wav
172.265625,1441.9992540972155,622.3532848914264,1870.23919078001,383.26063087443464,3083.26468925358,1482.085456508031,0.050889337025928794,0.033992035759115746,-155.51651000976562,125.65575408935547,1.575321912765503,45.82986831665039,0.9089943170547485,25.3912410736084,-10.813492774963379,15.574149131774902,-11.929204940795898,1.2717781066894531,-6.661503314971924,-0.7791247963905334,-7.749224662780762,55.452125549316406,28.322246551513672,22.219940185546875,18.818683624267578,16.191789627075195,12.555946350097656,15.5029878616333,11.41093921661377,12.717009544372559,10.446717262268066,10.34266185760498,10.575722694396973,8.614660263061523,blues,blues.00087.wav
172.265625,1006.8779768813247,369.2515635306354,1530.614586249927,388.3775458941797,2075.0707856641834,1007.6709715616672,0.03206556574109907,0.013217909193726623,-194.27951049804688,151.85118103027344,-1.1928876638412476,39.19459915161133,16.58248519897461,18.25238609313965,-1.3991611003875732,14.877710342407227,-11.616781234741211,2.4488766193389893,-5.079173564910889,3.9416005611419678,-0.9037845134735107,56.890594482421875,23.826723098754883,14.316364288330078,11.312932014465332,13.454127311706543,9.838040351867676,10.950772285461426,7.246845245361328,8.922499656677246,9.489912033081055,8.60372257232666,8.27632999420166,7.947403907775879,blues,blues.00088.wav
107.666015625,798.5684450379811,445.75239640469425,1284.9474803691962,361.8582898043826,1455.816196878628,1035.2206174365929,0.025639678671633127,0.020118611046150658,-346.8868713378906,139.24795532226562,24.084861755371094,22.264015197753906,18.64784049987793,11.657902717590332,9.017679214477539,6.977828025817871,-2.0233006477355957,5.420398235321045,1.6508169174194336,-2.35300612449646,3.193639039993286,73.27458190917969,32.472198486328125,30.22738265991211,17.64071273803711,15.183268547058105,16.558494567871094,12.782742500305176,8.97818660736084,10.221084594726562,8.536065101623535,10.436589241027832,8.286211967468262,7.62291955947876,blues,blues.00089.wav
143.5546875,1613.4333911575961,883.9160266156665,1972.2597417173224,494.7803074205373,3470.72901297649,1899.939300528872,0.058235853449109906,0.051831560614346975,-177.4873504638672,115.33374786376953,9.963013648986816,54.056209564208984,7.6156206130981445,28.31572914123535,-9.070212364196777,20.058439254760742,-15.045547485351562,6.222492694854736,-5.688931465148926,1.3798959255218506,-5.843506813049316,67.07093811035156,37.21586608886719,26.12153434753418,17.910526275634766,18.185302734375,13.456534385681152,13.473355293273926,10.587956428527832,12.274003982543945,10.365342140197754,10.4555082321167,11.614005088806152,9.204333305358887,blues,blues.00090.wav
63.02400914634146,991.1502533354555,645.0953038761002,1396.26195423809,512.2539079034731,1943.2882492018189,1509.6491652922746,0.03605269204721362,0.025550895040477653,-236.3834686279297,161.69500732421875,-1.153334617614746,27.288705825805664,9.581351280212402,20.61904525756836,0.2341277003288269,13.796686172485352,-0.500919759273529,10.185429573059082,-4.454618453979492,5.5080885887146,-3.716721773147583,88.13067626953125,33.300689697265625,24.679094314575195,10.782705307006836,18.239789962768555,9.509773254394531,8.966526985168457,10.203105926513672,9.497827529907227,9.086421012878418,9.252585411071777,7.57769250869751,7.573741912841797,blues,blues.00091.wav
83.35433467741936,918.3602069536548,723.3183974582857,1436.665224399481,438.53516467127565,1601.531982421875,1512.6972956557938,0.03231802075270898,0.040018074399715234,-332.3079833984375,128.0807647705078,28.82521629333496,41.8360595703125,31.234668731689453,23.358219146728516,5.7872233390808105,8.99620246887207,-3.8611278533935547,3.739000082015991,-0.8690583109855652,-0.43693074584007263,1.4746559858322144,85.37590789794922,31.08049964904785,34.43956756591797,17.433765411376953,15.133577346801758,12.64189624786377,13.675535202026367,12.18983268737793,13.55909538269043,9.787618637084961,9.528159141540527,9.091466903686523,9.604796409606934,blues,blues.00092.wav
58.72691761363637,570.1506880585581,323.96241828615723,995.0934725815811,290.6163624117266,928.8527166880322,707.1282770342528,0.021700549051857584,0.010841269236589356,-350.35888671875,169.54632568359375,31.780231475830078,16.713754653930664,28.661758422851562,19.24909019470215,7.846699237823486,10.039793968200684,4.742694854736328,2.9156229496002197,3.8965418338775635,1.8103498220443726,-5.970981121063232,51.56181716918945,24.95469093322754,17.79957389831543,14.616209030151367,13.723822593688965,8.287094116210938,6.374340057373047,6.054205417633057,6.377669334411621,6.054455757141113,6.825385570526123,6.509947299957275,5.958396911621094,blues,blues.00093.wav
103.359375,1239.6879986706629,726.0330036195406,1659.9856287006844,482.5483475056082,2519.0431010243324,1681.0021073537857,0.05090785543246904,0.05006302719109203,-206.28115844726562,126.62033081054688,10.590662956237793,43.215721130371094,12.49489974975586,19.413660049438477,0.35196805000305176,12.730944633483887,-4.579289436340332,4.058012008666992,-4.409212589263916,3.6634230613708496,-1.4560472965240479,82.48454284667969,33.28310012817383,27.636924743652344,15.045785903930664,15.180598258972168,16.07459831237793,11.680646896362305,8.761750221252441,8.604238510131836,7.754782676696777,9.720791816711426,7.69132137298584,8.62025260925293,blues,blues.00094.wav
135.99917763157896,1388.4454872380973,713.9715802786624,1772.8422645104079,405.9957942552598,2754.6166765431503,1470.3694163962273,0.05714742465654025,0.03646380337623106,-130.58152770996094,139.9748992919922,-1.2707358598709106,39.3104248046875,-6.353665351867676,19.76784324645996,-11.213424682617188,27.24368667602539,-16.5345401763916,7.021878719329834,-1.2004069089889526,1.6136364936828613,-6.629040718078613,48.02711486816406,30.95206642150879,23.148618698120117,13.146506309509277,15.927644729614258,12.07694149017334,10.47679328918457,11.2363862991333,10.235743522644043,10.047184944152832,8.44050121307373,12.147370338439941,7.951197624206543,blues,blues.00095.wav
143.5546875,1132.5184226709684,565.038821104931,1582.765487529276,389.2939338204865,2066.2458390274282,1318.522722872366,0.048313766810178016,0.035586509338210115,-314.5821838378906,139.91444396972656,11.862516403198242,30.10210609436035,-7.539035320281982,14.907038688659668,-2.680899143218994,6.701543807983398,-6.395508766174316,2.8176138401031494,-11.70648193359375,2.063027858734131,-11.438628196716309,72.68252563476562,26.088716506958008,22.968612670898438,22.09231948852539,16.273744583129883,14.649306297302246,13.201308250427246,10.708954811096191,11.547962188720703,9.282434463500977,11.822609901428223,12.140294075012207,9.241156578063965,blues,blues.00096.wav
117.45383522727273,1236.606352338598,650.358980664079,1602.3014812209667,543.7336158280916,2604.350918512964,1577.3285117298888,0.04462595842202012,0.02762114643140287,-148.647705078125,145.73776245117188,-9.363346099853516,48.451446533203125,10.543868064880371,18.014604568481445,-2.634578227996826,16.95808219909668,-11.506823539733887,8.73170280456543,-8.173254013061523,3.2235360145568848,-0.6797586679458618,64.46083068847656,37.000648498535156,15.679682731628418,12.652112007141113,14.846220970153809,12.77534008026123,12.224071502685547,8.754294395446777,9.62756061553955,12.553565979003906,8.131361961364746,10.160661697387695,8.357706069946289,blues,blues.00097.wav
123.046875,2310.1410834053418,437.55192505019187,2206.528237593985,249.5899255320981,4829.08746583543,786.6746121574206,0.12842590520994582,0.04932760182122961,-90.70722198486328,100.10759735107422,-23.924427032470703,52.58830642700195,-20.928014755249023,31.502182006835938,-11.213112831115723,20.094327926635742,-10.915236473083496,17.563922882080078,-14.097335815429688,12.994507789611816,-11.420426368713379,50.8874626159668,17.289400100708008,21.23343276977539,10.972282409667969,10.467510223388672,7.834750652313232,10.637998580932617,8.808732986450195,7.052038192749023,7.106717586517334,8.294134140014648,7.716904163360596,7.801314830780029,blues,blues.00098.wav
92.28515625,1538.9317922233738,474.55032508109394,1703.6876933572128,323.0818410075394,3175.4391318873354,1018.3339471000355,0.07479924535603716,0.04088683757691164,-177.19161987304688,136.21420288085938,-26.91071319580078,36.372779846191406,-18.75942611694336,20.905872344970703,-1.7765746116638184,3.015932559967041,-5.599410057067871,5.6345953941345215,-8.114802360534668,5.645383834838867,-10.786548614501953,98.49409484863281,23.372310638427734,40.330902099609375,15.483190536499023,15.718419075012207,10.391337394714355,10.530780792236328,11.23685359954834,8.414759635925293,8.733500480651855,8.746944427490234,8.932865142822266,7.880280494689941,blues,blues.00099.wav
95.703125,1505.3776997189866,210.79378588180998,1559.0859496035287,209.0163857278772,2717.316902089783,546.7603168228101,0.09824505974264706,0.02075780454020311,-268.1800231933594,135.68788146972656,-34.07107162475586,25.634862899780273,-12.97032356262207,17.894695281982422,-9.997608184814453,5.629223346710205,-14.14646053314209,7.497625827789307,-3.970524787902832,8.258684158325195,-1.3527369499206543,42.3260612487793,13.746671676635742,15.20807933807373,13.003158569335938,8.441545486450195,8.631766319274902,10.719670295715332,8.11622428894043,8.68678092956543,13.317961692810059,10.330751419067383,8.953237533569336,12.42566967010498,classical,classical.00000.wav
112.34714673913044,1360.5964481029573,248.57274460968426,1441.3899483512648,180.1956895108071,2387.9772268950755,608.09330733818,0.0877715781008127,0.025097354349719755,-324.0919494628906,133.59413146972656,-25.021385192871094,24.567686080932617,-11.939837455749512,17.66022491455078,-5.5225830078125,1.7202383279800415,-10.571335792541504,-0.8508676886558533,-7.797244071960449,3.5256078243255615,5.0467987060546875,31.29701805114746,18.2757625579834,13.666777610778809,12.311087608337402,11.408029556274414,11.808229446411133,11.080172538757324,9.070555686950684,8.759957313537598,9.067232131958008,9.916813850402832,10.849770545959473,13.891959190368652,classical,classical.00001.wav
99.38401442307692,1490.0147947114058,197.4005302966415,1599.8034153175129,176.6604619652684,2784.9498264560757,524.2525589690716,0.09004972003192724,0.019882246955559853,-235.30642700195312,141.13674926757812,-34.679046630859375,30.997169494628906,-16.40024185180664,23.120685577392578,-11.043703079223633,7.6586432456970215,-19.01723861694336,4.236545562744141,-11.835343360900879,8.918065071105957,-1.4424690008163452,29.23925018310547,14.06095027923584,12.312653541564941,11.630316734313965,7.131290435791016,9.044733047485352,8.903121948242188,7.696314811706543,7.127016544342041,8.816368103027344,7.750391960144043,8.216316223144531,9.979613304138184,classical,classical.00002.wav
71.77734375,1526.560670734666,302.35521198744584,1499.533730708084,245.4223719116364,2915.6907025505516,706.9115397268462,0.10895172213622291,0.034075797115662526,-326.8998718261719,127.39418029785156,-30.584468841552734,37.47574996948242,-5.291165828704834,20.806989669799805,-1.7857136726379395,-4.6031646728515625,-4.048745155334473,5.238034725189209,-0.6428717970848083,2.800863027572632,7.245894908905029,56.56696319580078,17.6058349609375,21.508079528808594,11.289447784423828,11.450201034545898,10.804710388183594,8.526098251342773,10.011734962463379,9.644607543945312,8.5912446975708,11.207619667053223,13.159927368164062,12.289751052856445,classical,classical.00003.wav
161.4990234375,1705.7324266471087,261.06667781777855,1646.2565077961121,160.90475723300054,3176.230793766931,576.7221606352588,0.1128666644494969,0.028899650496700978,-259.9622802734375,118.93238067626953,-35.606529235839844,31.99001693725586,-16.535491943359375,10.620697975158691,-15.655911445617676,7.442337512969971,-5.810464382171631,8.26894760131836,-18.01859474182129,-1.199492335319519,-6.346673011779785,23.69776153564453,14.849672317504883,11.943906784057617,7.980729103088379,8.70619010925293,7.6514458656311035,7.512692451477051,10.422863006591797,9.81906795501709,9.840424537658691,13.549738883972168,12.694869995117188,10.21375846862793,classical,classical.00004.wav
143.5546875,1431.542306293269,271.7511838947148,1558.4876922187395,197.78386696881077,2836.7578465133997,551.9697299823162,0.07523877406636997,0.024844285684220285,-264.27740478515625,138.1509246826172,-30.101551055908203,37.82422637939453,-7.180178165435791,6.782935619354248,-11.818900108337402,4.712040901184082,-9.843632698059082,5.863747596740723,-9.573777198791504,2.6703953742980957,-4.796442031860352,85.867431640625,17.895750045776367,12.157341957092285,13.346635818481445,9.769983291625977,10.405701637268066,8.587263107299805,9.036574363708496,7.9227752685546875,9.674312591552734,7.4373779296875,9.264122009277344,8.497777938842773,classical,classical.00005.wav
99.38401442307692,1372.8214993768145,265.288146082964,1579.2639771327893,173.42544262814198,2738.0917764669603,562.011394486981,0.07292321739551083,0.02705190660333267,-295.7435302734375,134.53831481933594,-22.44930648803711,40.759246826171875,-5.875979900360107,9.276347160339355,-11.87594223022461,6.294928550720215,-8.86693000793457,4.406289100646973,-9.378152847290039,4.061379909515381,1.6256827116012573,63.19993591308594,17.551807403564453,12.662532806396484,9.2525053024292,10.863662719726562,8.346094131469727,9.250022888183594,9.253325462341309,7.55565881729126,8.757280349731445,10.260676383972168,9.103245735168457,9.695208549499512,classical,classical.00006.wav
215.33203125,1358.926260249797,360.8738840922913,1516.129630615493,219.3573204767039,2668.167199291312,718.4123615773287,0.07314694998065016,0.03391140494662343,-286.86822509765625,135.91835021972656,-24.436616897583008,36.661170959472656,-6.245214462280273,6.962934494018555,-8.168272018432617,3.844066619873047,-4.398345470428467,6.432785511016846,-4.1305766105651855,1.5490412712097168,-4.352837562561035,88.5875473022461,23.042640686035156,22.8973331451416,11.946353912353516,12.452685356140137,8.431546211242676,10.28665542602539,12.468167304992676,9.340666770935059,10.229387283325195,9.077362060546875,9.648564338684082,8.300475120544434,classical,classical.00007.wav
135.99917763157896,1516.6480402419818,283.62841905057803,1629.285125800053,189.93508834691252,2974.0070165864454,555.3143361351715,0.07878788336880804,0.02557607948866742,-292.1529235839844,127.76366424560547,-29.90902328491211,37.44208526611328,-9.556901931762695,5.113048553466797,-13.823928833007812,7.031728267669678,-7.032632350921631,6.492002487182617,-9.904400825500488,4.713663101196289,0.37483158707618713,69.75790405273438,15.905086517333984,14.21649169921875,9.265356063842773,10.604202270507812,8.800891876220703,9.1927490234375,7.842540740966797,9.681705474853516,9.856846809387207,10.938634872436523,11.077510833740234,12.841081619262695,classical,classical.00008.wav
234.90767045454547,1216.426225125279,348.01560233746665,1582.7629083386116,269.86829619498303,2560.8928479646383,831.9792159064397,0.05627025686919505,0.027762706946011736,-356.1439514160156,139.79286193847656,-6.286765098571777,43.18829345703125,-8.879337310791016,11.050313949584961,-8.393051147460938,4.418519973754883,-8.283711433410645,8.682831764221191,-8.135774612426758,3.4271080493927,-1.4406311511993408,71.71113586425781,24.39646339416504,14.90613842010498,8.685847282409668,10.998919486999512,7.990543365478516,8.400579452514648,7.451310157775879,9.167978286743164,7.686220645904541,7.696804046630859,7.932157039642334,8.996912956237793,classical,classical.00009.wav
103.359375,1497.076295694056,285.8733750039139,1570.274127936252,212.42297456054035,2868.049323964783,587.590732497675,0.08621640987809598,0.029107090512313603,-315.0445251464844,128.7392578125,-28.93490982055664,30.839513778686523,-8.996638298034668,7.990107536315918,-9.846988677978516,1.4414119720458984,-8.973623275756836,6.04984188079834,-3.320935010910034,7.609508037567139,3.7989611625671387,78.82072448730469,16.097043991088867,22.695783615112305,10.947213172912598,12.096294403076172,11.710890769958496,9.603297233581543,11.591943740844727,10.938057899475098,9.71845817565918,12.785850524902344,12.583312034606934,12.01180648803711,classical,classical.00010.wav
151.99908088235293,949.3765619854879,282.03179641613417,1112.0248096618204,248.94323462589242,1695.8730786208398,643.1465484973977,0.06072601223877709,0.019843547732726317,-385.265869140625,177.27786254882812,-9.337662696838379,24.373218536376953,5.805440902709961,-4.5630621910095215,-6.3569488525390625,-6.957894325256348,-4.127427577972412,3.858067274093628,-0.35820192098617554,-0.9461219310760498,-3.670559883117676,39.1724853515625,25.786624908447266,13.589923858642578,11.953420639038086,8.020295143127441,8.732190132141113,7.164453983306885,7.138526439666748,7.490602016448975,9.853987693786621,10.492356300354004,7.15941858291626,9.661243438720703,classical,classical.00011.wav
95.703125,1179.9891396444557,351.40865389390973,1332.024770424303,250.54111373691904,2154.0036417013353,739.8409855586402,0.06593875471652477,0.027186188756531535,-362.7138671875,143.93861389160156,-18.981813430786133,30.657846450805664,1.0281466245651245,0.2848452031612396,-7.989743709564209,-3.8509774208068848,-8.944669723510742,3.249770164489746,-4.45463752746582,3.649625062942505,4.933547019958496,88.1220932006836,36.03944778442383,22.635032653808594,10.200481414794922,10.773711204528809,8.611799240112305,9.424715042114258,7.456153392791748,10.81266975402832,9.823795318603516,14.177531242370605,16.002214431762695,14.886146545410156,classical,classical.00012.wav
129.19921875,1388.2456582676334,466.537619089863,1456.5571823960315,298.0764660889051,2599.025950712316,869.543030976253,0.08088953354779412,0.031747940722815046,-343.13555908203125,140.08688354492188,-20.911033630371094,32.332191467285156,-3.686810255050659,2.9435577392578125,-10.669529914855957,0.3191030025482178,-5.784346103668213,7.688079833984375,-3.677107334136963,2.5538179874420166,-3.498067617416382,99.4501953125,40.621456146240234,20.275577545166016,11.329876899719238,12.380882263183594,10.628594398498535,9.321343421936035,10.300848007202148,12.295125007629395,13.070616722106934,13.349732398986816,10.936505317687988,10.391634941101074,classical,classical.00013.wav
143.5546875,1279.5500532331514,313.7587308611754,1370.4138585933788,220.92385140398764,2389.4272181271767,621.2570220899805,0.0684731309258901,0.0223558617453509,-324.63909912109375,147.82701110839844,-31.937816619873047,27.408855438232422,-4.508828163146973,-4.165104389190674,-12.588298797607422,-5.1182966232299805,-7.741826057434082,0.8432943820953369,-8.19558334350586,-0.8224470019340515,1.004500150680542,74.36831665039062,26.29622459411621,16.722747802734375,8.532541275024414,12.112239837646484,9.524630546569824,9.479639053344727,8.35867977142334,8.170491218566895,8.812715530395508,8.075335502624512,9.972502708435059,12.254137992858887,classical,classical.00014.wav
83.35433467741936,1371.6170328582264,333.8912855213226,1562.0159889035801,251.68543595029684,2619.859158070095,783.579353360144,0.07575237640286378,0.025247409742965982,-449.5143737792969,124.9736099243164,-19.919233322143555,27.45220947265625,-5.775595188140869,2.22729754447937,-6.552791595458984,10.601104736328125,3.3547377586364746,14.393793106079102,1.9887378215789795,5.250283718109131,4.426794528961182,69.12053680419922,33.46620178222656,13.81891918182373,14.403324127197266,9.883561134338379,5.811452388763428,8.896440505981445,11.754776000976562,16.405454635620117,14.76377010345459,17.82721519470215,14.197623252868652,11.980621337890625,classical,classical.00015.wav
99.38401442307692,1054.4585145386827,296.69483037621933,1455.4498536124795,222.01759168267535,1947.2048921850812,741.8915276736233,0.04766448880127709,0.02051896438803482,-482.6763610839844,154.86114501953125,-5.025981903076172,29.7376708984375,-1.868744134902954,8.22309684753418,-4.765954494476318,9.646514892578125,-3.3353898525238037,4.532223701477051,-10.103473663330078,-0.6667128801345825,-2.4448437690734863,69.16207885742188,15.831604957580566,15.611144065856934,6.940351963043213,12.503119468688965,6.264188289642334,8.782181739807129,7.783006191253662,10.779233932495117,8.903474807739258,11.398710250854492,8.559820175170898,8.532630920410156,classical,classical.00016.wav
89.10290948275862,1358.9070916597766,284.8635515532871,1417.5458835574248,284.4011250494888,2418.1770442809116,698.6711069107322,0.08111553369291796,0.01683376921716943,-311.51123046875,148.661376953125,-33.50911331176758,10.361734390258789,-12.907805442810059,1.232577919960022,-12.908660888671875,0.8045731782913208,-9.738698959350586,2.068979501724243,-5.106062889099121,6.744292736053467,4.615777015686035,103.45421600341797,28.461759567260742,15.009830474853516,21.193954467773438,11.600201606750488,11.270030975341797,9.983524322509766,7.327365875244141,8.951146125793457,10.575189590454102,12.095537185668945,11.589385986328125,13.83096981048584,classical,classical.00017.wav
161.4990234375,1158.0012026973075,433.41540416572366,1320.9789237314496,385.9200128115209,2182.0034723901895,964.0384525099945,0.07066888484423374,0.028722749285277,-405.68310546875,145.6948699951172,-0.8267255425453186,23.06764793395996,9.225309371948242,-2.6439385414123535,-5.7504730224609375,-2.091925621032715,-0.6470630764961243,6.7592291831970215,2.807607650756836,2.446449041366577,5.084671974182129,69.43644714355469,43.21150207519531,21.309505462646484,14.250133514404297,9.4481201171875,8.458722114562988,8.398377418518066,12.754157066345215,10.331218719482422,9.74364948272705,11.338133811950684,12.085509300231934,10.421929359436035,classical,classical.00018.wav
95.703125,1184.5272815945475,427.01187874035253,1524.9012907885733,288.98743132622894,2289.252823868034,906.7354699337623,0.057591488486842105,0.03283759873780107,-475.8676452636719,141.53086853027344,-8.475214004516602,33.9920654296875,0.5255780816078186,6.034852981567383,0.027931425720453262,9.537156105041504,2.1625168323516846,7.082098484039307,-8.048425674438477,-0.10827343910932541,0.7882739305496216,76.26588439941406,35.07636260986328,21.723936080932617,8.135857582092285,12.311651229858398,6.169825553894043,9.52092170715332,14.577666282653809,11.58169937133789,11.328316688537598,12.625850677490234,10.901156425476074,13.100597381591797,classical,classical.00019.wav
143.5546875,1218.4372978528554,325.77606034719287,1353.7509040158095,280.9265364918065,2295.311120567676,684.9864910773482,0.0698128809500774,0.022786719160019932,-300.94049072265625,161.0862579345703,-24.240718841552734,27.966188430786133,-2.862255334854126,2.387561798095703,-11.273426055908203,0.22528113424777985,-6.841876983642578,6.094607353210449,-8.138311386108398,-1.8053258657455444,-4.110150337219238,73.23441314697266,30.167476654052734,17.789514541625977,12.662731170654297,11.39075756072998,8.519021034240723,9.19810962677002,9.271485328674316,8.38987922668457,8.755846977233887,10.722331047058105,11.296333312988281,11.159517288208008,classical,classical.00020.wav
135.99917763157896,1371.3696318927568,328.8508256381223,1440.9709987339681,280.15395747869934,2570.159458597378,730.4832401423996,0.07956679022349071,0.02358068311481835,-278.2295227050781,147.87562561035156,-31.567955017089844,20.352279663085938,-9.582643508911133,-6.244678974151611,-13.601203918457031,-0.6661552786827087,-7.27447509765625,1.0198700428009033,-11.7584810256958,-0.9619851112365723,-2.216409206390381,97.17176055908203,26.14560890197754,13.86690902709961,11.468008041381836,10.40839958190918,12.933868408203125,10.576282501220703,10.89278793334961,8.767230987548828,10.433296203613281,9.209607124328613,8.602914810180664,11.893468856811523,classical,classical.00021.wav
107.666015625,1211.2151185706325,237.6698223994307,1367.1077107608928,236.57830003290127,2237.4698036595396,556.1358440663652,0.06844629813273993,0.019861194716400292,-278.7824401855469,160.0192413330078,-28.39898109436035,23.062633514404297,-2.6952755451202393,3.009983777999878,-11.293975830078125,-0.5086696147918701,-11.364047050476074,3.173475503921509,-5.1071953773498535,4.339189052581787,-4.070891380310059,98.63414764404297,21.534770965576172,20.81770896911621,11.795048713684082,13.96142864227295,7.698495388031006,9.379416465759277,7.2544379234313965,9.342339515686035,6.769911766052246,9.78935718536377,8.474869728088379,8.018080711364746,classical,classical.00022.wav
95.703125,983.7618406456091,216.91170786306432,1404.1321893997351,156.64202596276715,1852.522131385449,541.0915657450415,0.044227245791408666,0.01860499920108992,-406.9654235839844,163.13946533203125,-2.4138152599334717,32.45665740966797,7.907837867736816,9.677142143249512,-5.489042282104492,9.523496627807617,-3.1028213500976562,10.209687232971191,-10.385391235351562,-5.386708736419678,-8.08006477355957,57.571083068847656,14.830392837524414,20.33570098876953,9.261006355285645,9.788002014160156,7.743164539337158,8.692644119262695,6.080557346343994,6.098313808441162,7.132479667663574,9.625157356262207,9.294524192810059,9.332828521728516,classical,classical.00023.wav
151.99908088235293,1253.1322234388265,240.80885651875533,1371.33660933005,216.4204051508635,2293.0278010412635,526.6830070388905,0.07164771490421827,0.01783729838692586,-223.17724609375,163.24624633789062,-34.41622543334961,24.187868118286133,-10.304306983947754,3.2287347316741943,-12.88459300994873,0.8050692081451416,-14.284255027770996,1.6726216077804565,-10.143485069274902,0.24415677785873413,-4.54510498046875,44.22641372680664,17.95701789855957,7.768888473510742,7.982314586639404,9.194963455200195,8.435914039611816,7.6105055809021,8.649627685546875,7.9948320388793945,9.227997779846191,7.932738780975342,8.944719314575195,8.256413459777832,classical,classical.00024.wav
129.19921875,1184.0658218421831,232.7815987294623,1304.6126692322398,179.28729584931267,2139.1537314967104,449.6421613234719,0.068293993687113,0.01962350056743968,-221.283447265625,173.33663940429688,-37.45654296875,24.36245346069336,-8.687613487243652,3.385791778564453,-12.841176986694336,1.0815359354019165,-15.328134536743164,0.4232371747493744,-9.623608589172363,2.292809247970581,-4.4855637550354,29.68291473388672,19.587770462036133,8.998147010803223,6.0446457862854,6.822717666625977,7.179189205169678,6.198567867279053,6.649534225463867,7.48602294921875,8.160199165344238,8.153928756713867,8.81217098236084,7.98990535736084,classical,classical.00025.wav
161.4990234375,1278.574558748878,259.36629765563447,1311.8194362471925,231.36169678407262,2233.2198293585525,578.6704298649663,0.08174818292859908,0.020760958224874865,-319.3323669433594,143.66473388671875,-31.164365768432617,10.908863067626953,-5.553890228271484,-4.265030860900879,-8.952561378479004,-5.583489894866943,-8.020538330078125,2.3426132202148438,-4.477271556854248,-0.31978708505630493,0.9748613834381104,97.26001739501953,26.08313751220703,22.293245315551758,19.36110496520996,12.30908203125,11.208622932434082,7.496965408325195,10.867023468017578,9.449689865112305,9.986214637756348,11.186441421508789,9.35350513458252,8.886359214782715,classical,classical.00026.wav
135.99917763157896,901.7856877463795,165.5821813848802,1171.7473217395366,162.05666989653335,1456.6161920411669,358.664726630129,0.05344941224845201,0.016686287337482238,-366.25018310546875,181.59939575195312,-5.526270389556885,27.008371353149414,-4.832132339477539,4.610715389251709,-10.542601585388184,0.16762113571166992,-11.139511108398438,3.584805965423584,-10.332783699035645,-1.0784337520599365,-4.5973076820373535,63.74678421020508,12.104140281677246,17.974042892456055,9.428390502929688,11.003344535827637,9.588155746459961,7.115431308746338,6.919239044189453,9.728757858276367,7.097358703613281,7.953588962554932,9.426802635192871,9.791808128356934,classical,classical.00027.wav
161.4990234375,1313.7853629984959,377.3277156305676,1371.0449454528034,303.0767314922397,2397.4188364696206,761.4307643326928,0.08109777113970588,0.026372057899122735,-228.95733642578125,153.97128295898438,-30.685277938842773,20.812599182128906,-6.080230236053467,1.1724141836166382,-10.788690567016602,-3.8824687004089355,-11.589583396911621,0.8821475505828857,-8.279236793518066,-0.7267746329307556,-3.1044507026672363,56.02126693725586,30.00583267211914,17.450265884399414,11.434199333190918,12.162863731384277,8.84266471862793,10.451924324035645,10.123510360717773,7.879634380340576,8.91988468170166,9.892704010009766,7.956346035003662,10.223055839538574,classical,classical.00028.wav
135.99917763157896,1558.898531652357,428.58577668850035,1578.5925974537613,262.84429829869117,2922.2156630950076,813.5381150881905,0.09221523981714397,0.03377849208937967,-297.24658203125,130.2744140625,-30.589977264404297,27.486968994140625,-7.05499267578125,1.9900561571121216,-11.125770568847656,4.752086162567139,-8.77153491973877,5.415232181549072,-5.375332832336426,4.464271545410156,1.7346497774124146,113.73656463623047,39.470130920410156,18.207555770874023,9.135746955871582,13.620755195617676,11.285406112670898,10.388919830322266,8.38534927368164,12.096818923950195,10.344419479370117,15.567999839782715,12.727703094482422,13.581857681274414,classical,classical.00029.wav
117.45383522727273,1243.720620928661,359.31982183057045,1358.6088246693332,240.30938173813632,2353.2857700029026,698.7859047702765,0.06372448239164087,0.029303900200503653,-315.6780700683594,149.6684112548828,-30.594989776611328,23.221498489379883,-8.69983196258545,-10.104395866394043,-15.733573913574219,-4.047280788421631,-7.652163028717041,0.046231769025325775,-11.14389705657959,-7.670450210571289,-5.870634078979492,62.75063705444336,22.512964248657227,20.661766052246094,7.515122890472412,15.194666862487793,7.372256755828857,9.323766708374023,8.529318809509277,9.84949016571045,8.562348365783691,7.305596351623535,8.478269577026367,7.959646701812744,classical,classical.00030.wav
112.34714673913044,822.4267361319853,261.0264942817495,1135.925475390758,258.3197640867675,1434.199660924197,622.4557253506229,0.03945743336397059,0.01674844738108833,-374.00750732421875,172.44232177734375,6.4029860496521,20.150894165039062,5.85180139541626,1.5909552574157715,-6.710564136505127,-1.1913427114486694,-0.2905022203922272,0.33312535285949707,-6.551819801330566,-7.30025053024292,-7.328371524810791,76.01885223388672,23.2193660736084,25.447521209716797,12.064784049987793,16.452577590942383,9.8136625289917,8.617877006530762,8.731193542480469,9.518671035766602,8.863994598388672,8.39721965789795,7.834809303283691,8.536195755004883,classical,classical.00031.wav
103.359375,792.835553815877,122.45874764722852,1205.092938566625,154.86719040707013,1207.3843657785894,319.8806721218103,0.03658178937693499,0.00790711298731181,-498.6087341308594,177.5231170654297,11.209715843200684,27.63433074951172,-2.8418262004852295,5.090956211090088,-6.604384899139404,-1.0570542812347412,-4.14449405670166,-3.0533735752105713,-9.909939765930176,-8.573807716369629,-9.189355850219727,42.52042007446289,11.80126667022705,10.041284561157227,6.966095447540283,8.16880989074707,6.353526592254639,8.108809471130371,6.113101005554199,7.3173980712890625,6.237638473510742,6.577808856964111,5.666009902954102,5.672811031341553,classical,classical.00032.wav
95.703125,1128.3232351038566,353.4159121050584,1375.9555481090667,287.0510829826349,2165.7952370658377,797.168170539471,0.05439309512867647,0.026061950193007825,-429.1031494140625,120.74545288085938,-1.6823533773422241,17.948558807373047,7.733590602874756,-2.0437235832214355,-3.941744089126587,-2.5360469818115234,-0.5834435820579529,-0.7965371608734131,-9.05119800567627,-3.689939022064209,-0.9829521179199219,85.57512664794922,38.13243103027344,26.294857025146484,8.515739440917969,12.704639434814453,8.286892890930176,10.767313003540039,9.085038185119629,7.642754554748535,7.482352256774902,9.067344665527344,10.347820281982422,13.519078254699707,classical,classical.00033.wav
123.046875,1369.6932279666041,417.0255351034384,1465.917051580696,223.89394082055958,2655.325610275977,739.0680647502878,0.07356796028444272,0.03843068134215851,-309.2428283691406,138.64112854003906,-29.713258743286133,33.6187858581543,-0.3782573640346527,5.243738651275635,-6.33231258392334,3.280733108520508,-6.714090824127197,-0.6922032237052917,-13.243885040283203,-8.528504371643066,-9.668246269226074,67.83445739746094,31.242216110229492,17.578784942626953,9.51519775390625,12.401484489440918,8.120954513549805,8.758801460266113,9.035629272460938,13.190251350402832,10.695897102355957,9.561955451965332,11.850834846496582,11.074915885925293,classical,classical.00034.wav
151.99908088235293,1016.4245653368089,514.3906805345878,1152.1288725873783,325.89513754517975,1823.9389708905767,968.4573217691483,0.06115495900251548,0.04509209441692387,-319.7822265625,165.987548828125,-11.918571472167969,27.24034309387207,7.843559741973877,1.7273006439208984,-7.8498430252075195,-2.4120852947235107,-2.9088757038116455,-2.53113055229187,-11.365740776062012,-4.613610744476318,-4.487358570098877,75.2149429321289,31.605148315429688,33.4439697265625,13.255021095275879,14.696087837219238,8.75528621673584,10.277400970458984,7.696459770202637,9.182564735412598,8.312676429748535,7.290683746337891,10.35894775390625,9.024871826171875,classical,classical.00035.wav
107.666015625,1281.8143785370296,549.7314682383555,1502.891671249433,365.3572648673142,2440.3352436266446,1242.0561679321002,0.059410449521091334,0.03403219520639835,-419.2631530761719,127.44508361816406,-3.7823565006256104,23.20021629333496,-4.334699630737305,4.030427932739258,-8.209102630615234,-7.618860721588135,-7.075688362121582,-2.9239513874053955,-7.409897804260254,-5.437335968017578,-9.099494934082031,62.92173385620117,38.12815856933594,17.608491897583008,12.667865753173828,15.820027351379395,11.094921112060547,12.717284202575684,6.744512557983398,8.374415397644043,6.524456977844238,7.68444299697876,6.996785640716553,7.1695332527160645,classical,classical.00036.wav
161.4990234375,1534.2936138496057,432.9136369364544,1465.0945248545156,235.41868450580685,2838.866167098007,741.4885175235808,0.09395219076528638,0.041684950558959065,-275.3759765625,125.30792999267578,-41.05128860473633,24.607311248779297,-4.788928508758545,-4.253849029541016,-15.021034240722656,-5.0450921058654785,-5.001837253570557,2.47305965423584,-10.89470100402832,-8.017638206481934,-5.166378498077393,75.78277587890625,31.91333770751953,22.574434280395508,11.121089935302734,15.463168144226074,9.648923873901367,12.600725173950195,9.09521484375,10.508977890014648,10.025824546813965,7.282058238983154,8.803115844726562,10.476263999938965,classical,classical.00037.wav
151.99908088235293,1279.1711367505459,303.7388831371497,1338.798092648235,222.01556098306847,2377.393957557324,596.323693958244,0.07583589819562693,0.027410949495412788,-276.0390319824219,146.35081481933594,-36.59162139892578,24.200796127319336,-2.5551605224609375,-2.1697466373443604,-13.303984642028809,-6.504971027374268,-9.398983001708984,-3.12747859954834,-11.537067413330078,-4.187116622924805,-1.6895955801010132,81.12983703613281,22.071636199951172,19.410446166992188,16.05877685546875,12.85519027709961,9.42829418182373,9.734208106994629,8.914924621582031,8.494043350219727,7.779223918914795,8.17574405670166,7.932521820068359,10.408102989196777,classical,classical.00038.wav
161.4990234375,1633.409673177342,419.6947498130137,1734.7827973318551,284.42768234540273,3161.49754952351,938.1993401173291,0.10895928066950464,0.04868762034542661,-409.5344543457031,116.80004119873047,-16.16423225402832,11.717684745788574,0.7060146927833557,6.006948947906494,-4.27445650100708,0.49547669291496277,0.43389034271240234,12.597705841064453,-1.1140984296798706,-1.1403234004974365,4.957851886749268,83.79934692382812,25.370046615600586,18.903772354125977,11.234386444091797,16.457908630371094,10.68999195098877,13.270807266235352,9.488323211669922,12.619709968566895,13.211487770080566,10.04870319366455,11.841402053833008,12.600515365600586,classical,classical.00039.wav
107.666015625,1396.6924270627298,295.2573149663004,1525.255382611543,259.3793401321198,2652.8339586759867,695.8411401442927,0.0726431737374226,0.024683341343449048,-358.65673828125,129.0874786376953,-30.397640228271484,19.889530181884766,-10.386380195617676,-0.6520450115203857,-10.61114501953125,1.5420540571212769,-3.975386381149292,1.8689039945602417,-8.833539962768555,-7.167654514312744,-8.21275806427002,75.19103240966797,26.66257095336914,25.43528938293457,11.00007438659668,14.371384620666504,9.954700469970703,11.260002136230469,8.145607948303223,11.13129711151123,8.565055847167969,8.706562995910645,7.808078765869141,8.140320777893066,classical,classical.00040.wav
123.046875,1329.2649559947513,331.4873352767407,1415.4533805033204,202.12642987529355,2462.0767788252224,605.6506452258146,0.07881698372194272,0.03388347577314894,-368.4659423828125,124.2659912109375,-31.582448959350586,17.601762771606445,2.322930335998535,-5.949597358703613,-11.807772636413574,-5.547481060028076,-5.4078874588012695,-1.3051713705062866,-8.4271821975708,-3.613823890686035,2.206169366836548,72.15291595458984,21.629175186157227,20.65251350402832,13.373006820678711,13.160085678100586,9.190217018127441,14.900532722473145,11.172136306762695,11.906998634338379,6.199676990509033,7.711831569671631,11.45871353149414,14.411744117736816,classical,classical.00041.wav
198.76802884615384,1327.3486451321814,190.00540445900003,1326.8652104399382,185.2863116368049,2172.5785293815306,413.7550622099973,0.09385279605263158,0.01677223465770365,-160.3394317626953,164.12074279785156,-48.875038146972656,1.5913547277450562,-7.591043949127197,-2.6314709186553955,-11.077547073364258,-7.027632713317871,-8.120848655700684,1.231188178062439,-5.4963483810424805,-4.2221760749816895,-5.458137035369873,49.43498992919922,22.041996002197266,13.550400733947754,10.599275588989258,9.999975204467773,5.784885406494141,5.689655303955078,6.08801794052124,6.327908515930176,6.593555927276611,7.132787227630615,6.7803635597229,7.732041358947754,classical,classical.00042.wav
129.19921875,1063.472218094083,346.25638226495386,1552.579922603203,405.3651187423079,1611.1902573529412,1051.9943054536234,0.051040885618227554,0.015022984776564684,-249.5494384765625,161.568359375,10.129533767700195,-3.0705642700195312,-0.5965175628662109,-2.0836586952209473,-12.1917724609375,-8.601490020751953,-14.638914108276367,-12.049384117126465,-12.30034065246582,-7.174556732177734,-7.891678810119629,60.32469940185547,23.971860885620117,26.695524215698242,12.868138313293457,8.815237998962402,7.239954471588135,7.8038330078125,7.625510215759277,6.826169013977051,7.329704761505127,6.743351936340332,7.681367874145508,6.591017246246338,classical,classical.00043.wav
80.74951171875,1181.5125561645536,338.8891921092046,1412.1789063254485,311.41771388625114,2032.8127078596654,754.756606326859,0.07170553768382353,0.023317832895559783,-402.2223205566406,154.00491333007812,-15.21134090423584,15.294041633605957,-3.0777785778045654,-3.1944375038146973,-9.778081893920898,-17.31020736694336,-12.306560516357422,-7.914642333984375,-7.08275842666626,-0.28117215633392334,1.5458186864852905,53.86961364746094,35.924163818359375,17.9235782623291,14.164407730102539,11.807538032531738,11.682124137878418,12.952622413635254,12.160234451293945,11.657649993896484,13.179389953613281,11.217358589172363,11.540145874023438,11.036702156066895,classical,classical.00044.wav
184.5703125,1175.9242233254756,158.62869142800406,1502.8373915929649,175.79446221003136,1901.2301701879353,316.61890614323363,0.0622955416747291,0.01595353380720437,-170.8865966796875,157.0391387939453,-21.966075897216797,5.244653701782227,-4.092411994934082,-3.6912691593170166,-8.810494422912598,-4.857596397399902,-7.874581813812256,-5.411010265350342,-9.373977661132812,-6.623612880706787,-7.811285972595215,40.53914260864258,15.83095645904541,12.566793441772461,13.700550079345703,10.543253898620605,8.863887786865234,9.324373245239258,9.313516616821289,10.202620506286621,9.78480339050293,11.033792495727539,9.379202842712402,9.54101276397705,classical,classical.00045.wav
129.19921875,1878.7740300458224,292.8625081241966,1965.0287149176995,230.78355661203827,3634.0696919444176,684.9376592806194,0.11161308170472137,0.024523604342587654,-85.2649917602539,118.42305755615234,-31.47277069091797,20.282014846801758,-4.4177093505859375,6.922597408294678,-10.950942039489746,-1.6200851202011108,-7.367900848388672,-3.0172998905181885,-4.437200546264648,-1.4064465761184692,-4.246368885040283,23.495532989501953,19.340320587158203,8.538050651550293,6.206902980804443,7.177977085113525,6.532241344451904,5.563885688781738,5.13870096206665,5.21524715423584,6.808186054229736,5.303768157958984,6.64655065536499,6.011072635650635,classical,classical.00046.wav
123.046875,1173.9310654516082,154.1681107547047,1517.8561599088844,125.41336128584499,2083.120736987229,395.3899375004881,0.06632537369388544,0.02050126321870578,-436.84234619140625,154.1132049560547,-19.859338760375977,20.183603286743164,3.1647443771362305,0.4463924169540405,-6.530638694763184,-4.603338241577148,-10.056252479553223,-6.153286933898926,-4.52944278717041,-2.7835943698883057,-5.235320091247559,61.47122573852539,12.862138748168945,13.250343322753906,12.203993797302246,9.853063583374023,8.435409545898438,6.73192024230957,5.977683067321777,7.657986164093018,8.138779640197754,8.229689598083496,7.565028667449951,7.6555070877075195,classical,classical.00047.wav
172.265625,1516.0858565701667,741.4495359555699,1642.8335042267165,516.658984670165,2771.5582407664956,1581.8773318771566,0.087271581124226,0.04285851887226305,-123.7633056640625,148.4300079345703,-21.551395416259766,17.444747924804688,-1.4088040590286255,4.178294658660889,-6.990444660186768,-5.103336334228516,-5.795700550079346,5.063121318817139,-6.247765064239502,-1.9818286895751953,-0.96844083070755,93.70572662353516,50.09779357910156,20.534021377563477,14.92601490020752,10.790069580078125,10.603056907653809,6.640412330627441,7.828106880187988,8.725031852722168,7.46403694152832,6.257082939147949,7.119670867919922,7.337266445159912,classical,classical.00048.wav
103.359375,2224.8938399288413,581.4579951465357,2274.325029414401,319.6861715080932,4467.456319236165,1274.59223572557,0.10944642813951239,0.034268275734998674,-98.35357666015625,98.35549926757812,-20.49053192138672,18.82003402709961,-2.095781087875366,2.665036916732788,-7.311517238616943,-3.590113639831543,-7.989523887634277,-1.9183743000030518,-4.731997013092041,0.6237758994102478,-2.5930845737457275,58.76277542114258,23.708696365356445,11.123619079589844,11.126567840576172,7.019292831420898,5.511250972747803,6.156050682067871,5.338572025299072,5.832286357879639,6.70001745223999,7.774080276489258,6.05097770690918,6.295280456542969,classical,classical.00049.wav
107.666015625,1170.1422672261847,220.5842733661566,1595.6359965659155,229.6935974576805,2360.427393485149,487.7458802548013,0.049492898002128485,0.014757405439662058,-449.6217956542969,151.5031280517578,-12.74668025970459,44.270389556884766,6.244759559631348,4.053897857666016,-1.4805392026901245,-1.624076008796692,-2.486776828765869,-4.28238582611084,-9.653202056884766,-1.3421049118041992,0.14638365805149078,67.8820571899414,21.33365249633789,11.529977798461914,6.742249011993408,6.1938371658325195,4.562885761260986,5.538679122924805,6.128331661224365,5.407415390014648,4.387183666229248,4.676156520843506,5.030031204223633,6.9201226234436035,classical,classical.00050.wav
135.99917763157896,1527.645526264714,482.0758212352385,2079.667989385167,442.93162013164726,3220.8305240784634,1235.0591897737131,0.06010507872968266,0.04002613091891299,-230.27236938476562,119.15338134765625,-1.0512226819992065,28.38448715209961,10.008779525756836,16.125822067260742,4.793945789337158,6.192378520965576,0.9515958428382874,5.915186882019043,-1.1755236387252808,3.5739166736602783,-2.09965443611145,168.08978271484375,33.985755920410156,32.913143157958984,9.796866416931152,11.764701843261719,8.610857963562012,8.146454811096191,6.004945278167725,5.83386754989624,6.395124435424805,7.4410200119018555,6.33303165435791,6.271151542663574,classical,classical.00051.wav
161.4990234375,2411.9327529379098,649.0895646716789,2436.324834166332,446.7857665205746,4994.561465236794,1484.226326582936,0.12697013169988391,0.04829672070558114,-186.42808532714844,86.65457153320312,-15.711971282958984,14.741791725158691,-2.215897798538208,6.271489143371582,-0.8879222869873047,0.6650469303131104,-6.088321685791016,-5.213674068450928,-7.865933418273926,-1.7187316417694092,-4.704501628875732,97.6783676147461,30.49473762512207,24.351680755615234,10.513692855834961,9.936601638793945,10.112262725830078,6.292511463165283,7.085171222686768,10.959651947021484,13.525153160095215,12.478253364562988,9.298866271972656,10.111992835998535,classical,classical.00052.wav
215.33203125,1465.595382672086,341.42284973894107,1554.8186019545137,308.3245468378736,2749.3833748548764,764.4637144303014,0.0879189694998065,0.023161765649490348,-119.30437469482422,149.57778930664062,-43.31768035888672,24.636247634887695,-5.6093878746032715,10.784379005432129,-2.8926939964294434,0.7833024263381958,-6.545638561248779,4.3880391120910645,-1.2940493822097778,1.360091209411621,-1.0813606977462769,69.17157745361328,30.344839096069336,15.380595207214355,11.208683967590332,10.697909355163574,7.976640701293945,8.324080467224121,6.416740894317627,6.798346519470215,5.9120917320251465,6.2541656494140625,6.54152250289917,5.514501571655273,classical,classical.00053.wav
95.703125,1712.466255822982,331.59479339003,1607.5252142235886,222.75058787556324,2833.499532882643,633.7709386120484,0.11627820844620743,0.037706937818910005,-106.22087860107422,127.37078094482422,-45.2861328125,31.2772159576416,4.305440902709961,-5.068432331085205,-16.129375457763672,14.690695762634277,-7.912097454071045,-1.2216625213623047,2.9819393157958984,17.464767456054688,-4.0720086097717285,60.3068733215332,27.17829704284668,16.46364974975586,12.553714752197266,20.884368896484375,10.76638412475586,15.847610473632812,17.376440048217773,11.694709777832031,16.7534236907959,18.008573532104492,17.25335121154785,16.215316772460938,classical,classical.00054.wav
78.30255681818181,1079.9035739320498,382.2602507167906,1389.265570149217,424.7485596424717,1764.9809940680632,838.9628303367709,0.059341288941563465,0.022818711278692897,-484.0267028808594,144.12991333007812,1.39647376537323,8.075531005859375,4.933926105499268,-2.3170042037963867,-2.746943712234497,-6.84481143951416,-10.147136688232422,-8.056599617004395,-7.151670455932617,-10.563925743103027,-7.7874321937561035,67.17221069335938,40.28453826904297,21.887590408325195,11.581208229064941,10.759542465209961,7.502871990203857,6.861934185028076,6.562997341156006,7.649590492248535,8.592765808105469,7.745554447174072,8.140018463134766,10.739890098571777,classical,classical.00055.wav
95.703125,1680.101088819283,306.6915082171124,1706.9703104342384,230.3214942909421,3077.8397220576144,608.6366387180494,0.09672579455301858,0.02628483352505931,-81.13433074951172,129.09852600097656,-42.534828186035156,33.17631149291992,5.66361665725708,-6.402249813079834,-2.261098861694336,7.373443603515625,-18.71800994873047,2.4979705810546875,3.7862801551818848,1.9323545694351196,-10.066779136657715,52.1185188293457,19.350820541381836,11.768620491027832,10.785626411437988,10.065049171447754,9.877771377563477,9.73952579498291,9.345614433288574,8.042648315429688,6.683277606964111,8.56894588470459,6.91207218170166,7.679319858551025,classical,classical.00056.wav
107.666015625,1751.7302668488421,623.2305550134545,1930.4928791166583,426.6465856884296,3236.6554283874325,1427.3778536012207,0.09525792738970588,0.04080153757116091,-367.15606689453125,112.80696105957031,-18.74736785888672,10.16273021697998,-1.6047247648239136,3.8029539585113525,0.9223540425300598,5.067148685455322,-5.372570514678955,-9.522553443908691,-8.495644569396973,-1.7838282585144043,1.2991317510604858,94.20730590820312,37.93873977661133,19.76681137084961,15.139976501464844,9.945834159851074,8.345478057861328,8.432385444641113,9.078248023986816,13.131613731384277,12.84586238861084,9.464929580688477,10.102590560913086,13.36096477508545,classical,classical.00057.wav
143.5546875,1137.9529528789749,183.55103393997462,1480.584417430825,252.0302677213133,1821.2139873681792,469.4563219368383,0.08186836360777863,0.02628212605128485,-349.95245361328125,161.8511199951172,-3.3711888790130615,14.167043685913086,5.733972072601318,3.5160558223724365,2.9774911403656006,-7.090641975402832,-7.917532444000244,-0.3646009564399719,2.849557876586914,-2.481045722961426,-6.791949272155762,41.93540573120117,18.33833885192871,16.414098739624023,8.70903205871582,7.5046281814575195,7.559432029724121,7.545317649841309,8.539814949035645,9.78661060333252,12.83028507232666,10.136750221252441,9.863011360168457,11.943970680236816,classical,classical.00058.wav
117.45383522727273,1551.8652270368914,350.7138232804614,1651.7061355226538,263.11247859702445,2841.9578150699012,661.5827509183385,0.09329951141640867,0.03014453469291171,-197.15272521972656,137.3531036376953,-34.18893051147461,25.36216163635254,-5.266597270965576,-2.777787923812866,-9.506929397583008,-7.609987258911133,-7.6446852684021,-5.667839527130127,-4.386776447296143,-5.430217266082764,-3.5417912006378174,75.0091323852539,24.6260929107666,20.408998489379883,9.278474807739258,6.783510684967041,6.565134048461914,6.02324104309082,6.285130023956299,6.96697998046875,6.499182224273682,7.23615837097168,7.1180853843688965,6.918943881988525,classical,classical.00059.wav
123.046875,1803.525958968436,418.47961876831687,1898.0267311684952,354.2085521928877,3366.3129776993032,930.0928984146143,0.10401637782991487,0.03171899577332348,-166.43154907226562,122.13554382324219,-32.10679244995117,16.685277938842773,-5.400679588317871,-2.4871230125427246,-9.832805633544922,-4.900509357452393,-6.974421977996826,-4.571056842803955,-6.66841459274292,-5.497281551361084,-5.372569561004639,57.20640182495117,26.367719650268555,14.952005386352539,7.714169025421143,6.566861629486084,6.609677791595459,5.5066304206848145,5.586820125579834,6.23978853225708,6.642787933349609,7.401411533355713,6.049907684326172,6.478448867797852,classical,classical.00060.wav
151.99908088235293,1322.6998486991345,458.9607680657917,1591.2842180370199,457.6126892363544,2474.968367538216,1143.1499219376196,0.07612614587364551,0.027809245768006655,-274.3863830566406,148.3533935546875,-20.334354400634766,21.812437057495117,7.930837154388428,3.775937080383301,-2.232816219329834,-6.101349353790283,-5.629293918609619,-6.689497947692871,-5.906604766845703,-4.594999313354492,-1.5465238094329834,85.82856750488281,26.26361656188965,24.899845123291016,9.672348022460938,13.7861909866333,10.110923767089844,7.241384029388428,8.354998588562012,7.014981269836426,7.377463340759277,8.618488311767578,9.376487731933594,9.193401336669922,classical,classical.00061.wav
89.10290948275862,1474.8137600109778,668.0644773330388,1813.3646552075554,514.9681571272532,2809.8330093242066,1636.5689218836008,0.07404603751451239,0.03514638407929262,-305.422607421875,135.92340087890625,-11.75271224975586,18.21502113342285,10.389049530029297,3.0129587650299072,-5.5959153175354,0.14172540605068207,-1.3495618104934692,-1.867753267288208,-3.205263614654541,-6.7425217628479,-2.694417715072632,139.76177978515625,32.48661804199219,21.47177505493164,10.405195236206055,12.172966003417969,7.847431182861328,9.335309028625488,6.607743263244629,7.308969020843506,5.795376777648926,7.0717644691467285,6.724313735961914,7.745543003082275,classical,classical.00062.wav
95.703125,690.354003458877,89.2063502868016,1358.3864436297902,279.2519333363355,749.5288010352167,121.68623280578541,0.036054203753869966,0.0066329535752611924,-465.86431884765625,180.2053985595703,56.636234283447266,11.02556037902832,5.844780445098877,0.7319183349609375,-3.974208116531372,-5.88804817199707,-8.464273452758789,-9.792966842651367,-7.692700386047363,-3.253418445587158,-1.8652483224868774,38.54915237426758,20.84851837158203,17.960189819335938,11.725822448730469,6.995511054992676,6.953659534454346,6.63114070892334,6.582176685333252,6.545192718505859,6.445011615753174,7.047359466552734,6.7252936363220215,7.139606952667236,classical,classical.00063.wav
89.10290948275862,1118.5116673005261,308.13886508439464,1945.0334998903515,567.2109308150236,1876.2136547927148,1363.871165980991,0.04229906395123839,0.012412360354917716,-498.68023681640625,145.6677703857422,46.470741271972656,15.253131866455078,3.0677740573883057,-0.8257452249526978,-5.210668087005615,-6.198704719543457,-3.8057751655578613,0.08864203840494156,2.7183187007904053,2.218207359313965,0.24392743408679962,67.73988342285156,30.07611846923828,28.604969024658203,15.244344711303711,9.662044525146484,9.284137725830078,9.019143104553223,7.913224697113037,8.626588821411133,10.265798568725586,9.32981014251709,7.650921821594238,8.678638458251953,classical,classical.00064.wav
123.046875,828.825494001674,121.64715859045253,1326.0473265268795,334.29670364324636,1013.5772043706463,274.85492534245793,0.047511806428986066,0.014663807634009174,-421.71588134765625,172.79299926757812,28.108295440673828,-2.576975107192993,-3.5656778812408447,-4.865173816680908,-8.889883995056152,-10.696762084960938,-7.6852006912231445,-7.957630634307861,-7.334867000579834,-2.717174768447876,-0.9175329208374023,69.63502502441406,25.069345474243164,32.159942626953125,13.275837898254395,10.817614555358887,9.681495666503906,10.359530448913574,10.928993225097656,10.23421859741211,10.010066032409668,11.270849227905273,13.523866653442383,12.840618133544922,classical,classical.00065.wav
135.99917763157896,795.1394730921776,186.36987820328966,1296.1593175882567,351.98821422992546,1007.5022411051181,497.8865489310672,0.04503222958591331,0.009674421185234575,-429.3504333496094,175.13577270507812,31.911319732666016,4.282115459442139,1.0457515716552734,-5.7668776512146,-9.477815628051758,-11.283073425292969,-10.58198070526123,-8.66474723815918,-6.333889484405518,-1.6819392442703247,0.8189264535903931,64.98822021484375,29.929533004760742,27.663726806640625,12.217207908630371,9.727638244628906,8.19885540008545,8.138006210327148,8.841018676757812,7.98496150970459,8.534218788146973,10.334399223327637,11.005221366882324,11.698724746704102,classical,classical.00066.wav
143.5546875,1117.9494607534948,675.7249815154298,1702.2297462979457,760.0087138472364,1993.387946255805,2045.8663162714845,0.046355350836880804,0.01652557912855383,-413.571533203125,143.42080688476562,31.35431671142578,14.031841278076172,1.5281579494476318,-2.2939951419830322,-6.480335712432861,-8.104997634887695,-5.927911281585693,-4.468453884124756,-2.789930582046509,-0.8148750066757202,-1.2128331661224365,107.40965270996094,47.851200103759766,37.34423828125,13.529726028442383,12.927327156066895,9.753758430480957,10.406726837158203,10.825285911560059,8.587626457214355,8.60844612121582,7.9320244789123535,7.211981296539307,8.468843460083008,classical,classical.00067.wav
83.35433467741936,1559.8986812117996,234.31515895873875,1616.1274908762382,215.4309472462911,2812.9663237108166,490.97952882192897,0.09520237217008513,0.01843989100138561,-234.41783142089844,130.2551727294922,-39.53114700317383,19.33563804626465,-6.793274879455566,-5.130112648010254,-3.7073676586151123,-4.036016464233398,-5.0718770027160645,-1.3683322668075562,-7.735770225524902,-4.382000923156738,0.46520543098449707,63.37788009643555,16.013744354248047,11.088760375976562,7.827437400817871,8.212187767028809,6.282903671264648,7.026741981506348,8.486809730529785,10.53606128692627,6.500589370727539,8.486791610717773,9.135135650634766,9.690948486328125,classical,classical.00068.wav
69.83741554054055,1349.5963387962488,203.77122345460705,1523.0865015769245,186.45370103990766,2443.718556501548,399.5778295376946,0.079280321812113,0.020982316154346026,-321.17950439453125,136.29669189453125,-28.29936408996582,31.011459350585938,0.5664154887199402,0.23202671110630035,0.6554856300354004,-1.3426684141159058,-0.05769699439406395,-0.4247514605522156,-6.180905342102051,-0.14451801776885986,-0.45611703395843506,41.99681091308594,16.868377685546875,14.048755645751953,10.074851989746094,7.3672332763671875,8.38408088684082,7.349368095397949,6.840330123901367,6.92060661315918,7.8381524085998535,8.201573371887207,8.476526260375977,9.671109199523926,classical,classical.00069.wav
161.4990234375,1355.999780696475,298.01405109594117,1615.8946768160638,271.7605035904826,2522.8430780463914,612.9043866417256,0.07085595854295666,0.023769307352814645,-321.192626953125,134.5342559814453,-18.235279083251953,22.179880142211914,0.4295409619808197,-3.805614948272705,0.49535301327705383,-1.1447423696517944,-1.9025485515594482,-0.10540185868740082,-2.7555181980133057,0.5932069420814514,2.4970192909240723,84.75477600097656,23.95471954345703,18.50882339477539,9.200347900390625,9.115321159362793,7.343724727630615,7.006906986236572,7.380882263183594,8.687013626098633,9.05372142791748,8.149285316467285,10.283617973327637,8.88876724243164,classical,classical.00070.wav
143.5546875,1396.7861186062223,270.31471985197777,1574.0882214689257,222.977012121375,2615.034187246033,522.1648479117981,0.07585706208881579,0.023570522487004263,-269.6988220214844,136.47506713867188,-25.001760482788086,26.395002365112305,0.6870048642158508,-5.381706237792969,-1.1201947927474976,-1.5102574825286865,-0.16106204688549042,-3.7851600646972656,-9.28721809387207,-3.148440361022949,1.6416064500808716,70.45670318603516,20.194089889526367,14.961592674255371,8.970952033996582,8.381132125854492,5.480290412902832,7.18062686920166,10.072043418884277,9.60315990447998,8.028974533081055,9.034709930419922,9.718039512634277,9.790772438049316,classical,classical.00071.wav
117.45383522727273,1285.1523138296154,358.7152698774204,1660.0260788422988,268.34589240306605,2477.143354386368,680.3022716832585,0.06374980347813468,0.028602283440733588,-360.8370361328125,138.98072814941406,-12.931410789489746,33.80207061767578,7.593800067901611,-1.7090734243392944,1.035847544670105,4.076970100402832,3.931011438369751,0.9335501790046692,0.5041115880012512,4.6821160316467285,3.3401989936828613,82.25546264648438,28.99398422241211,14.175500869750977,9.102296829223633,7.564068794250488,5.945145130157471,6.1315836906433105,5.780922889709473,7.383304595947266,9.922815322875977,13.258035659790039,12.894903182983398,8.769201278686523,classical,classical.00072.wav
129.19921875,1211.352791907563,323.9495737065201,1337.8952917810325,303.2322923858384,2104.7456062246033,667.846613746307,0.07093910240905572,0.022189483476095694,-306.7855529785156,152.90353393554688,-27.58682632446289,16.31919288635254,-3.1550989151000977,-8.931758880615234,-5.431834697723389,-9.781289100646973,-7.1121745109558105,0.29346582293510437,0.8718292117118835,5.4160614013671875,8.19581413269043,75.52226257324219,25.93236541748047,18.66331672668457,15.203080177307129,13.280631065368652,10.224152565002441,8.641579627990723,9.315449714660645,8.618426322937012,7.973286151885986,11.993124961853027,14.103358268737793,13.199362754821777,classical,classical.00073.wav
161.4990234375,1360.0001055902917,296.75287431380366,1572.5229886349002,241.56144700597025,2568.7761336288218,598.7363445864434,0.07211672189434984,0.022112688936024073,-289.8247985839844,143.9031524658203,-26.996417999267578,24.06761932373047,-1.1449987888336182,-6.298981189727783,-2.7494168281555176,-3.5280802249908447,-3.0203988552093506,-3.1464948654174805,-7.256324768066406,-1.677802562713623,3.0785980224609375,84.77154541015625,21.011960983276367,11.4940185546875,8.367142677307129,8.0507230758667,8.293493270874023,6.32014274597168,6.1720452308654785,8.153153419494629,7.581167697906494,6.841816425323486,7.396493434906006,8.472771644592285,classical,classical.00074.wav
117.45383522727273,1171.8444805151357,284.7026601446971,1467.2055609007757,195.97901892267438,2235.9864792956655,568.2076223314386,0.0608847414376935,0.025786267477004098,-412.9592590332031,138.51983642578125,-19.26238250732422,34.14667892456055,8.975064277648926,-4.294471263885498,4.152583122253418,0.8819503784179688,3.079378843307495,0.12249623239040375,-4.05718469619751,3.7797231674194336,5.917003631591797,61.39418029785156,28.279605865478516,16.35191535949707,8.58056354522705,9.024974822998047,6.002459526062012,7.503427982330322,7.605231285095215,7.072004318237305,8.500024795532227,11.207878112792969,11.098069190979004,12.63553524017334,classical,classical.00075.wav
172.265625,1340.368610909044,267.5069757604034,1539.119153209518,223.1665562919339,2522.134748996227,509.11250892056313,0.07171347414376934,0.022655462261553693,-238.5963134765625,149.7830810546875,-28.87213897705078,28.239665985107422,-0.8014046549797058,-3.924771547317505,-2.1356680393218994,-4.334019184112549,-4.187280654907227,-3.438997983932495,-5.771543025970459,-0.12075097113847733,2.519979476928711,73.95067596435547,23.749902725219727,13.24953842163086,8.886808395385742,8.031622886657715,5.454052448272705,5.73799991607666,5.411198139190674,5.732674598693848,5.875284194946289,7.347482681274414,9.174288749694824,9.930977821350098,classical,classical.00076.wav
161.4990234375,811.9966754623425,224.49742408834263,1009.4095310881751,272.8306690212622,1236.3091908741292,513.292641837291,0.04834475679663313,0.015943550691569632,-477.97784423828125,155.3107147216797,12.760652542114258,5.525207042694092,2.377073049545288,-10.652257919311523,-16.64824104309082,-12.547406196594238,-11.19011116027832,-9.378249168395996,-3.2180299758911133,-2.7673490047454834,-6.468446254730225,92.71363067626953,38.828704833984375,28.30200958251953,15.163919448852539,9.798439025878906,10.863764762878418,9.100838661193848,10.276102066040039,13.140334129333496,11.487207412719727,8.131528854370117,10.945720672607422,9.5056734085083,classical,classical.00077.wav
67.99958881578948,715.4772961169846,209.58523667028138,1030.6024311736348,282.8501822665215,1037.702058490954,553.0597138999855,0.04129340109810371,0.010510062190732826,-552.1063232421875,173.3629608154297,26.354450225830078,14.122475624084473,7.259275913238525,-7.0849690437316895,-5.859200954437256,-10.342716217041016,-11.022790908813477,-9.200838088989258,-8.827268600463867,-4.930299758911133,-3.654700517654419,40.582542419433594,25.859636306762695,14.174654960632324,8.451181411743164,6.800320625305176,7.440609931945801,7.516487121582031,5.99113655090332,7.743523597717285,7.339289665222168,8.623215675354004,10.006457328796387,7.913647651672363,classical,classical.00078.wav
143.5546875,790.4782247441923,180.00795431633944,899.9797791776182,209.76648737003984,1159.4013225921537,377.8450163725778,0.05211230771091331,0.019085273800894753,-437.52520751953125,170.97140502929688,7.386170864105225,-3.1087050437927246,0.7773014903068542,-11.135055541992188,-12.523804664611816,-6.9009270668029785,-5.850052356719971,-8.455719947814941,-8.472509384155273,-8.329373359680176,-7.373799800872803,63.85527038574219,28.695240020751953,25.68337631225586,11.24557876586914,11.724910736083984,11.463841438293457,11.065163612365723,10.545816421508789,13.924882888793945,11.24871826171875,12.618785858154297,14.729174613952637,11.227195739746094,classical,classical.00079.wav
143.5546875,973.5547961720958,307.0071678528797,1617.4354313658503,455.3998610414725,1911.3134425491003,1025.5866701468772,0.031537602191369966,0.01124487629262521,-549.623779296875,156.952880859375,6.6107096672058105,34.415283203125,13.258631706237793,5.755012035369873,5.051405429840088,-3.0009751319885254,2.0665762424468994,3.077338457107544,2.016796350479126,3.2401437759399414,5.666261196136475,87.91724395751953,39.01180648803711,23.34687614440918,8.65794849395752,8.03795337677002,8.443401336669922,9.024744987487793,8.612783432006836,7.313865661621094,5.532987117767334,6.553430557250977,5.530004024505615,4.157429218292236,classical,classical.00080.wav
151.99908088235293,1214.3345474841144,288.5132907355163,1540.2928528467166,234.12379556293246,2164.4285786631676,565.1323409327065,0.06055896865325077,0.020827313620755298,-374.7354431152344,153.8209228515625,-21.555330276489258,20.8302059173584,7.00356912612915,-3.9481635093688965,-2.521589756011963,-2.8035054206848145,-4.2827653884887695,-4.499873638153076,-5.7614006996154785,-4.25962495803833,-3.843543291091919,55.63727951049805,24.244441986083984,15.040616989135742,9.685559272766113,8.237531661987305,8.29517936706543,10.1054105758667,7.826411724090576,8.202737808227539,7.69132137298584,7.016578197479248,5.964801788330078,6.98228120803833,classical,classical.00081.wav
117.45383522727273,1415.311188046843,344.8888845649872,1449.1088964498642,256.2122918383716,2489.984943401703,658.9583469513763,0.08737929022349071,0.03117456608626121,-264.05682373046875,142.12020874023438,-51.3542594909668,5.018921852111816,-20.266204833984375,-17.137805938720703,-16.06991958618164,-20.31136703491211,-15.042227745056152,-9.73814582824707,-8.40202808380127,-11.775307655334473,-6.880457401275635,54.07283020019531,33.107913970947266,18.642967224121094,10.889715194702148,11.308122634887695,9.643684387207031,9.636475563049316,9.018206596374512,10.283143043518066,8.267568588256836,8.286581039428711,10.985541343688965,8.924460411071777,classical,classical.00082.wav
117.45383522727273,853.4404819807542,146.23212975721793,998.6102747134514,168.0897983414921,1401.899856236697,314.5131794091794,0.05079296572658669,0.01080585346299701,-338.78729248046875,190.1043701171875,-16.3048152923584,3.704448938369751,-0.44790393114089966,-8.884472846984863,-10.400300979614258,-16.366039276123047,-13.285848617553711,-10.799825668334961,-8.649679183959961,-8.285074234008789,-4.618802547454834,61.95249938964844,21.263166427612305,26.06070899963379,11.9495267868042,9.71122932434082,7.042629718780518,6.159958362579346,7.34136438369751,6.036080837249756,7.401782035827637,6.801905632019043,7.484938621520996,6.435271739959717,classical,classical.00083.wav
112.34714673913044,1002.3644432557223,158.78139731884477,1152.462681781211,154.7170020441443,1733.6895166166796,312.4731904126374,0.05794825125773994,0.013362718269365801,-369.1368713378906,171.89466857910156,-27.269670486450195,6.017667293548584,-0.14046475291252136,-10.66923713684082,-11.915658950805664,-10.193318367004395,-11.368732452392578,-10.511279106140137,-8.3776216506958,-9.789240837097168,-5.0547614097595215,76.08087158203125,15.063886642456055,24.041046142578125,13.19088077545166,16.66758918762207,10.711250305175781,8.756397247314453,6.862617492675781,7.803772926330566,6.6364946365356445,6.039825439453125,6.4139227867126465,6.736259460449219,classical,classical.00084.wav
107.666015625,1525.6012665401886,459.9420139320247,1588.1610240876316,446.5086577911954,2732.8751413445725,982.7080859487011,0.09158788155476007,0.029153492452047302,-246.21836853027344,149.44387817382812,-41.97381591796875,11.60641098022461,-10.287586212158203,-4.018404483795166,-7.138945579528809,-10.1370267868042,-9.425965309143066,-7.176623344421387,-3.1531362533569336,-5.6295013427734375,-2.581601142883301,76.47038269042969,38.459651947021484,15.513177871704102,9.869555473327637,7.8205342292785645,7.559494495391846,6.770273208618164,8.250061988830566,7.97050666809082,7.856440544128418,8.821146965026855,7.8303070068359375,9.699262619018555,classical,classical.00085.wav
99.38401442307692,1356.517262209537,469.8985898212608,1495.192128266221,406.93243286408244,2496.8682351127127,1026.9516681001223,0.07686121323529412,0.0317573257761655,-283.4352111816406,159.55325317382812,-29.518972396850586,18.540626525878906,-9.879668235778809,-3.4205968379974365,-10.990983009338379,-9.784339904785156,-8.296977043151855,-4.242829322814941,-2.8664071559906006,-5.969814777374268,-4.0209269523620605,73.45308685302734,35.88231658935547,12.832715034484863,10.050240516662598,10.603727340698242,7.196112155914307,6.643123149871826,6.582974433898926,5.965739727020264,6.578064918518066,7.347480297088623,7.87333345413208,7.906170845031738,classical,classical.00086.wav
123.046875,876.9626952356676,180.58755942797632,1108.6920910513295,230.50019603310903,1457.2911879595588,449.8466324004567,0.051046554518188854,0.012577643145683451,-393.0342102050781,190.77561950683594,-13.312166213989258,8.263633728027344,1.5518677234649658,-11.080791473388672,-11.244869232177734,-13.998270988464355,-10.620688438415527,-9.390382766723633,-4.6135573387146,-10.067734718322754,-4.815257549285889,71.15457153320312,19.565534591674805,24.273889541625977,8.78636646270752,8.160263061523438,7.3461480140686035,6.6264753341674805,5.855257511138916,6.976059436798096,6.483229637145996,7.214955806732178,7.640174865722656,7.225600242614746,classical,classical.00087.wav
103.359375,1302.9045959121115,253.7397279795054,1455.72172901185,221.75705908463044,2347.3024728497485,546.4622406837423,0.07053623258513932,0.019884481962873287,-299.79180908203125,157.32382202148438,-37.352020263671875,15.766813278198242,-5.7569355964660645,-4.454066276550293,-6.815181732177734,-10.736592292785645,-9.884847640991211,-8.15744400024414,-5.422234058380127,-7.840023517608643,-2.730618715286255,70.34012603759766,18.21405792236328,13.97519588470459,9.245680809020996,9.204129219055176,7.484884738922119,6.255723476409912,6.402839183807373,6.914866924285889,7.566147804260254,6.5054426193237305,7.18943977355957,6.566412448883057,classical,classical.00088.wav
99.38401442307692,2423.3992282999484,344.9004033719593,1884.7467025103783,141.52479038405207,4296.815684410071,612.1713859716259,0.16668644482875386,0.033537387128836645,-301.928466796875,57.542442321777344,-59.133270263671875,33.54234313964844,-20.912109375,17.741281509399414,-0.6430504322052002,49.02375411987305,19.130111694335938,27.0985050201416,-17.633901596069336,-0.26254943013191223,-3.7518343925476074,51.17983627319336,28.631820678710938,15.927582740783691,9.061071395874023,8.502182960510254,9.223945617675781,13.949976921081543,19.628746032714844,15.403300285339355,18.811925888061523,24.3016357421875,15.81277084350586,17.016658782958984,classical,classical.00089.wav
95.703125,2172.514738800756,364.63691918121316,1883.3803923812784,204.45715301561447,4066.9587409902283,712.7733869127588,0.151986231375774,0.044230951995267456,-326.3167419433594,85.90869903564453,-42.98692321777344,31.837812423706055,-19.5760555267334,9.992609024047852,-16.461275100708008,10.00037956237793,-8.599359512329102,25.513212203979492,6.538747310638428,16.400178909301758,3.5028579235076904,35.38276672363281,18.381860733032227,13.055635452270508,8.184839248657227,9.003849029541016,7.241083145141602,7.512918472290039,7.408610820770264,9.02634334564209,12.877058029174805,11.315484046936035,13.153949737548828,13.92041301727295,classical,classical.00090.wav
92.28515625,2192.7057790195913,359.15704985405466,1912.0379428207473,166.37960377517,4066.492077145414,624.4911835124846,0.1524378537393576,0.04550773734364496,-251.31829833984375,88.73774719238281,-41.75239944458008,37.90864562988281,-12.024271965026855,21.624099731445312,-5.853931427001953,25.719711303710938,-5.185972213745117,14.301179885864258,-7.5509514808654785,10.464780807495117,-4.928892135620117,56.75428771972656,15.145413398742676,12.02444076538086,8.11943244934082,10.604412078857422,8.932205200195312,11.354559898376465,11.523946762084961,14.603808403015137,14.415404319763184,15.601094245910645,14.756511688232422,15.330519676208496,classical,classical.00091.wav
95.703125,1807.4309138096596,471.12925996331154,1438.824668287954,226.3404781566344,3072.531420822852,801.0748092491094,0.13095801385932662,0.058120977988983774,-299.7126159667969,103.67623138427734,-27.657272338867188,51.02833557128906,12.27966022491455,16.5087833404541,-10.941352844238281,-0.8949336409568787,3.835167169570923,12.960476875305176,-12.398089408874512,2.464722156524658,5.178436279296875,72.4447021484375,25.634614944458008,16.98394203186035,10.46874713897705,12.138019561767578,8.342585563659668,9.778186798095703,11.2747802734375,17.852739334106445,14.653674125671387,18.614837646484375,16.311134338378906,15.228693962097168,classical,classical.00092.wav
135.99917763157896,1623.8299978978253,218.37615870272157,1551.4812346920512,281.0214580180065,2732.100146030863,542.6951616206267,0.10825822670762383,0.02937307446938279,-207.37747192382812,117.60778045654297,-41.40425491333008,13.253087043762207,-1.6882401704788208,15.532319068908691,-10.36276912689209,-1.8636897802352905,-12.762170791625977,7.0103325843811035,-0.7813688516616821,2.071812868118286,-8.2644681930542,40.86787796020508,14.58697509765625,23.380929946899414,12.473793029785156,8.32055950164795,10.327651023864746,12.659770965576172,11.902776718139648,9.802155494689941,11.319539070129395,14.487990379333496,12.653172492980957,13.632597923278809,classical,classical.00093.wav
184.5703125,1424.1018503760445,326.6031912827411,1697.0207079079732,221.53693097958117,2927.490631197997,700.4116306094677,0.07015490458107586,0.035126466239741146,-385.7943115234375,128.62301635742188,-26.73168182373047,39.48326110839844,-2.1734619140625,16.760435104370117,-5.734195709228516,14.72441577911377,-3.090663194656372,12.311254501342773,-5.892706871032715,2.7925820350646973,3.6800174713134766,96.80145263671875,20.199262619018555,21.29547119140625,10.791901588439941,13.165160179138184,7.792198181152344,11.290148735046387,8.477177619934082,11.14741039276123,9.033858299255371,10.035680770874023,9.646061897277832,10.75758171081543,classical,classical.00094.wav
86.1328125,1800.6383191622836,534.1424824512771,1780.9021871187188,250.89776785864316,3426.4376141338525,929.9601231527048,0.12435714674438854,0.06209782256970734,-422.6080322265625,89.84973907470703,-18.71620750427246,37.78641128540039,6.016749858856201,4.161733627319336,-1.9914648532867432,12.111291885375977,4.167896747589111,13.791265487670898,2.8296854496002197,5.886289119720459,6.122228145599365,82.79703521728516,31.839439392089844,20.931747436523438,10.435774803161621,11.800337791442871,8.914114952087402,10.302101135253906,11.105371475219727,11.37917423248291,12.198589324951172,9.19000244140625,10.29729175567627,15.750526428222656,classical,classical.00095.wav
135.99917763157896,1932.8371720042157,437.58337921322476,1740.233465348138,165.3355279324566,3573.161726913216,673.4319066179766,0.11752045339106038,0.04879891813490199,-203.619384765625,111.2059555053711,-51.53665542602539,39.48582458496094,-10.562026023864746,11.913712501525879,-13.181607246398926,15.123318672180176,-7.2916998863220215,13.37704849243164,-7.313064098358154,3.8404088020324707,-3.78200626373291,61.34740447998047,30.795970916748047,13.178932189941406,8.060453414916992,11.414155006408691,8.005151748657227,9.853264808654785,10.3826904296875,8.510109901428223,10.749892234802246,8.198439598083496,10.46749496459961,9.371238708496094,classical,classical.00096.wav
103.359375,1494.1405636701372,303.75550301848455,1670.8326004789872,177.98083682094443,2781.1748492828465,582.2992339686407,0.08592124915344428,0.03027926301088661,-280.7255859375,122.72235107421875,-14.398865699768066,26.855798721313477,1.3519738912582397,5.994227409362793,-13.104070663452148,3.3753621578216553,-11.554337501525879,5.1937947273254395,-1.0517688989639282,2.7634668350219727,0.06284414976835251,33.62071228027344,15.16601276397705,13.021530151367188,6.1278815269470215,7.929805755615234,7.094504356384277,8.200230598449707,10.409612655639648,8.949658393859863,8.494152069091797,12.099446296691895,11.401223182678223,11.082132339477539,classical,classical.00097.wav
184.5703125,1953.0123992184488,407.49527070568314,1865.851544296666,150.08550333496225,3780.5438062354874,668.6600544060751,0.1234924505369582,0.04701987067673277,-287.52099609375,101.73793029785156,-35.36899948120117,41.28276443481445,-12.745121955871582,17.284992218017578,-13.97829818725586,16.3118839263916,-5.59902811050415,13.66428279876709,-8.790592193603516,-0.05710594728589058,-13.769375801086426,70.55598449707031,17.46399688720703,14.58621597290039,7.487061977386475,11.320734024047852,7.3131184577941895,10.0233154296875,7.891557693481445,8.674407958984375,9.155722618103027,12.26619815826416,8.445247650146484,11.32856559753418,classical,classical.00098.wav
95.703125,1524.8987119782064,216.20703563987377,1868.928795561535,146.63702557765583,3325.1048935456174,588.980757478468,0.08068318558920279,0.020146421718844017,-378.73931884765625,126.49873352050781,-18.81513023376465,42.87580871582031,-14.30518913269043,25.342689514160156,-14.641030311584473,18.70429039001465,-10.188718795776367,21.108089447021484,4.437037467956543,18.22564697265625,-10.274280548095703,22.141857147216797,12.522014617919922,5.964447021484375,5.86021089553833,7.547573566436768,6.116112232208252,5.605243682861328,6.279304027557373,8.813629150390625,7.959448337554932,6.033568382263184,8.121745109558105,7.309118747711182,classical,classical.00099.wav
86.1328125,2797.969870734425,596.4098432711196,2847.657470456079,325.52673860951444,6220.629051373839,1342.276678105714,0.10713729622194272,0.0418871334059627,-23.184358596801758,70.25887298583984,3.818911075592041,28.329025268554688,13.764470100402832,5.72591495513916,3.9781453609466553,7.45155668258667,2.64951753616333,8.495177268981934,-2.2885162830352783,2.079876661300659,-3.378119707107544,31.8974666595459,18.445405960083008,15.374104499816895,11.645461082458496,10.54783821105957,10.374817848205566,9.273741722106934,7.9569926261901855,7.815952777862549,8.507210731506348,8.552543640136719,6.475435733795166,7.920274257659912,country,country.00000.wav
129.19921875,2937.8328051469803,319.0632742689593,2839.590747196393,202.51299980359968,6279.203697180969,791.5598281525666,0.12698751632643188,0.02962192975991973,-8.00119686126709,62.72800064086914,-1.4580804109573364,28.115848541259766,9.972362518310547,9.353734970092773,5.420156002044678,9.82502269744873,3.0283052921295166,8.42697811126709,0.31103765964508057,6.545156955718994,0.7390595078468323,18.987031936645508,9.6528902053833,12.17939567565918,7.792746543884277,8.579517364501953,10.32039737701416,7.039093494415283,7.302872180938721,7.797084808349609,7.404032230377197,6.952225685119629,6.171800136566162,5.572092056274414,country,country.00001.wav
83.35433467741936,2307.5397576425735,742.386669830266,2618.0952399297303,316.64432692311294,5187.343632842734,1330.6809821269019,0.0741337165005805,0.06309381282543829,-120.72672271728516,79.31613159179688,5.453444957733154,34.8121337890625,16.550336837768555,13.152538299560547,6.239587306976318,9.98454475402832,-1.9874377250671387,6.765197277069092,-6.290685176849365,0.27700409293174744,-6.701878547668457,41.06486892700195,21.180707931518555,18.73773765563965,13.703669548034668,10.002055168151855,9.18298625946045,8.110979080200195,7.417720794677734,9.606072425842285,7.8547563552856445,7.08290958404541,7.263344764709473,7.97790002822876,country,country.00002.wav
161.4990234375,2174.1604935047117,755.2893257198713,2281.058760714112,454.8307336912207,4348.07370779315,1605.685772698808,0.1025643835864938,0.04864669971210088,-57.759788513183594,95.7664794921875,-10.109318733215332,40.979637145996094,13.979035377502441,-0.9898582696914673,-0.18847127258777618,7.425077438354492,-3.6333374977111816,9.54513931274414,-2.9410643577575684,2.436251163482666,1.9947800636291504,36.5672721862793,28.702123641967773,20.3536319732666,13.900382041931152,11.55992603302002,13.093037605285645,10.344226837158203,10.045148849487305,10.178608894348145,8.977858543395996,8.638310432434082,8.950902938842773,7.299880027770996,country,country.00003.wav
117.45383522727273,2966.1571589936843,439.23134025151757,2848.1234947138532,272.94613389708184,6349.4199392596265,1086.0760457248387,0.12416100280572756,0.03553262765514058,-20.781349182128906,62.9504280090332,2.3044402599334717,30.773717880249023,6.973462104797363,6.50581169128418,6.323636531829834,9.873085975646973,3.4352967739105225,9.372201919555664,-0.40415799617767334,7.519415378570557,-0.9842737913131714,19.536479949951172,12.512723922729492,12.706579208374023,9.653580665588379,7.883638381958008,10.732003211975098,8.308581352233887,8.500849723815918,7.224203109741211,7.4369282722473145,7.239141941070557,6.460943222045898,6.592605113983154,country,country.00004.wav
129.19921875,2926.865766278933,526.894726488335,2736.268564740949,272.0208698640275,6172.429342830882,1082.0544533970278,0.13645079999516255,0.04738494265308824,-24.69242286682129,62.38838577270508,-7.768984794616699,28.530288696289062,10.947265625,5.609288692474365,0.032920874655246735,13.834209442138672,3.013730525970459,9.866081237792969,0.8187443614006042,5.870721340179443,-1.2669297456741333,27.496702194213867,15.93281078338623,15.280559539794922,11.50424575805664,8.988818168640137,9.289050102233887,8.18073558807373,8.241592407226562,8.084327697753906,9.747343063354492,8.320930480957031,7.570267200469971,7.829327583312988,country,country.00005.wav
112.34714673913044,2800.214423030315,648.9641936880028,2773.173156404822,327.1807402916531,6004.497024961301,1410.0154941131848,0.12843724300986842,0.05298633131529305,-23.146039962768555,71.35541534423828,1.3973157405853271,24.474510192871094,16.3499698638916,4.516972064971924,-3.9798617362976074,18.03827476501465,-3.3584671020507812,2.4740371704101562,2.979959726333618,0.8368246555328369,-1.1464859247207642,24.340396881103516,20.72037124633789,16.531152725219727,11.695390701293945,12.482795715332031,11.330769538879395,8.877470016479492,8.158137321472168,8.411008834838867,7.630834579467773,6.959296226501465,6.6897430419921875,7.664667129516602,country,country.00006.wav
103.359375,2898.787368032488,614.2762438829901,2878.9661651993006,308.4945990041143,6400.052966421972,1186.5338609985793,0.11293582502902477,0.04223924747191198,-20.817459106445312,64.90751647949219,6.767101287841797,26.357126235961914,11.665423393249512,13.185628890991211,-1.9791069030761719,8.582197189331055,0.47289520502090454,7.44109582901001,-0.4149094223976135,6.945586204528809,3.660606622695923,28.347753524780273,18.357389450073242,13.926511764526367,10.722819328308105,9.762289047241211,8.153298377990723,9.339265823364258,7.5677595138549805,7.31995153427124,7.692902565002441,7.430124759674072,6.7740678787231445,6.428786754608154,country,country.00007.wav
66.25600961538461,2506.169376457896,532.0813035531886,2573.5151280626237,345.28239378676915,5478.791870495114,1193.131073683811,0.10473972946497678,0.03445165462744043,-19.723819732666016,76.66848754882812,-4.849719524383545,32.247581481933594,7.670154571533203,17.22452735900879,-1.4669177532196045,9.143320083618164,2.7177042961120605,9.111842155456543,-2.6976072788238525,7.503505706787109,0.33303123712539673,22.902484893798828,19.219284057617188,12.581663131713867,12.392752647399902,10.964519500732422,11.20421028137207,7.781813621520996,7.434594631195068,9.717079162597656,9.046762466430664,7.911389350891113,9.230530738830566,7.608513355255127,country,country.00008.wav
95.703125,3191.4845774083215,421.99662262720153,2948.097882896547,262.1756820816379,6926.349783977119,931.5198378559688,0.15687886996904024,0.04011588050480956,12.163200378417969,58.977378845214844,0.9188626408576965,26.749122619628906,9.254704475402832,3.576305627822876,1.5831509828567505,8.648173332214355,0.9710415601730347,11.627410888671875,-2.159726142883301,1.1948513984680176,0.47236934304237366,13.818474769592285,12.00732135772705,13.5184965133667,10.885604858398438,8.696586608886719,9.290090560913086,8.285002708435059,7.151427745819092,7.835942268371582,6.720541000366211,6.647068977355957,6.317812442779541,6.264101982116699,country,country.00009.wav
80.74951171875,1861.184983990783,746.8405428638977,2127.1802137761574,370.64230640573663,3768.960542944563,1415.5546714863515,0.07651125314434984,0.049412810262778016,-197.73268127441406,106.50902557373047,-4.434540748596191,37.64393997192383,-0.8606550097465515,-0.9555023312568665,-3.448014736175537,-0.051242321729660034,-9.299325942993164,-5.1646575927734375,-4.245077610015869,-3.5471112728118896,-1.3499807119369507,65.21519470214844,30.60886573791504,24.04622459411621,17.87413787841797,17.296810150146484,12.700591087341309,12.071758270263672,9.504444122314453,12.335969924926758,12.418066024780273,9.932220458984375,9.769665718078613,8.673932075500488,country,country.00010.wav
112.34714673913044,2838.2033521252542,1130.9396626543646,2798.4000706520005,449.10353898714874,6046.530104126355,2003.1586373706805,0.11010515431501548,0.09543314651913731,-199.09449768066406,61.18678665161133,9.970172882080078,23.455228805541992,10.26604175567627,0.02136910706758499,8.00517463684082,1.1249682903289795,-4.887679576873779,9.501937866210938,-6.344292163848877,3.861227512359619,1.628353476524353,73.16858673095703,37.52388381958008,23.43951988220215,15.499475479125977,15.163015365600586,13.334574699401855,12.736345291137695,11.479872703552246,10.967751502990723,11.257551193237305,9.399787902832031,10.457489013671875,9.890134811401367,country,country.00011.wav
89.10290948275862,1667.8626239303642,685.1295711494689,2053.1917197851853,528.388447262658,3440.6958612495164,1663.8303853721993,0.06406763980263158,0.033248380712671756,-141.02310180664062,123.89308166503906,-2.4948010444641113,27.972536087036133,0.012813225388526917,1.2166239023208618,-11.020721435546875,-1.376403570175171,-7.020709037780762,-6.118950843811035,-5.19248628616333,-2.1684279441833496,-4.593888759613037,44.465763092041016,34.021400451660156,18.325803756713867,14.834348678588867,14.244948387145996,9.068672180175781,10.994599342346191,9.998421669006348,8.189175605773926,8.188304901123047,10.044390678405762,7.566526412963867,7.4138078689575195,country,country.00012.wav
129.19921875,2812.414612083667,723.2394312623468,2842.082595520709,418.7302221224998,6062.846672128967,1682.2057551640355,0.12956497617550308,0.04883861052443066,-126.18547058105469,77.63613891601562,3.1659164428710938,19.950849533081055,10.833182334899902,0.7266966700553894,5.217695713043213,-0.4929520785808563,-0.999363124370575,5.389013290405273,-3.735502004623413,-3.500471353530884,-5.331846714019775,45.64132308959961,23.192752838134766,18.685165405273438,10.3174409866333,13.153554916381836,10.192544937133789,9.538225173950195,8.867151260375977,8.832313537597656,9.334449768066406,7.387868881225586,6.796575546264648,7.0555925369262695,country,country.00013.wav
135.99917763157896,2951.9486784809105,983.31319083709,3036.2061234055395,354.24977007641695,6568.8436124346945,1633.0516152082962,0.12474225401509288,0.08164670134290412,-124.63310241699219,72.52176666259766,16.713680267333984,18.248218536376953,12.224787712097168,8.088154792785645,7.982229232788086,-0.5219014883041382,2.3674657344818115,-0.5643610954284668,-5.573391437530518,0.5387731194496155,-5.0671539306640625,48.315887451171875,24.349166870117188,17.606943130493164,13.42468547821045,10.996018409729004,8.943239212036133,8.176419258117676,7.817505836486816,8.7023286819458,7.629444599151611,7.026402473449707,7.81353759765625,7.845142364501953,country,country.00014.wav
151.99908088235293,1959.337324250709,596.8205171328955,2147.1033968251777,320.90434271954086,4208.8912160773025,1247.0019673322251,0.09426624782314241,0.04685038846914127,-116.17637634277344,111.72994995117188,-5.24551248550415,33.995697021484375,-12.458563804626465,4.250616550445557,-14.42815113067627,8.494948387145996,-8.198229789733887,-1.345650315284729,-12.559845924377441,-5.005492210388184,-2.1499321460723877,49.395572662353516,28.803203582763672,18.1220645904541,9.905097007751465,10.455737113952637,7.369265079498291,8.272278785705566,9.295258522033691,9.737218856811523,7.219788074493408,6.16288948059082,6.441247463226318,5.76025915145874,country,country.00015.wav
107.666015625,1425.8089845409772,481.7747112115747,1648.61482287627,331.4112553417532,2880.507581964735,1166.722909786904,0.06017386138254644,0.024269573067012565,-210.17332458496094,139.61767578125,-16.979991912841797,58.00302505493164,-9.65481185913086,-1.964507818222046,-18.00123405456543,-8.207505226135254,-11.778446197509766,-7.882442951202393,0.6071053743362427,-9.965226173400879,-6.466773986816406,57.792240142822266,28.637115478515625,28.38666343688965,14.29901123046875,15.269635200500488,9.107382774353027,9.510176658630371,7.814722061157227,8.732961654663086,7.511263847351074,9.85767936706543,6.5919694900512695,6.239518165588379,country,country.00016.wav
89.10290948275862,1469.7849502285726,532.9652964107709,1959.9876648535565,446.5459198313756,2966.873726387142,1361.2311216776623,0.06385600087074303,0.028574357614648493,-171.33900451660156,137.3545684814453,7.964578628540039,28.53956413269043,2.7081968784332275,-0.5015100836753845,-2.9561004638671875,-1.1593420505523682,-6.159660339355469,-2.4005284309387207,-5.853388786315918,-2.166609287261963,-5.343712329864502,57.67680740356445,32.472713470458984,11.35498332977295,9.639708518981934,12.020755767822266,7.738970756530762,5.877518177032471,8.14968204498291,7.466302871704102,7.962721347808838,7.183119773864746,6.613917350769043,5.988577365875244,country,country.00017.wav
86.1328125,2068.772763718777,585.3233868691007,2370.0194416842432,379.401304561358,4098.033553085091,1433.7653443287084,0.09561053296729877,0.040341749614062054,-131.1485595703125,102.99636840820312,-11.533306121826172,17.739639282226562,16.96238899230957,4.435606956481934,1.296534538269043,3.41845965385437,-1.4990546703338623,1.6171722412109375,-7.983499050140381,-0.8249755501747131,-8.876751899719238,44.53898239135742,23.146726608276367,18.259557723999023,12.779117584228516,12.665072441101074,11.813603401184082,10.89376449584961,8.905964851379395,8.114495277404785,9.472620010375977,7.533247947692871,8.198620796203613,7.497932434082031,country,country.00018.wav
83.35433467741936,1138.6702901800775,402.26379816937805,1462.0454419306657,274.14323985729544,2117.4705292787344,829.0838126380823,0.050959631385448914,0.03180371014668049,-256.0635681152344,163.1016082763672,-22.872879028320312,26.93337059020996,15.301941871643066,-3.5052199363708496,4.217087268829346,-0.7930167317390442,-9.463187217712402,1.7569612264633179,-4.423062324523926,-3.6401736736297607,-4.252334117889404,72.56438446044922,29.562829971313477,26.95037269592285,19.45856285095215,15.626439094543457,12.684361457824707,12.74741268157959,9.963127136230469,9.294209480285645,7.807318687438965,7.818293571472168,7.020565032958984,7.151165962219238,country,country.00019.wav
103.359375,2409.267879260446,1034.338647378921,2533.230941226111,391.9285896249692,5215.735127829915,1812.9749129074503,0.08685812935371517,0.07362531895374307,-161.0912322998047,74.7069091796875,22.421598434448242,46.01198959350586,5.269036293029785,25.112390518188477,-0.5864291787147522,10.375497817993164,-6.83021879196167,5.049812316894531,-0.769786536693573,1.4022417068481445,-6.011288642883301,72.96217346191406,36.948055267333984,16.077871322631836,19.827348709106445,15.19092082977295,10.579183578491211,11.351832389831543,8.77723217010498,11.125391006469727,11.52824878692627,7.100826740264893,8.590903282165527,8.24545955657959,country,country.00020.wav
107.666015625,1043.9737111043523,321.11900600531413,1393.023731509997,226.99813910578865,1945.0382386198723,746.3448486629975,0.04559534031540248,0.019623295230523113,-209.38938903808594,167.13980102539062,-20.86545181274414,36.81765365600586,10.305033683776855,3.9740636348724365,-5.662354469299316,-4.638091564178467,-6.23797082901001,-4.1778645515441895,-6.688474178314209,-3.263477325439453,-7.967005252838135,52.00715255737305,21.612634658813477,18.449899673461914,17.939546585083008,17.296356201171875,11.175046920776367,12.43411922454834,10.227724075317383,10.245267868041992,9.249283790588379,9.34477424621582,7.251453876495361,7.45626163482666,country,country.00021.wav
184.5703125,1719.3372066856614,419.9345204413708,2141.9342898901655,327.53341901783847,3448.595813479586,1083.0009400583099,0.06805325440208979,0.026146789597961014,-195.12416076660156,114.29300689697266,0.00142979109659791,38.178550720214844,11.291478157043457,-6.07515811920166,1.2188284397125244,-0.004193096421658993,-15.420766830444336,-3.5709002017974854,-6.125418186187744,-4.500051021575928,-0.12475661188364029,55.88364028930664,20.944400787353516,21.10567283630371,15.899984359741211,16.91046714782715,15.152563095092773,12.702594757080078,9.534917831420898,12.390809059143066,9.8655366897583,9.587750434875488,9.430211067199707,8.015008926391602,country,country.00022.wav
83.35433467741936,1496.56913504939,790.3270365820623,2333.0838753541902,496.04082632154484,3056.189852971411,2098.0979020575087,0.03548126693111455,0.04358087747289947,-353.0542297363281,110.63209533691406,32.743377685546875,24.164182662963867,18.746185302734375,5.92488956451416,-1.7401658296585083,3.8813748359680176,-2.9872541427612305,-1.9034862518310547,-2.8664543628692627,-0.978874683380127,-6.4891204833984375,80.4656982421875,28.24404525756836,26.41408920288086,16.591115951538086,15.213644027709961,11.13913631439209,10.644132614135742,9.328425407409668,10.193836212158203,7.719324588775635,9.227840423583984,9.845794677734375,8.130681991577148,country,country.00023.wav
129.19921875,1739.321196159216,756.5200631975913,1907.3936481055632,399.23725691360556,3425.5292862930532,1531.8056138701252,0.0824598188370743,0.04773217128956151,-199.98284912109375,109.12154388427734,-5.546024799346924,48.13289260864258,1.2039799690246582,4.597491264343262,-9.15217399597168,-1.4712748527526855,-11.665060043334961,-5.204099178314209,-11.550537109375,4.9783477783203125,-4.9808197021484375,74.72285461425781,40.18654251098633,17.839557647705078,15.387895584106445,19.599395751953125,14.18569564819336,12.198643684387207,9.6672945022583,8.485898971557617,10.950812339782715,8.093988418579102,10.34029769897461,8.461335182189941,country,country.00024.wav
73.828125,1565.7683179567373,642.2697185293144,2016.5056375841798,386.613891535124,3190.1057098672118,1412.241926697509,0.05730313044214396,0.03975641387073696,-200.5531768798828,119.65538024902344,-3.6046814918518066,31.952964782714844,9.957965850830078,15.293296813964844,0.6486002206802368,0.2364620715379715,-4.4767165184021,-2.310882329940796,-5.255605220794678,-2.473747730255127,-6.0480217933654785,63.48976516723633,31.6086483001709,17.507339477539062,16.491926193237305,14.281791687011719,13.229687690734863,9.959628105163574,9.780495643615723,8.58430004119873,9.076854705810547,8.016489028930664,7.312499523162842,8.277478218078613,country,country.00025.wav
107.666015625,1270.4148783967134,522.1277610980595,1702.296029495803,366.0415515949849,2498.2598933642125,1263.4402442208539,0.05483186798568111,0.0299522917730298,-194.26962280273438,151.78431701660156,-3.034252166748047,29.480588912963867,9.101757049560547,5.985580921173096,3.78444504737854,3.7657217979431152,-5.869409561157227,1.5940247774124146,-3.766415596008301,0.9295917749404907,1.9723039865493774,55.90336227416992,31.181978225708008,20.132308959960938,18.175901412963867,17.054134368896484,12.16646671295166,12.21448040008545,12.150965690612793,10.536432266235352,9.909704208374023,9.804539680480957,8.185275077819824,8.467144012451172,country,country.00026.wav
92.28515625,2012.1998825497253,425.35800098383925,2140.5495163521114,410.3933363023677,3908.3263668851587,1050.757898632124,0.0973951026751161,0.0305604394754012,-100.73442840576172,106.97025299072266,-27.180389404296875,29.091337203979492,5.039496898651123,-5.429043292999268,3.245746374130249,-5.1666436195373535,-5.103821277618408,-0.8067116737365723,-3.8309824466705322,-2.7171006202697754,-6.651432037353516,43.99921417236328,21.14878273010254,23.913818359375,15.36612606048584,14.898798942565918,11.339405059814453,10.869529724121094,6.843414306640625,8.304020881652832,7.665407657623291,6.697849273681641,7.178062915802002,6.527157783508301,country,country.00027.wav
89.10290948275862,1474.0010327537864,348.4656332654813,1885.7963023939287,278.6060508365201,2925.3573107645607,772.420677477693,0.05981898824496904,0.02437201932904216,-169.19261169433594,132.806640625,-13.484966278076172,31.18226432800293,6.335588455200195,-3.7656242847442627,-2.0574631690979004,-3.6175503730773926,-4.556713104248047,1.2857977151870728,-6.986225128173828,-7.255014896392822,-1.387317419052124,40.049644470214844,18.360532760620117,16.34636878967285,12.693684577941895,12.722161293029785,10.19123363494873,8.64859676361084,8.378844261169434,11.477136611938477,8.452187538146973,7.573245048522949,8.990090370178223,7.601747512817383,country,country.00028.wav
89.10290948275862,1214.054895968694,382.9116430888421,1555.3850334761114,391.70209515955656,2274.1112487604005,977.7795849882959,0.054208666916602165,0.021584338173416324,-171.28872680664062,160.4967041015625,-17.804439544677734,30.512203216552734,7.514743804931641,-8.256041526794434,-5.670382022857666,0.13195092976093292,-8.836377143859863,-2.6552679538726807,0.7057316303253174,-3.7849600315093994,-6.500515460968018,47.407623291015625,24.78814125061035,21.977182388305664,13.298724174499512,13.606633186340332,11.63611888885498,8.540815353393555,8.522357940673828,8.756542205810547,7.248849868774414,9.729801177978516,7.604909420013428,7.525027275085449,country,country.00029.wav
161.4990234375,1240.5895174256275,580.3726435049879,1996.8404273431884,534.4884867220183,2412.9187427438083,1908.721589413968,0.042844034200851394,0.015186132541119165,-277.1022033691406,128.25643920898438,42.4285888671875,37.69783020019531,12.78097152709961,9.599224090576172,-5.983116626739502,-7.538271903991699,-8.034318923950195,-4.942378044128418,-6.530048370361328,-3.627953052520752,-7.228426456451416,62.084808349609375,29.732378005981445,16.938068389892578,9.984899520874023,11.038721084594727,10.214929580688477,10.15693187713623,8.681292533874512,9.36941909790039,9.474566459655762,10.269221305847168,10.899304389953613,10.753129005432129,country,country.00030.wav
112.34714673913044,2052.937539079165,719.1972723726491,2187.74961377564,456.2456919279047,4094.358575307179,1426.0779983692885,0.09529609798277863,0.04942497475310151,-130.4947052001953,104.13706970214844,-19.26140022277832,34.15361785888672,5.413920879364014,-2.166883707046509,-0.7268798351287842,-2.8929858207702637,-5.459534645080566,4.080211639404297,-4.462240695953369,3.5235819816589355,2.147012710571289,46.53218078613281,28.99643325805664,17.5731258392334,12.031440734863281,11.97899341583252,9.473371505737305,10.559581756591797,9.992341041564941,8.222664833068848,9.120426177978516,7.672891616821289,8.245830535888672,7.696048736572266,country,country.00031.wav
99.38401442307692,1823.4330215874613,741.2430566256797,2206.257974253683,461.9399688587086,4016.8007109556406,1497.8254414584858,0.0676016320385062,0.045078739586647786,-237.99351501464844,97.70346069335938,6.526741981506348,45.97761535644531,2.154768705368042,16.221973419189453,8.825113296508789,7.767008304595947,-0.5937918424606323,4.480260372161865,0.14091596007347107,3.0210771560668945,-1.6638002395629883,68.26213073730469,31.35110092163086,18.899213790893555,14.692184448242188,14.438043594360352,8.72357177734375,9.6393461227417,9.327171325683594,9.475810050964355,8.409797668457031,7.496097564697266,6.900148868560791,9.72875690460205,country,country.00032.wav
92.28515625,2456.555660328369,675.8869036478014,2387.529908663703,391.70247461612104,4914.728614641786,1264.5953625395116,0.12361565462945047,0.05666182057738311,-133.3365020751953,78.99036407470703,-5.650647163391113,35.522865295410156,-7.547708511352539,7.92803955078125,2.7298073768615723,0.39645376801490784,-1.1331299543380737,-1.1071386337280273,-7.8454437255859375,-1.1711783409118652,-4.8140177726745605,64.49481201171875,27.2696475982666,21.789461135864258,19.32423210144043,12.80424976348877,11.447989463806152,10.936654090881348,10.45495891571045,9.419958114624023,8.542961120605469,9.420886993408203,8.476112365722656,7.992835998535156,country,country.00033.wav
135.99917763157896,2614.1281512828127,890.0026040549079,2655.9181746441463,526.5693479962732,5435.150467722039,2001.4373017643327,0.11928688261900154,0.058079505230610576,-153.8673553466797,83.68424987792969,-8.418766975402832,13.969093322753906,13.551848411560059,3.773253917694092,3.0063745975494385,6.347874164581299,2.06679630279541,2.075455665588379,3.195274591445923,-0.4753238558769226,-3.025930643081665,53.41465759277344,28.96649169921875,25.0738525390625,12.952205657958984,12.166001319885254,14.579322814941406,10.359442710876465,8.750514030456543,9.398386001586914,9.319226264953613,9.835832595825195,8.666664123535156,8.93906021118164,country,country.00034.wav
99.38401442307692,2322.0772479079756,737.3790875344037,2545.6257559133423,394.869651207409,4581.230631258465,1628.7444419601745,0.10437125096749227,0.050576452736404445,-120.38322448730469,95.34891510009766,-6.00827169418335,25.168930053710938,20.961814880371094,-7.139915466308594,8.552629470825195,2.440012216567993,-14.663630485534668,9.296396255493164,-2.3618507385253906,-3.156472682952881,0.6094833612442017,40.893341064453125,26.776458740234375,17.820215225219727,17.27522087097168,15.034280776977539,13.704596519470215,8.984153747558594,9.887622833251953,9.45940113067627,11.858739852905273,9.384747505187988,8.324263572692871,7.16375207901001,country,country.00035.wav
112.34714673913044,1827.093958381686,757.6809305587022,2050.585534980529,369.3283750318537,3647.25294556042,1511.3678834507082,0.0848248839009288,0.06113420406689215,-339.7991027832031,97.781005859375,-9.695911407470703,50.98689651489258,7.824944496154785,11.747367858886719,0.684760570526123,2.4938344955444336,-4.775411605834961,0.19351886212825775,-5.974664688110352,-2.8948965072631836,-6.157008647918701,83.28800964355469,33.65457534790039,26.242313385009766,17.166345596313477,17.46095848083496,17.059646606445312,11.53347110748291,10.077178955078125,9.204387664794922,8.786081314086914,8.626919746398926,9.097016334533691,7.415005207061768,country,country.00036.wav
99.38401442307692,2069.180155621707,824.0269554409707,2437.8452686900728,479.0360127308742,4234.307729053792,1882.6195008389827,0.08500288735971362,0.050835078679474364,-173.44410705566406,105.05278015136719,1.1553170680999756,24.114843368530273,22.125150680541992,2.5424928665161133,-1.5812402963638306,0.1749143749475479,-5.323044300079346,3.8141825199127197,-4.523899555206299,-4.587283134460449,-1.5664962530136108,50.90431594848633,32.128684997558594,21.19719696044922,14.592374801635742,16.420259475708008,14.03900146484375,9.831754684448242,8.280410766601562,9.722704887390137,8.61827278137207,8.711503028869629,7.844397068023682,6.894744396209717,country,country.00037.wav
151.99908088235293,2860.3399496357706,721.1782078206312,2919.8629475089024,383.90353484186585,6247.037225020559,1464.6209501784915,0.12115799753289473,0.04498343411047732,-118.028564453125,74.16700744628906,8.288135528564453,15.46252155303955,6.154968738555908,8.443999290466309,4.118830680847168,5.738997459411621,-1.9503189325332642,3.1639111042022705,5.040856838226318,-1.1298937797546387,2.4367034435272217,43.03271484375,24.01590919494629,17.433277130126953,14.432156562805176,9.80020523071289,10.433829307556152,9.542184829711914,8.809207916259766,8.905850410461426,9.166733741760254,8.067547798156738,7.547807216644287,7.463411331176758,country,country.00038.wav
123.046875,3760.4244872923673,766.019343374314,3053.0667721793766,357.29057317858525,7442.646662000532,1315.349647062074,0.21237475510352166,0.06243236010648071,-89.73638153076172,36.28620147705078,11.469534873962402,37.49559020996094,9.199135780334473,3.740518569946289,2.840357780456543,6.811539173126221,1.4674553871154785,0.09733829647302628,1.0258601903915405,1.1755472421646118,-3.5642974376678467,44.358604431152344,21.37132453918457,17.997495651245117,14.299729347229004,14.058709144592285,8.127074241638184,10.664947509765625,9.290164947509766,7.738260269165039,7.570973873138428,7.431993007659912,7.102167129516602,7.321560859680176,country,country.00039.wav
143.5546875,2449.9415972837987,546.7750601165043,2560.4616825468997,350.81783355572827,5043.0028389851,1267.577777790949,0.10633306828076626,0.03583823007695159,-102.89669799804688,85.32916259765625,-4.324985027313232,30.583778381347656,3.0101559162139893,-1.9592187404632568,4.445295333862305,3.420520067214966,-4.253562927246094,-1.7714000940322876,-3.970628023147583,-1.359187364578247,-3.7630884647369385,57.49147033691406,20.535724639892578,18.65118980407715,14.383293151855469,14.475696563720703,11.498467445373535,10.331523895263672,8.1137056350708,8.997546195983887,8.014456748962402,7.739811897277832,7.550227642059326,7.684266567230225,country,country.00040.wav
129.19921875,2634.0466588107224,906.2020119651899,2898.654345079428,483.43258854739673,5807.6232154302925,2135.520786078756,0.09585618529895511,0.05358683770124777,-111.69470977783203,82.26009368896484,13.068495750427246,31.930076599121094,23.683029174804688,-0.5323793292045593,12.029793739318848,3.6602065563201904,-5.738521575927734,3.3330349922180176,1.4207491874694824,0.7725829482078552,0.5596444010734558,51.31687927246094,28.403303146362305,19.766036987304688,13.180761337280273,11.883146286010742,11.64461898803711,9.09842586517334,9.664631843566895,12.44144344329834,7.601282596588135,7.668001174926758,7.023391246795654,7.230308532714844,country,country.00041.wav
103.359375,2386.8223453587584,586.8765117056336,2715.9968533779856,344.6247036837214,5389.550743457334,1280.5289241515745,0.08702592879256967,0.035707052236351504,-101.28809356689453,84.1390151977539,7.751808166503906,30.383913040161133,13.85435962677002,11.632600784301758,-0.11175934225320816,-4.939070224761963,-2.370659589767456,-1.9748867750167847,-8.187719345092773,2.825073719024658,0.5467092394828796,39.20932388305664,18.709253311157227,14.499027252197266,12.003307342529297,10.686361312866211,9.123363494873047,7.365471839904785,8.876925468444824,7.354380130767822,7.504568576812744,7.153939723968506,7.758325576782227,7.812064170837402,country,country.00042.wav
135.99917763157896,2530.853994149147,626.5876728876552,2491.487169319094,365.4041926227767,5071.785998270608,1350.3600700357408,0.1343000193498452,0.04713023080878741,-101.19902038574219,85.43054962158203,-19.695709228515625,20.584856033325195,9.973623275756836,7.594192981719971,0.1040559634566307,3.40543794631958,0.04641157388687134,1.5777519941329956,-1.4500951766967773,-1.2814346551895142,2.1464107036590576,51.719417572021484,24.628398895263672,17.739925384521484,12.738755226135254,13.019937515258789,9.036006927490234,11.407133102416992,7.907928943634033,8.5090913772583,8.57358169555664,6.978142738342285,6.65373420715332,7.379147052764893,country,country.00043.wav
78.30255681818181,1730.559357956436,749.092222169737,2248.639954888259,550.1378419417841,3360.9380102009964,1728.9103422323744,0.0665200059258901,0.03922020430981034,-162.72116088867188,119.81047821044922,-2.8799524307250977,20.506132125854492,27.80887222290039,5.485367298126221,6.040956020355225,1.2045438289642334,-3.6995325088500977,0.34238559007644653,4.411624908447266,-0.4080611765384674,2.459360122680664,71.26000213623047,33.78339385986328,20.36370086669922,17.760223388671875,16.065452575683594,19.54827880859375,11.201416969299316,9.259331703186035,8.695971488952637,8.619551658630371,9.55288028717041,7.426643371582031,8.610447883605957,country,country.00044.wav
78.30255681818181,2777.1145172614247,728.5211508584356,2647.662214458651,344.7845698026324,5621.632673422988,1398.1254508540312,0.13296442651896284,0.05914689739302819,-61.23540115356445,71.2633285522461,-17.042137145996094,17.118322372436523,5.0581464767456055,-4.204788684844971,-1.667630910873413,1.173366665840149,-0.8542969822883606,4.976346969604492,-1.6956690549850464,4.8454179763793945,-0.1578167825937271,48.45711898803711,25.525888442993164,21.64165687561035,19.96080207824707,13.892325401306152,12.925355911254883,11.857335090637207,9.872960090637207,11.002732276916504,9.199661254882812,9.38178825378418,10.113363265991211,7.8739800453186035,country,country.00045.wav
78.30255681818181,2109.4728877007824,547.0277963023775,1933.8739158319513,293.71251152734396,3843.9517561496227,905.6098857083834,0.11589196739551083,0.047611324353133665,-126.89159393310547,103.4920654296875,-31.892566680908203,58.71932601928711,-1.9583547115325928,-3.130634069442749,-2.9370546340942383,0.36575213074684143,-3.038083553314209,-0.82976233959198,5.585165500640869,-10.142878532409668,0.7323166131973267,48.02386474609375,25.76628875732422,19.115951538085938,16.662315368652344,16.105539321899414,12.27817153930664,9.932971000671387,9.49159049987793,11.762994766235352,7.586181640625,11.27863883972168,10.409419059753418,9.353830337524414,country,country.00046.wav
151.99908088235293,1784.3451875096134,446.8864199284784,1840.1470652453863,273.11108287878625,3556.786825930002,938.3433223941912,0.09412943837074303,0.040130356300566314,-165.51901245117188,117.87925720214844,-33.60674285888672,42.62331771850586,-1.3848820924758911,3.831390619277954,7.169803142547607,-7.170013904571533,-1.631492257118225,0.875454843044281,-12.514056205749512,2.89426326751709,-12.372036933898926,42.131160736083984,24.99842643737793,15.571870803833008,16.504196166992188,11.062418937683105,8.783873558044434,8.868790626525879,7.854395866394043,8.141498565673828,8.184148788452148,8.676563262939453,7.48065710067749,8.595129013061523,country,country.00047.wav
117.45383522727273,1939.716518680421,649.7647919747056,2482.432245833719,404.3653568533712,4126.216715998694,1537.1173702105514,0.0639731581366099,0.03404554543959908,-149.0001678466797,107.24382019042969,11.190145492553711,26.698795318603516,11.405787467956543,-3.808100938796997,14.028653144836426,-5.892951011657715,-11.049588203430176,2.8112707138061523,-8.445196151733398,3.1889073848724365,-0.7737127542495728,72.3292007446289,26.487943649291992,19.855031967163086,14.601202011108398,16.332813262939453,14.207443237304688,9.583582878112793,9.485675811767578,9.938979148864746,9.194951057434082,9.104525566101074,8.180136680603027,7.768829822540283,country,country.00048.wav
112.34714673913044,1600.3408733031765,495.9192769501045,1826.545250818989,359.58352168260785,3007.5151473006968,1091.7544593690425,0.07581624600909442,0.028124913795809045,-109.98737335205078,134.7486114501953,-24.02614402770996,19.394617080688477,-4.407176494598389,-4.8148884773254395,-7.800572872161865,-0.393700510263443,-5.415931701660156,-2.957000255584717,0.7814668416976929,-4.776980876922607,-0.1722172349691391,47.432403564453125,28.800424575805664,16.50579261779785,11.895235061645508,13.67417049407959,10.554314613342285,9.994053840637207,8.184537887573242,8.39640998840332,7.6278886795043945,7.663469314575195,7.546689033508301,6.701598167419434,country,country.00049.wav
117.45383522727273,1779.496144918959,627.0142176665081,2035.982510591775,400.1285113704996,3873.6182434270995,1364.9785534592966,0.07890693026799536,0.04591949146356421,-143.12673950195312,121.89800262451172,-13.344369888305664,47.77785110473633,-12.660494804382324,23.372251510620117,-10.994921684265137,18.85610008239746,-13.706635475158691,15.95097541809082,-11.356477737426758,10.288700103759766,-6.0024847984313965,50.489078521728516,24.543163299560547,19.160873413085938,13.971702575683594,14.044909477233887,10.587449073791504,11.858424186706543,9.935851097106934,12.046090126037598,11.03544807434082,8.747171401977539,7.9529290199279785,9.262462615966797,country,country.00050.wav
64.599609375,1552.7721617035625,611.9710824021334,1848.6019397530897,368.36777070397756,3166.9225167194754,1202.9719514785513,0.0592494527621904,0.043583400090552685,-204.71435546875,121.915771484375,-17.7427978515625,46.32460021972656,-1.7955843210220337,17.031993865966797,-14.699763298034668,14.66740608215332,-19.392898559570312,10.903635025024414,-13.474712371826172,1.2002156972885132,-6.213006019592285,51.48281478881836,26.559560775756836,16.931900024414062,12.787023544311523,15.14598274230957,12.012404441833496,11.748075485229492,10.325197219848633,12.058380126953125,13.107255935668945,9.354183197021484,9.570756912231445,9.322026252746582,country,country.00051.wav
71.77734375,1115.7881616130558,479.4985944164119,1662.9965162936762,375.0739579768722,2348.0441350316855,1210.9859265522766,0.03547446425116099,0.0249863436185921,-265.2758483886719,138.8597869873047,6.141732692718506,47.49591827392578,-2.3968021869659424,21.038162231445312,4.086073398590088,17.653968811035156,-12.029909133911133,15.491059303283691,-1.1331511735916138,7.889359474182129,0.49858149886131287,57.52015686035156,25.23729705810547,16.988656997680664,16.486770629882812,19.327951431274414,10.488151550292969,10.297255516052246,11.236947059631348,11.760662078857422,13.521366119384766,9.221933364868164,10.388188362121582,9.475517272949219,country,country.00052.wav
89.10290948275862,2271.2893251438104,490.7768486142936,2297.109620641219,246.3006990087509,4956.728360675068,958.7350984229693,0.10825444744098298,0.035117035681309756,-84.74407196044922,100.98661041259766,-16.020492553710938,51.76194763183594,-17.082294464111328,22.577102661132812,-20.2999267578125,18.914926528930664,-19.4926815032959,15.328481674194336,-17.741413116455078,8.583118438720703,-15.0005521774292,37.40282440185547,17.75621795654297,12.373971939086914,13.252324104309082,11.217090606689453,7.487339019775391,9.269243240356445,7.752536296844482,8.432074546813965,9.186919212341309,7.6379170417785645,6.739147663116455,7.666517734527588,country,country.00053.wav
75.99954044117646,1654.6143319062874,555.8096451887344,2105.5250083120286,368.2886866238299,3908.434699563419,1332.4532690168219,0.06020787478231424,0.0249648464017551,-175.01629638671875,115.70677947998047,5.106450080871582,58.16065216064453,-3.3279542922973633,29.664283752441406,-10.028761863708496,19.655780792236328,-16.303510665893555,13.737743377685547,-8.819840431213379,7.224039554595947,-8.892760276794434,39.766395568847656,23.748958587646484,12.819377899169922,11.134419441223145,10.496997833251953,9.447732925415039,8.97472095489502,9.927125930786133,10.092607498168945,10.46923542022705,7.423072814941406,9.60865592956543,8.817566871643066,country,country.00054.wav
129.19921875,1881.161817758554,401.635093742474,2116.237657232868,291.8318497214383,4111.466805189387,1061.0816247896103,0.08110419589299536,0.023314182961133613,-82.96261596679688,122.53279876708984,-16.65855598449707,40.01591110229492,-15.00722885131836,21.670377731323242,-18.256282806396484,18.36186408996582,-17.988773345947266,16.99161148071289,-16.0396728515625,8.533731460571289,-8.70678424835205,39.03400802612305,19.158123016357422,10.905445098876953,9.647082328796387,11.70949649810791,8.965665817260742,6.8099164962768555,6.412144660949707,8.092679023742676,6.862003803253174,6.314539432525635,7.702838897705078,6.815852165222168,country,country.00055.wav
80.74951171875,1468.7461596453222,538.6875627453052,1960.733622781912,403.0102600395185,3213.230570034346,1404.3823490478433,0.054941088791602165,0.03178465245559216,-164.79193115234375,123.42044830322266,4.234655380249023,48.788734436035156,-5.151331424713135,22.84455108642578,-7.805298328399658,19.294296264648438,-11.024413108825684,21.256271362304688,-9.740571022033691,5.1541314125061035,-6.141110420227051,68.9876480102539,23.69948959350586,21.990978240966797,11.133212089538574,15.505232810974121,11.909100532531738,8.87120532989502,8.94086742401123,10.379802703857422,12.319210052490234,8.068572044372559,10.272321701049805,7.266480445861816,country,country.00056.wav
67.99958881578948,1741.8149971403934,572.8782502784381,1985.762546009479,399.4589387566608,3791.6270725498257,1317.3859696948325,0.07543756349167957,0.037212333998220895,-137.88375854492188,121.52389526367188,-13.267189979553223,43.3187255859375,-10.709388732910156,17.858776092529297,-7.949545383453369,9.089491844177246,-19.79267692565918,9.440964698791504,-19.598379135131836,6.90787410736084,-12.54389476776123,66.26133728027344,22.600399017333984,16.317007064819336,13.415072441101074,12.712742805480957,14.196714401245117,10.20097827911377,10.469063758850098,8.051631927490234,11.097532272338867,10.284806251525879,7.751895427703857,8.775484085083008,country,country.00057.wav
112.34714673913044,1796.1137426759592,517.2376852194423,2148.3012551703027,355.6532505704632,4163.80815535507,1272.5787570944244,0.07327015407314241,0.03209093860536895,-101.38996124267578,120.45384979248047,-0.4065871238708496,49.04241943359375,-15.863625526428223,19.87376594543457,-13.094367027282715,18.574186325073242,-15.7069673538208,15.254117965698242,-5.9068427085876465,6.647347450256348,-10.359329223632812,57.64624786376953,20.0670108795166,19.617263793945312,12.988950729370117,11.295659065246582,10.452154159545898,10.272445678710938,9.038461685180664,10.033095359802246,9.66479206085205,8.739233016967773,7.418661117553711,8.32037353515625,country,country.00058.wav
135.99917763157896,1535.3805435364122,751.0958554345756,2011.466278916483,565.0055983231723,3510.4121063515868,2016.1613691986688,0.052538986914667185,0.031119407741844074,-185.11380004882812,120.50994110107422,29.717456817626953,56.40028762817383,-3.0346622467041016,22.22261619567871,-10.344738960266113,20.05401039123535,-13.685049057006836,9.17043685913086,-6.428536415100098,3.296780824661255,-8.737771987915039,85.5992202758789,36.409156799316406,20.966581344604492,20.768699645996094,18.74472999572754,13.289741516113281,17.201276779174805,12.014931678771973,12.176681518554688,10.970230102539062,8.61175537109375,9.4373779296875,10.256234169006348,country,country.00059.wav
69.83741554054055,1373.0379665331902,722.2163517369961,1930.2022840004208,547.6781374277836,3068.9564424402574,1846.2168429504652,0.04291659612035604,0.03347395883037927,-178.51937866210938,130.1326904296875,12.088971138000488,47.05108642578125,2.622490644454956,24.09434700012207,-4.627711772918701,22.772083282470703,-10.941142082214355,13.5391263961792,-6.809722900390625,8.712160110473633,-6.090920448303223,61.66395568847656,31.76557731628418,15.679625511169434,11.174915313720703,13.130126953125,11.078133583068848,10.365799903869629,10.147472381591797,14.280279159545898,12.012919425964355,11.458858489990234,9.807520866394043,8.944059371948242,country,country.00060.wav
60.09265988372093,1397.840984804417,615.3106661015725,1895.9827784828635,497.88227040116647,3101.314580108359,1662.757276588766,0.048586629861648606,0.026553654216702582,-186.3923797607422,135.86007690429688,5.928499221801758,45.86050033569336,-5.766275882720947,22.786792755126953,-13.002945899963379,17.122373580932617,-13.756378173828125,9.734512329101562,-8.368886947631836,6.6592278480529785,-9.091540336608887,68.18073272705078,28.998233795166016,16.122102737426758,11.991578102111816,13.34356689453125,9.687780380249023,10.44072151184082,10.4345703125,11.46468448638916,10.787315368652344,9.200876235961914,8.634011268615723,7.851559638977051,country,country.00061.wav
172.265625,2167.0242315710375,532.4629365893604,2277.7405542601186,265.51564160424573,4794.804339807469,1044.2763347218936,0.10237579818111456,0.03931169314263441,-94.09416961669922,109.16863250732422,-11.849949836730957,41.56547164916992,-19.475982666015625,23.831954956054688,-19.935585021972656,20.37474822998047,-17.28199005126953,16.585613250732422,-10.199127197265625,9.39206600189209,-10.051932334899902,40.08421325683594,19.227209091186523,14.213268280029297,14.368027687072754,10.633923530578613,10.22048282623291,9.195780754089355,7.827019691467285,8.63220500946045,8.760348320007324,8.846672058105469,6.655275344848633,8.593402862548828,country,country.00062.wav
83.35433467741936,1615.0641667795348,775.7082811574722,2016.8360437671106,575.5897134697443,3659.7028702774282,1904.0101845294669,0.058282716355456655,0.03559421272405188,-185.422607421875,118.46734619140625,17.795289993286133,48.88768768310547,-2.16080641746521,21.370107650756836,-9.0011625289917,20.535987854003906,-11.416626930236816,9.282177925109863,-5.481672286987305,5.754807949066162,-2.9795713424682617,74.86177062988281,36.1590461730957,17.83394432067871,17.978961944580078,13.860936164855957,14.558918952941895,13.80445384979248,10.374897003173828,13.460762977600098,13.396868705749512,11.110549926757812,10.688036918640137,10.828185081481934,country,country.00063.wav
66.25600961538461,1512.285769157878,444.30160898708266,1865.6110493735246,381.67498514965894,3238.930414630902,1125.5720548952652,0.060115282749613,0.02583243154051234,-217.74221801757812,128.346923828125,-7.513692855834961,39.2650032043457,-2.5556235313415527,18.173011779785156,-15.16671085357666,16.770923614501953,-15.265888214111328,4.899211406707764,-6.513762474060059,2.8973584175109863,-11.506306648254395,58.811954498291016,25.6348819732666,16.277040481567383,16.10657501220703,14.295863151550293,12.926786422729492,11.348372459411621,12.151825904846191,9.847952842712402,11.9281005859375,10.42468547821045,9.391997337341309,10.998394012451172,country,country.00064.wav
123.046875,894.2258292361456,402.6097100619136,1195.3880118512234,316.84913533450646,1639.0484222317627,925.9143593787753,0.038680794069272446,0.02104058241262277,-250.87863159179688,163.0983123779297,-3.8807103633880615,30.153528213500977,5.576422214508057,7.496038436889648,4.024819850921631,-2.110605239868164,-5.4704108238220215,-1.058341145515442,-9.981245994567871,1.8183813095092773,-8.760416030883789,72.55220794677734,26.46947479248047,31.08348274230957,19.674978256225586,20.904197692871094,12.128931045532227,12.611128807067871,11.333337783813477,11.891068458557129,9.748161315917969,10.19155216217041,9.050308227539062,7.262389183044434,country,country.00065.wav
112.34714673913044,1701.133231854635,329.57568879764625,1709.034417820481,245.6875084820679,3242.2803943740323,771.563667647586,0.09886750495839783,0.02650257338950249,-102.51608276367188,135.72169494628906,-46.895442962646484,32.74629592895508,-11.160360336303711,23.465744018554688,-9.766422271728516,16.901647567749023,-11.685100555419922,13.207406044006348,-7.1831440925598145,4.735628128051758,-8.202425003051758,43.9346923828125,19.12907600402832,14.98476505279541,13.958891868591309,11.53299617767334,13.30148696899414,11.116399765014648,7.929573059082031,9.247279167175293,8.506918907165527,9.971456527709961,8.621878623962402,7.047126770019531,country,country.00066.wav
64.599609375,857.9961382033647,534.1639931440142,1237.6766228928875,412.9880659426142,1445.8079240639513,1251.619986828576,0.03538187221845975,0.024618088347495418,-328.7254638671875,167.05113220214844,12.98838996887207,28.820632934570312,11.246061325073242,14.42672348022461,11.705958366394043,7.804121971130371,-11.729083061218262,2.3853812217712402,-8.347572326660156,-3.857314109802246,-6.7459235191345215,85.17587280273438,30.841066360473633,36.108856201171875,18.2728328704834,21.73599624633789,16.37037467956543,10.931770324707031,10.904272079467773,11.281998634338379,14.20875358581543,9.720458030700684,9.365145683288574,8.574670791625977,country,country.00067.wav
172.265625,1130.9407637739448,440.0955129696016,1458.3870780464242,401.023676734978,2216.5365969064437,1149.8314027954145,0.050243082430340556,0.02284380251731797,-229.46890258789062,157.3128204345703,-16.762048721313477,31.87986183166504,-0.11036960780620575,16.656442642211914,1.3551719188690186,12.223304748535156,-3.862504720687866,6.839232444763184,-4.263226509094238,1.3375681638717651,-5.895663261413574,48.25808334350586,29.66029930114746,17.336305618286133,15.253837585449219,13.735313415527344,12.095087051391602,10.5637845993042,8.649877548217773,11.61585521697998,10.302910804748535,8.371829986572266,6.873981952667236,6.5933451652526855,country,country.00068.wav
112.34714673913044,1327.824096106779,418.0852983411037,1632.800522738955,261.66682635330466,2755.9750016628773,848.6274880285345,0.06108731012964396,0.031818339280545,-217.1639404296875,136.16940307617188,-10.362345695495605,51.38904571533203,2.612236976623535,15.127789497375488,-0.6809201240539551,12.287426948547363,-6.226423263549805,7.8023223876953125,-5.409078598022461,3.6247036457061768,-2.8072168827056885,51.45779037475586,26.420106887817383,15.128570556640625,15.796319007873535,14.593573570251465,10.607967376708984,12.801244735717773,11.196696281433105,9.770489692687988,9.531268119812012,9.907318115234375,9.869958877563477,9.975811004638672,country,country.00069.wav
112.34714673913044,1935.1584683595631,499.9920645302439,1970.0773805323784,314.2458031655177,4048.7838508913023,1117.388788849889,0.09476964613970588,0.03778507253215874,-99.320068359375,117.56864166259766,-29.88463020324707,40.83229064941406,-15.263144493103027,27.980684280395508,-11.95539665222168,13.331402778625488,-11.367624282836914,10.538833618164062,-8.748047828674316,8.410869598388672,-6.844215393066406,51.82786560058594,23.866199493408203,15.54377555847168,15.293460845947266,11.369388580322266,13.105043411254883,11.075040817260742,8.534714698791504,8.80624008178711,9.377917289733887,8.461807250976562,8.488718032836914,7.164791107177734,country,country.00070.wav
143.5546875,1261.3177003596356,577.969939161235,1395.9041023200145,454.31513709043725,2421.243692403976,1249.5729450282663,0.060543095733359135,0.029844938534051905,-185.85665893554688,155.2994384765625,-25.034076690673828,20.532516479492188,-3.834843873977661,-0.600292980670929,-4.568850994110107,-5.9145917892456055,-16.538049697875977,-0.45218396186828613,-16.3022518157959,-4.2136077880859375,-16.815841674804688,80.10433959960938,33.914363861083984,23.121469497680664,16.758472442626953,23.897600173950195,13.287874221801758,11.830670356750488,8.407562255859375,10.732309341430664,12.430830955505371,12.279803276062012,11.694620132446289,10.50178050994873,country,country.00071.wav
151.99908088235293,1711.2104216664566,409.43348977898916,1873.560298016591,298.8404030631122,3556.48682774405,1027.9143707084193,0.08227350099167957,0.024406037724942355,-96.2829818725586,131.92025756835938,-26.3221378326416,35.982154846191406,-22.80771255493164,14.489156723022461,-11.834168434143066,11.801549911499023,-21.218061447143555,11.527786254882812,-12.925013542175293,7.176230430603027,-13.9385404586792,42.31108093261719,21.14519500732422,17.300580978393555,14.021032333374023,13.390400886535645,12.140533447265625,12.899320602416992,11.153887748718262,10.095890045166016,10.155131340026855,7.4999213218688965,9.717597007751465,8.26253604888916,country,country.00072.wav
151.99908088235293,1549.1920056300596,508.44186230775847,1823.8559848265643,406.67584721181777,3290.171771448094,1264.4554432694538,0.06975279061048761,0.029433094878084164,-167.00982666015625,132.44342041015625,-17.294891357421875,46.93230438232422,-3.6503565311431885,20.946674346923828,-8.8304443359375,8.546585083007812,-15.151556015014648,8.105513572692871,-16.944101333618164,6.647017478942871,-10.924016952514648,51.574466705322266,28.157711029052734,21.951274871826172,13.811110496520996,14.216880798339844,12.783538818359375,11.163453102111816,9.689942359924316,9.763395309448242,9.203424453735352,10.600914001464844,9.91968822479248,7.230894565582275,country,country.00073.wav
135.99917763157896,1533.8625889630157,673.2621397779761,1696.8473504621963,449.99067106035136,3117.3561497738488,1397.022820909023,0.07112353062113003,0.04274126192777836,-207.2761688232422,130.9469757080078,-18.496767044067383,33.29912567138672,-3.922163724899292,15.39346694946289,-6.382999897003174,2.951951742172241,-16.78615379333496,7.084848880767822,-8.594070434570312,4.795649528503418,-12.250598907470703,108.60740661621094,28.914796829223633,22.4111385345459,19.239944458007812,21.131498336791992,11.220083236694336,15.397176742553711,11.479512214660645,12.448436737060547,13.546052932739258,11.300054550170898,8.485657691955566,10.941155433654785,country,country.00074.wav
95.703125,2187.464108981412,389.9126822419302,2242.0976879507925,207.6847960068037,4841.679056362471,788.3220683247945,0.11375403625677244,0.03871022322277994,-60.84931182861328,105.47065734863281,-16.914596557617188,40.70117950439453,-15.038137435913086,36.04629898071289,-12.81877326965332,17.48331642150879,-16.75531768798828,11.757575988769531,-10.13022518157959,13.194356918334961,-12.209436416625977,39.75745391845703,17.295581817626953,12.436481475830078,11.134196281433105,8.032458305358887,8.078316688537598,8.253634452819824,7.563727855682373,7.638415813446045,7.570319652557373,7.411680698394775,6.937516212463379,7.398045539855957,country,country.00075.wav
143.5546875,1321.5897450564103,637.0698588270494,1409.2266087020453,491.56458378719475,2590.326003319708,1347.802356481868,0.0665252968991873,0.04089089546495187,-183.97171020507812,159.8199462890625,-23.171310424804688,43.05397415161133,-9.468153953552246,8.831391334533691,-1.6515100002288818,4.351795673370361,-13.370458602905273,0.8398632407188416,-13.976324081420898,1.4428529739379883,-7.390411853790283,79.84965515136719,44.09853744506836,26.517507553100586,24.10786247253418,19.932830810546875,14.559622764587402,13.518497467041016,13.6865873336792,11.648233413696289,11.153204917907715,10.198637008666992,9.900449752807617,9.089929580688477,country,country.00076.wav
184.5703125,1513.1966226436089,305.91739760260157,1558.1150005356599,251.37233489149946,2922.698993505708,687.8422150737013,0.08784300624032508,0.022909935885453283,-118.23319244384766,152.94320678710938,-46.513092041015625,31.120494842529297,-17.28691291809082,6.277331829071045,-3.6798624992370605,13.048770904541016,-13.126936912536621,15.70604419708252,-13.07692813873291,5.701762676239014,-10.694594383239746,40.41300582885742,21.526880264282227,15.74753189086914,11.540600776672363,12.409549713134766,11.01461410522461,11.99000358581543,9.516164779663086,9.053462028503418,8.925867080688477,8.835929870605469,7.9057207107543945,7.245372295379639,country,country.00077.wav
66.25600961538461,1143.943990289628,571.5072001125932,1443.341974961158,404.23165325044164,2222.2448957224747,1301.0017786363276,0.04985797515963622,0.03811616838618607,-302.5818176269531,150.15966796875,-3.7027957439422607,26.92380714416504,-0.26331615447998047,13.522551536560059,7.248563289642334,4.217867851257324,1.7668282985687256,6.563311576843262,-0.4889703094959259,7.896579742431641,1.3293299674987793,87.29130554199219,29.005165100097656,27.76369285583496,16.983081817626953,17.987024307250977,12.775309562683105,12.34661865234375,10.648344039916992,10.960869789123535,10.897255897521973,9.04944133758545,8.988191604614258,8.100581169128418,country,country.00078.wav
80.74951171875,963.1958805922379,533.0759492321956,1234.8596843387643,509.1042766961429,1752.8894005176085,1285.9457978305456,0.04576843072755418,0.024571649731683964,-229.14720153808594,180.35635375976562,4.520905494689941,24.184402465820312,1.1109343767166138,3.9924354553222656,-5.99603271484375,1.8722158670425415,-13.136268615722656,0.00470712361857295,-13.499958038330078,1.5836843252182007,-13.435794830322266,71.24322509765625,37.877933502197266,26.909841537475586,17.384387969970703,21.219867706298828,13.1707124710083,14.104945182800293,12.726805686950684,10.706393241882324,14.461888313293457,10.489654541015625,12.12889575958252,9.676011085510254,country,country.00079.wav
99.38401442307692,2049.8940197396387,760.6266701417179,2188.3558709873955,465.19121255831396,4435.848177032943,1691.4120275746222,0.08940724470297988,0.04595830881893212,-100.9559555053711,111.60762023925781,-13.15213394165039,44.5975456237793,-5.961038589477539,29.337100982666016,-7.956896781921387,19.591026306152344,-22.446842193603516,17.270526885986328,-17.831653594970703,11.408343315124512,-12.451891899108887,54.37907791137695,28.598508834838867,21.453716278076172,13.289793968200684,14.165596961975098,11.627922058105469,14.540013313293457,10.497485160827637,9.295376777648926,9.862642288208008,8.51709270477295,6.666568279266357,7.414516448974609,country,country.00080.wav
89.10290948275862,2101.538599563589,628.9973344271302,2152.183984058375,334.1514334103288,4416.156629438371,1328.0871359886846,0.10102962340363777,0.04830668405281991,-74.14830017089844,107.6380386352539,-21.198165893554688,47.23445510864258,-5.976315975189209,17.81209373474121,-20.399551391601562,14.992423057556152,-15.965242385864258,15.7340726852417,-14.664024353027344,10.681490898132324,-10.128546714782715,47.05323028564453,23.972423553466797,17.440689086914062,15.982856750488281,14.994824409484863,10.819421768188477,12.110627174377441,9.140960693359375,10.81803035736084,9.001504898071289,9.467416763305664,7.901190280914307,8.570701599121094,country,country.00081.wav
117.45383522727273,2253.250681954205,562.5580214195502,2261.407343786666,296.06151078262457,4798.970981279025,1144.0542087784588,0.10609270692240712,0.046736595067522604,-68.6235122680664,101.3541259765625,-16.908740997314453,51.52635192871094,-10.228339195251465,20.050033569335938,-21.78499412536621,15.524762153625488,-18.795236587524414,16.359054565429688,-17.89385414123535,12.126648902893066,-13.205328941345215,38.21059799194336,22.174917221069336,17.37126350402832,17.025758743286133,13.585274696350098,12.302597045898438,10.975102424621582,9.802384376525879,9.900300979614258,10.035913467407227,9.757059097290039,7.638787746429443,7.9388041496276855,country,country.00082.wav
143.5546875,1436.0348088902886,547.3076862797539,1729.59750206131,400.0014929512222,2924.248984133127,1286.6282763496517,0.05955141616679566,0.028660417942363077,-148.5599365234375,141.28050231933594,-15.883042335510254,44.655067443847656,0.9918707013130188,13.662192344665527,-13.24034309387207,12.651496887207031,-11.702235221862793,12.159911155700684,-10.476021766662598,9.908224105834961,-5.055812835693359,62.11656951904297,27.041521072387695,22.001901626586914,16.724807739257812,15.379044532775879,10.557696342468262,12.008705139160156,9.405035018920898,10.589543342590332,10.341915130615234,10.28077507019043,8.506572723388672,8.024053573608398,country,country.00083.wav
86.1328125,1965.276613746473,522.6818919976428,2036.6950920153004,294.3097893566596,4060.050449430389,1047.137865794431,0.09301795605166409,0.03909767621843402,-80.23638916015625,108.18648529052734,-23.827434539794922,52.601409912109375,-6.4240851402282715,15.064197540283203,-17.635906219482422,9.739015579223633,-16.176488876342773,8.906126022338867,-15.964033126831055,8.001827239990234,-10.704085350036621,48.48030090332031,22.723793029785156,16.640289306640625,16.24801254272461,13.9978666305542,11.667394638061523,11.508749008178711,10.133349418640137,10.018454551696777,11.036865234375,9.561540603637695,8.908177375793457,8.505258560180664,country,country.00084.wav
73.828125,1596.2209122528532,528.0459662561404,1853.2491399296696,319.2557801396365,3291.4800968701625,1087.40534236977,0.06926526521381579,0.035425249299960236,-146.04881286621094,124.64810180664062,-17.922836303710938,49.22504425048828,-0.17947566509246826,22.789756774902344,-7.173457622528076,16.74798011779785,-9.723663330078125,15.444622993469238,-7.621331214904785,10.908756256103516,-3.455136299133301,56.333736419677734,25.101594924926758,23.168272018432617,16.308725357055664,15.199156761169434,12.22179126739502,12.54549789428711,9.14431095123291,13.411543846130371,9.897014617919922,9.073993682861328,9.181845664978027,8.92806339263916,country,country.00085.wav
117.45383522727273,1879.9377906980571,529.6149221037448,2085.606346373194,341.41548615535544,4031.9756191950464,1181.8374678364964,0.07831736467202012,0.03006529654044553,-122.42741394042969,111.48313903808594,-13.694293975830078,53.82840347290039,-2.6777656078338623,19.677549362182617,-14.138922691345215,13.74367618560791,-14.016459465026855,14.626712799072266,-13.993216514587402,9.218205451965332,-10.559242248535156,62.98942947387695,26.78752899169922,19.937801361083984,16.649721145629883,14.918371200561523,13.94077205657959,13.018203735351562,11.192813873291016,10.61320972442627,9.881041526794434,9.116735458374023,8.967782974243164,8.634879112243652,country,country.00086.wav
143.5546875,1589.6339834802307,573.3598496351385,1805.8872708820074,354.0514506014117,3159.789226520172,1244.2311570456877,0.07391451903541021,0.03676068935882658,-170.9006805419922,124.81326293945312,-19.262191772460938,39.20719909667969,-3.75510573387146,15.289896965026855,-12.972991943359375,8.530163764953613,-11.83366584777832,11.321371078491211,-13.773078918457031,3.102463960647583,-10.078783988952637,75.64640045166016,26.720909118652344,24.18294906616211,19.3337345123291,15.867165565490723,12.424393653869629,11.18460464477539,9.22072982788086,11.379833221435547,12.123992919921875,8.384393692016602,10.705162048339844,8.788025856018066,country,country.00087.wav
103.359375,1623.0094789002958,483.870071197068,1963.4443413287324,360.45660272831594,3527.637002194998,1214.7109615175057,0.06606309258900929,0.026334896534247934,-121.94322204589844,123.23765563964844,-8.495368957519531,51.59637451171875,-0.1035129651427269,20.406999588012695,-11.875410079956055,16.275983810424805,-11.508769035339355,11.847224235534668,-8.08565616607666,9.130350112915039,-8.638808250427246,55.22694396972656,21.858617782592773,22.729236602783203,14.8765869140625,13.488207817077637,12.150394439697266,11.310997009277344,9.396150588989258,10.81815242767334,10.717775344848633,9.408188819885254,7.492578029632568,8.717764854431152,country,country.00088.wav
143.5546875,1321.7303763628809,715.3177409912472,1667.266319633863,467.66643155346924,2584.1010409612036,1544.0588055843373,0.05250308388157895,0.03535657902986996,-205.14923095703125,140.98760986328125,-8.957965850830078,36.97944259643555,6.425442695617676,14.875373840332031,-4.318117618560791,12.232444763183594,-11.431656837463379,11.850926399230957,-7.903382301330566,9.912310600280762,-2.351649761199951,72.67613220214844,31.94794273376465,21.976686477661133,16.494600296020508,15.825496673583984,12.513011932373047,14.208483695983887,12.19528865814209,12.175641059875488,11.027356147766113,10.053121566772461,10.859848976135254,9.056626319885254,country,country.00089.wav
135.99917763157896,1927.440445022141,520.6316293637605,1972.1304878159112,288.35427873575287,3883.326518055824,1019.9777533674676,0.0990303913506192,0.04177905279243458,-91.68522644042969,115.86115264892578,-30.20094871520996,52.27314758300781,-5.025163650512695,16.953514099121094,-15.656588554382324,13.539406776428223,-12.762940406799316,15.96912670135498,-11.96989631652832,11.058927536010742,-9.962003707885742,42.00410461425781,24.04322052001953,14.839130401611328,14.841842651367188,15.472291946411133,10.043091773986816,11.12390422821045,9.332803726196289,9.845575332641602,9.561972618103027,8.309946060180664,8.02723503112793,7.832696914672852,country,country.00090.wav
117.45383522727273,1563.418330602126,612.3692259764956,1779.217568981513,377.50915968504427,3233.9637779968075,1242.9806742317326,0.06475622218459752,0.0364948809595604,-193.78868103027344,125.56073760986328,-20.924123764038086,46.3380012512207,-2.685431957244873,12.833369255065918,-6.601934432983398,10.727055549621582,-10.907483100891113,6.1092729568481445,-9.442731857299805,5.163946151733398,-3.6584975719451904,71.1726303100586,27.058666229248047,24.231599807739258,17.918148040771484,19.088176727294922,16.653675079345703,12.846570014953613,11.867410659790039,10.86303997039795,11.488872528076172,11.95040512084961,12.675335884094238,9.102028846740723,country,country.00091.wav
161.4990234375,2334.872868912086,425.23412284111197,2212.4728152145813,242.4214407291592,4838.912406425358,789.357635664914,0.12121959957914087,0.03629934254034809,-50.776329040527344,96.7171630859375,-24.326112747192383,66.07612609863281,-14.680636405944824,24.391263961791992,-21.017484664916992,12.469586372375488,-18.131816864013672,13.26716423034668,-12.802163124084473,9.79845142364502,-11.344080924987793,27.1080379486084,15.431953430175781,13.616228103637695,11.878087043762207,8.59322738647461,7.732936859130859,9.257553100585938,8.211668968200684,8.483973503112793,7.429116249084473,6.713641166687012,6.640470504760742,6.317265510559082,country,country.00092.wav
86.1328125,1537.7642290059293,582.5972051678358,1716.1980066788378,309.5707392114725,3055.1981923011804,1085.7815218707779,0.068123926688274,0.04343571475975772,-213.60235595703125,117.21269989013672,-21.871768951416016,45.65765380859375,-10.274457931518555,5.0603156089782715,-11.910964965820312,5.5678558349609375,-17.804630279541016,0.1869996190071106,-14.165857315063477,-1.1532572507858276,-10.30638313293457,64.7348861694336,25.024993896484375,22.639354705810547,17.05686378479004,17.31056785583496,13.102930068969727,14.237120628356934,10.01563835144043,12.829299926757812,11.302812576293945,10.963227272033691,10.39478588104248,8.911266326904297,country,country.00093.wav
112.34714673913044,1474.927396796844,585.9901652275937,1745.852486748969,389.8427893042775,3108.406203892947,1238.6288338976526,0.06299281636996903,0.031171800922215564,-104.37175750732422,136.39382934570312,-20.94023895263672,52.86117172241211,2.0258889198303223,20.427709579467773,-11.619366645812988,17.663803100585938,-15.735387802124023,11.049824714660645,-11.320436477661133,3.6714112758636475,-6.496494293212891,45.80698776245117,29.686120986938477,19.44080924987793,14.562286376953125,14.043578147888184,13.003778457641602,10.449577331542969,8.897997856140137,8.785828590393066,9.985208511352539,7.987659454345703,8.954607963562012,8.072763442993164,country,country.00094.wav
89.10290948275862,1555.9530444453296,640.4287684077924,1761.569704273558,343.57673029495464,3218.1472069707816,1174.012359387546,0.0672293742743808,0.05846037972127683,-124.83956909179688,127.38223266601562,-23.38180923461914,47.3604621887207,0.5631106495857239,15.991254806518555,-9.954187393188477,16.18013572692871,-16.729549407958984,6.785199165344238,-8.1870698928833,3.2049856185913086,-1.5920391082763672,51.1319580078125,26.914592742919922,17.705463409423828,14.432404518127441,15.25342845916748,14.522317886352539,11.276167869567871,9.471460342407227,13.381936073303223,10.256739616394043,10.332898139953613,8.575233459472656,8.141549110412598,country,country.00095.wav
117.45383522727273,1754.1360136048193,570.2404007225132,1861.9987406181792,344.38797642463516,3504.895473043247,1150.1022447731125,0.09739925986842106,0.04570086341082459,-69.88548278808594,124.21145629882812,-32.470191955566406,47.694705963134766,1.3983787298202515,22.6176700592041,-8.754297256469727,21.443510055541992,-15.665969848632812,15.743200302124023,-12.42722225189209,9.581969261169434,-9.056124687194824,48.37107467651367,24.1013240814209,18.161209106445312,12.923351287841797,11.18757438659668,10.286855697631836,12.28832721710205,9.057706832885742,9.450053215026855,9.340476989746094,8.134088516235352,8.758306503295898,7.332408905029297,country,country.00096.wav
112.34714673913044,1560.8796813263718,762.9451385070851,1782.7974966049746,409.30511496316933,3175.26413294553,1390.607111281579,0.06718742441466719,0.052161440448583236,-148.44178771972656,126.85914611816406,-19.540855407714844,52.850608825683594,8.579708099365234,17.891019821166992,-8.081844329833984,17.781461715698242,-15.505313873291016,13.504546165466309,-10.957894325256348,9.476343154907227,-1.9246047735214233,61.28898239135742,31.495630264282227,23.127456665039062,13.580146789550781,14.67358684539795,13.162113189697266,11.946433067321777,9.912322044372559,9.238117218017578,10.682807922363281,10.118950843811035,9.592884063720703,8.05733871459961,country,country.00097.wav
117.45383522727273,1425.2635079969477,517.9368714789694,1690.6857066356342,345.8866208912987,2980.9403079951144,1094.128462802037,0.0617449025251548,0.030974684731440178,-139.62306213378906,128.7935333251953,-20.249359130859375,49.44361114501953,-2.160360336303711,16.98802375793457,-8.35529613494873,9.8182954788208,-20.150693893432617,2.501784563064575,-11.247767448425293,3.7660369873046875,-6.424687385559082,45.49525833129883,24.309814453125,19.193721771240234,14.49329662322998,13.393881797790527,12.29056453704834,10.17851734161377,9.473794937133789,8.918424606323242,11.671318054199219,9.123551368713379,8.23778247833252,9.559289932250977,country,country.00098.wav
143.5546875,2157.205776680438,582.2423238400174,2160.0886591075173,296.23024107075133,4477.88958948094,1137.5446405251175,0.1082567150009675,0.0538803185365032,-42.16572189331055,106.2783203125,-24.220882415771484,44.67146682739258,-12.335060119628906,20.518545150756836,-16.044445037841797,18.488561630249023,-18.781009674072266,15.510899543762207,-15.464725494384766,8.930742263793945,-9.987847328186035,45.279136657714844,23.96713638305664,16.10357093811035,12.301298141479492,11.211256980895996,10.036338806152344,8.96815013885498,8.113115310668945,9.062541961669922,8.32308578491211,7.763075351715088,7.920656681060791,6.950289726257324,country,country.00099.wav
117.45383522727273,2297.0855298395068,948.6640183950326,2566.0415489788993,438.83338322816377,4888.128775487374,1972.9548194580339,0.09633501838235294,0.0838646739684809,-111.17790985107422,94.03520202636719,12.515315055847168,16.740259170532227,8.18167781829834,15.667252540588379,-1.3758585453033447,7.039429664611816,0.9736095666885376,-1.4805395603179932,-3.0693023204803467,-5.0681891441345215,-3.68412709236145,66.43893432617188,37.871116638183594,23.7417049407959,14.094525337219238,12.489455223083496,12.048630714416504,10.653084754943848,9.04589557647705,7.603946208953857,7.456785678863525,8.831934928894043,8.456354141235352,7.273697853088379,disco,disco.00000.wav
117.45383522727273,3290.4921281244474,744.6417283018883,2766.2269941018653,371.6791061604338,6514.877272095105,1439.539113100273,0.18854685685952013,0.066283854618143,-28.93470573425293,51.97178649902344,-7.610494613647461,21.60556411743164,8.1283597946167,18.120981216430664,6.875497341156006,6.584002494812012,0.7281345725059509,11.147645950317383,-1.8413448333740234,1.6686252355575562,-2.6266403198242188,33.86997985839844,22.90581703186035,19.509706497192383,13.463021278381348,8.937067985534668,9.70529556274414,8.766438484191895,7.335911750793457,6.917201042175293,7.793642044067383,6.460947036743164,6.766511917114258,6.5252885818481445,disco,disco.00001.wav
92.28515625,3591.73383244625,705.6884854773801,3398.251476007568,264.8413469368724,8074.159509995405,914.4831413906803,0.1533482790731424,0.06720628911920071,-53.18524932861328,57.17845916748047,21.168882369995117,11.324464797973633,18.122360229492188,1.6665678024291992,0.3438161611557007,2.3195996284484863,-5.109740734100342,2.749939203262329,3.152879238128662,-5.519138813018799,-3.1672284603118896,36.931644439697266,16.297313690185547,15.476670265197754,16.214059829711914,11.150677680969238,9.779764175415039,8.914761543273926,7.1192426681518555,9.248679161071777,7.282919883728027,7.625418186187744,7.1805219650268555,7.01853084564209,disco,disco.00002.wav
129.19921875,3048.5690425083776,883.8705078229883,2722.6250368277992,372.8560138060842,6212.837431822029,1401.4243896270848,0.14965177837171054,0.06873719532901394,-44.23429489135742,52.21940231323242,3.3025825023651123,43.80800247192383,12.616857528686523,24.422096252441406,4.970883846282959,15.33407974243164,2.0627644062042236,10.375375747680664,-1.5161041021347046,8.840579986572266,0.424858957529068,56.28437042236328,26.70461082458496,25.480941772460938,13.760933876037598,11.302897453308105,11.93254566192627,7.465120792388916,7.004605770111084,6.137333393096924,7.378913879394531,6.424958229064941,5.779076099395752,6.032938003540039,disco,disco.00003.wav
123.046875,3328.830808812161,800.6620294470287,3111.8212935297233,365.95348443675374,7196.373151182759,1391.7665644938959,0.16905150989260836,0.0715645923792043,-83.58349609375,64.47946166992188,5.655917644500732,2.701164722442627,0.7903158068656921,6.170802116394043,1.8922690153121948,1.979859709739685,-1.816444754600525,1.857466459274292,2.459876298904419,-0.2279338240623474,2.955510139465332,46.316307067871094,20.146127700805664,19.588783264160156,13.828344345092773,12.941789627075195,9.621338844299316,8.688804626464844,8.075958251953125,8.848038673400879,8.315767288208008,8.230329513549805,6.693418502807617,6.773156642913818,disco,disco.00004.wav
107.666015625,2722.0804866206827,660.5576738154233,2569.2334475067137,298.82535568984116,5469.600259408862,1297.513885678148,0.14455203596652477,0.06204898638445383,-24.691768646240234,73.74320220947266,-11.558470726013184,28.394289016723633,6.2409563064575195,2.4656217098236084,8.634088516235352,12.309107780456543,-4.102859020233154,13.385866165161133,1.9154304265975952,-0.9733684659004211,0.6083648204803467,39.4576530456543,24.089078903198242,17.220088958740234,14.525802612304688,11.084062576293945,10.130491256713867,10.17491340637207,8.574117660522461,8.233428001403809,7.280933856964111,6.319680690765381,7.562911033630371,5.9977922439575195,disco,disco.00005.wav
123.046875,2848.2245207476594,385.6632076680791,2490.6496151623014,281.55178880345125,5506.550035978618,912.1416315552608,0.16366529907604488,0.0365991020079963,-14.574394226074219,65.21034240722656,-19.872638702392578,31.508329391479492,-4.826449394226074,11.862319946289062,9.994608879089355,5.957391262054443,-3.8033697605133057,9.377888679504395,-4.387916088104248,3.339540958404541,-4.444170951843262,30.930387496948242,17.105382919311523,18.387292861938477,15.105892181396484,11.807519912719727,9.174661636352539,11.118584632873535,8.286324501037598,7.868570327758789,8.502997398376465,7.8985371589660645,7.909544467926025,6.94369649887085,disco,disco.00006.wav
129.19921875,3099.1841465490747,738.4402696155058,2728.3135813025015,359.5657454512544,6098.354790749565,1307.2722744951657,0.1402841101489938,0.05347043326100227,-53.4480094909668,56.161033630371094,-6.320986747741699,31.619056701660156,4.653374671936035,16.347412109375,4.119816780090332,1.8823280334472656,-0.3882387578487396,2.495932102203369,-0.5415108799934387,0.9562786221504211,0.49564817547798157,41.97893142700195,27.940893173217773,18.070724487304688,17.832359313964844,11.474494934082031,10.282320022583008,9.293659210205078,9.425180435180664,7.613078594207764,6.983410835266113,7.672360420227051,7.0203704833984375,6.4469828605651855,disco,disco.00007.wav
123.046875,2802.541418287883,556.5603868028409,2424.9610177239656,313.7097434639828,5449.683713174826,1083.8641180170628,0.16440792497097523,0.056134258539823005,-32.4671745300293,65.00106811523438,-26.697555541992188,30.282535552978516,5.743128776550293,11.739748001098633,-2.158412456512451,10.449981689453125,-2.361821174621582,5.323515892028809,-3.8081305027008057,-0.8611962199211121,-0.1878253072500229,40.18499755859375,20.366397857666016,19.589162826538086,14.708721160888672,12.802706718444824,11.102872848510742,11.726040840148926,8.99897289276123,9.808547019958496,8.631511688232422,9.888235092163086,7.66111421585083,8.235780715942383,disco,disco.00008.wav
129.19921875,3016.630571985955,753.0144032974318,2623.3927917379524,412.8897845656989,5954.647326395608,1401.5316263321656,0.17065354102167182,0.06878800778479255,-68.97056579589844,63.13103485107422,-15.85486125946045,28.00218963623047,8.183475494384766,7.321165084838867,-4.936118125915527,9.494792938232422,-0.9736147522926331,-1.603598713874817,-6.19012975692749,-3.9367525577545166,-1.1710126399993896,64.30965423583984,24.93666648864746,23.190746307373047,12.486235618591309,12.329032897949219,8.574098587036133,7.9485368728637695,6.349574089050293,7.110899925231934,7.546267986297607,7.433171272277832,7.068272590637207,6.856239318847656,disco,disco.00009.wav
107.666015625,2877.646855543141,581.1825663089487,2624.146129891107,276.52695369222806,5866.05619542739,1060.395535670017,0.15032410990712075,0.05951471278529785,-6.7841386795043945,61.12632369995117,-16.656654357910156,27.43199348449707,7.72236442565918,16.008893966674805,4.634706497192383,11.44950008392334,0.33629199862480164,9.832176208496094,3.185621738433838,5.025588035583496,-1.862208366394043,34.24005126953125,19.562664031982422,17.192331314086914,11.316621780395508,12.359539985656738,9.792343139648438,10.226877212524414,8.42903995513916,7.865485191345215,7.623892307281494,7.020654678344727,8.087631225585938,7.13223934173584,disco,disco.00010.wav
95.703125,3132.849239309041,792.5283414209126,3007.9676708192465,332.53588272663893,6864.0001609967585,1201.652585202421,0.13097653226586686,0.07374647961316932,-41.32794952392578,62.79434585571289,7.325326919555664,12.125494003295898,6.356637477874756,9.265047073364258,3.093090534210205,13.867353439331055,0.16360408067703247,8.06710147857666,-2.6970012187957764,-7.219517230987549,-3.245378255844116,38.87535095214844,22.771818161010742,18.8792667388916,13.194746017456055,10.341894149780273,11.617759704589844,11.073090553283691,8.66207218170166,8.458418846130371,7.76975679397583,8.39433479309082,7.8169169425964355,6.580533981323242,disco,disco.00011.wav
112.34714673913044,2739.0755703377026,699.1007048181152,2613.798191795889,360.00031093808224,5710.898800309597,1371.2068360823644,0.13174939229392416,0.06218414451623731,-57.66926956176758,68.38035583496094,-15.251751899719238,23.414113998413086,14.855438232421875,13.172660827636719,2.1979193687438965,12.811308860778809,0.06121471896767616,12.777957916259766,0.039405714720487595,3.369821310043335,0.8151105046272278,48.412506103515625,25.951034545898438,19.474863052368164,15.276276588439941,11.566164016723633,12.293128967285156,9.454947471618652,8.7461519241333,9.774773597717285,8.042651176452637,8.472329139709473,7.514152526855469,7.342935562133789,disco,disco.00012.wav
184.5703125,3391.8321168993366,769.1780774273367,3108.9716838169015,295.9736600013226,7204.406435939919,1162.9605182777552,0.15957688842395512,0.06959175580256804,-40.07042694091797,56.2091064453125,23.67975425720215,31.92544937133789,2.4516677856445312,2.5737195014953613,-2.4787797927856445,3.0920588970184326,1.8828637599945068,3.350966215133667,0.00014280903269536793,-1.5209647417068481,-2.4554946422576904,51.31704330444336,20.14596176147461,17.529342651367188,14.475109100341797,10.657238960266113,10.62126350402832,10.955781936645508,7.4612321853637695,9.846407890319824,8.088451385498047,6.708477020263672,7.223850727081299,6.438103675842285,disco,disco.00013.wav
103.359375,3087.483970853388,535.0500369905202,2812.6634814898784,241.57634378206478,6530.043847051567,979.7236944832774,0.156306688999613,0.05200051163441934,-23.927661895751953,61.22075653076172,-0.9586992263793945,25.331012725830078,0.39423462748527527,6.030254364013672,2.489081621170044,6.189191818237305,-0.32926690578460693,9.69687557220459,-5.507835388183594,1.0618181228637695,-2.436964750289917,32.49463653564453,19.231700897216797,13.169732093811035,10.753071784973145,8.34104061126709,9.081337928771973,7.481739044189453,6.187472820281982,7.726344108581543,8.258091926574707,6.731967926025391,6.239837646484375,6.965563774108887,disco,disco.00014.wav
123.046875,2361.735960891677,831.5797676422137,2806.608081873163,564.4705254430434,5438.25878225982,2270.1101437029283,0.09018917497097523,0.03945344429217535,-46.826416015625,103.72579956054688,22.14641571044922,9.23317813873291,2.2635014057159424,-4.791667938232422,4.809458255767822,0.9585230350494385,-9.410541534423828,-1.0655139684677124,-0.8630862236022949,-5.274380207061768,-1.7578693628311157,50.172821044921875,29.796512603759766,19.97260093688965,13.59739875793457,12.04989242553711,10.687335968017578,11.905965805053711,7.5169997215271,7.658453464508057,9.35407543182373,7.738970756530762,7.060204029083252,7.732052803039551,disco,disco.00015.wav
123.046875,2522.8702609517236,723.1552833297678,2564.5703679361486,427.2058202247394,5342.909358824739,1560.4554422330962,0.11443506010545666,0.047486323089410205,-36.030982971191406,83.65930938720703,-2.7294113636016846,32.392513275146484,9.196341514587402,4.13421630859375,0.03383917734026909,11.114394187927246,-2.890820264816284,7.905869007110596,0.6144370436668396,3.6502342224121094,3.7515382766723633,43.43854522705078,27.224271774291992,17.701732635498047,12.769864082336426,8.717132568359375,9.906214714050293,9.379091262817383,7.790539264678955,7.676418304443359,7.008976936340332,8.184440612792969,6.726195812225342,7.861987113952637,disco,disco.00016.wav
123.046875,2564.6775896822555,941.9069827990163,2670.2675671248467,542.689875296938,5388.992413500145,1957.4436998362482,0.12076004075561146,0.06479467245650906,-98.15684509277344,92.40119171142578,2.6636738777160645,19.3378963470459,3.5860509872436523,-1.7657073736190796,-1.7049834728240967,-3.1714422702789307,-9.092040061950684,-4.080456733703613,-5.185576438903809,-5.487850189208984,-4.233516216278076,58.65107727050781,29.345430374145508,20.767261505126953,16.811555862426758,13.791770935058594,11.836869239807129,8.587421417236328,8.627950668334961,8.806224822998047,7.346250534057617,8.071053504943848,7.249453544616699,6.831920623779297,disco,disco.00017.wav
123.046875,3043.380831699277,674.2775552824797,3001.1129616910393,332.6946814673754,6839.091978279799,1258.8944511656816,0.14359928284636223,0.052447509908184614,-73.15040588378906,71.75239562988281,12.095571517944336,1.3943438529968262,4.529426097869873,10.863226890563965,3.8709230422973633,0.9386609792709351,-5.979771614074707,9.034467697143555,-2.3677685260772705,3.5552120208740234,-0.14264005422592163,61.519630432128906,22.724756240844727,23.54707908630371,21.13055992126465,15.272297859191895,14.236675262451172,13.147159576416016,10.779794692993164,11.660250663757324,9.495134353637695,9.596479415893555,8.403228759765625,8.932306289672852,disco,disco.00018.wav
117.45383522727273,2117.5507614054177,961.4880400196917,2143.899286453212,747.3600332897192,4198.949609526171,2174.685873895299,0.10366263847232972,0.05283107384774578,-95.10371398925781,109.3531723022461,-30.161178588867188,16.35865592956543,20.03973388671875,11.96281623840332,3.485529899597168,6.173969268798828,5.2001824378967285,8.620757102966309,0.34259650111198425,0.3836270868778229,0.5362715125083923,92.61106872558594,40.46223831176758,29.30210304260254,15.944221496582031,17.428415298461914,8.250351905822754,10.454784393310547,6.834560394287109,5.7912397384643555,6.0691447257995605,5.807950496673584,6.052895545959473,6.05436897277832,disco,disco.00019.wav
161.4990234375,2117.828754709546,717.2307684145588,2114.987397636512,438.76261074273697,4351.2236887456465,1404.8511141960498,0.10330171850812693,0.04704912919051391,-103.96162414550781,105.80913543701172,-14.325732231140137,36.738468170166016,-10.34866714477539,16.810850143432617,-6.82280969619751,8.140344619750977,-4.461958885192871,0.9882636070251465,-10.006155014038086,0.3835429251194,-1.7078524827957153,54.64364242553711,37.6674919128418,20.95540428161621,15.266928672790527,14.118836402893066,9.335331916809082,8.74829387664795,8.629217147827148,8.166337013244629,8.880453109741211,8.82406997680664,7.991812229156494,7.499362468719482,disco,disco.00020.wav
107.666015625,3248.532892801311,826.9284023673356,3305.018067234049,472.3229174932791,7422.538450258804,1659.3141945164537,0.1240548054131192,0.044995280001122386,-115.1325454711914,70.42537689208984,31.2427921295166,11.176328659057617,13.064189910888672,3.8674581050872803,1.8087031841278076,4.970710754394531,-1.0388264656066895,3.926027774810791,-1.292635202407837,-0.6884156465530396,-1.075135350227356,50.395992279052734,21.962406158447266,28.616029739379883,15.826472282409668,11.219667434692383,10.715290069580078,7.187723636627197,8.815499305725098,8.843524932861328,7.3065619468688965,9.061842918395996,7.66536808013916,6.375241279602051,disco,disco.00021.wav
123.046875,3707.487312505618,895.4744101326662,3249.3744818532323,334.96506590709697,7806.927792575706,1305.0578646860645,0.17289993711300308,0.09129611456605723,-71.94239044189453,46.88916015625,21.026212692260742,29.950956344604492,9.497893333435059,2.405278444290161,8.244611740112305,2.5142548084259033,-2.1629693508148193,0.4397124648094177,-0.23318740725517273,-1.556515097618103,-3.6136648654937744,45.71868896484375,21.372257232666016,15.001790046691895,13.600836753845215,11.820897102355957,9.682901382446289,8.813251495361328,8.05118179321289,6.359784126281738,7.903039455413818,7.280691623687744,6.9903130531311035,5.9768524169921875,disco,disco.00022.wav
112.34714673913044,3167.808308145324,837.30176773903,2934.994369827443,316.19713045865325,6730.517634813999,1408.8451578314366,0.15100324412248453,0.08116006648234539,-32.17341232299805,60.033607482910156,3.3775675296783447,18.96906852722168,4.3263349533081055,0.6811348795890808,-2.0263912677764893,1.3316941261291504,-4.646989822387695,3.789341688156128,-6.734154224395752,-4.892331123352051,-2.343729257583618,52.41401672363281,27.74861717224121,20.138948440551758,19.4715633392334,16.94287872314453,13.5226469039917,12.895146369934082,10.327096939086914,9.415565490722656,8.46243953704834,7.552238464355469,6.2246551513671875,7.635767936706543,disco,disco.00023.wav
129.19921875,2625.095043461179,585.4210012066426,2709.9901686000894,360.5367452807425,5606.407765485923,1452.526614192285,0.12025853207236842,0.03886628306928901,-69.59933471679688,83.0595703125,-16.599525451660156,0.11946935206651688,7.415704250335693,0.7696188688278198,1.337007999420166,4.690686225891113,-1.4208714962005615,3.3284730911254883,-2.8755643367767334,-8.202937126159668,-5.765528202056885,48.217472076416016,20.99051284790039,17.483060836791992,13.759998321533203,10.225967407226562,10.03850269317627,8.664892196655273,7.707857131958008,8.618706703186035,8.159071922302246,7.837821960449219,8.078998565673828,6.922665119171143,disco,disco.00024.wav
123.046875,2410.0020281305497,770.4081896722614,2575.8047598645294,454.3086225983124,5080.294280155525,1761.9175250924695,0.0996603950996517,0.050123410109899146,-124.19867706298828,90.169677734375,-11.31260871887207,10.940361976623535,-1.1521435976028442,-3.75439715385437,-0.8530473709106445,-3.8402538299560547,-3.708951473236084,-0.2670247256755829,-5.823245048522949,-3.430600643157959,-4.625741481781006,68.41375732421875,29.91717529296875,16.515249252319336,15.650411605834961,10.616629600524902,13.543920516967773,11.009570121765137,10.880989074707031,10.174665451049805,9.262861251831055,8.584736824035645,8.025863647460938,9.557286262512207,disco,disco.00025.wav
117.45383522727273,3042.993183926036,887.0668506165708,2969.1343437380074,347.05609304708395,6611.985018231182,1552.6499721650948,0.1315751681017802,0.0744159069546085,-68.09458923339844,66.36573028564453,11.869311332702637,21.982038497924805,9.769292831420898,6.696674346923828,1.6115297079086304,3.8194947242736816,0.9587365388870239,4.773913860321045,-4.204498291015625,-0.058831147849559784,-1.2347757816314697,51.73375701904297,23.354137420654297,17.996585845947266,18.501441955566406,12.88342571258545,10.988838195800781,11.506767272949219,8.25214672088623,8.517562866210938,8.843121528625488,7.859811782836914,7.226171493530273,7.310322284698486,disco,disco.00026.wav
112.34714673913044,2909.983968555962,1220.6579954235506,2990.754025172008,517.9792393956146,6351.153262111794,2119.8134980875584,0.10124882086880804,0.07425717021928806,-155.63731384277344,60.56849670410156,23.1668643951416,31.18634796142578,25.054384231567383,16.906993865966797,9.438360214233398,8.449132919311523,5.317451000213623,6.556657314300537,5.762754440307617,3.9231863021850586,7.55971622467041,81.18011474609375,35.086875915527344,37.68122482299805,17.876399993896484,16.216962814331055,12.340705871582031,10.809048652648926,10.990595817565918,9.758986473083496,7.896309852600098,9.337791442871094,7.517828464508057,8.199296951293945,disco,disco.00027.wav
123.046875,3713.366946149792,1011.5591369664879,3188.443143865485,289.35219307490433,7726.378279647591,1247.1379080939628,0.1982474784732972,0.11595202962257423,-20.481245040893555,53.708106994628906,5.945927143096924,10.153067588806152,17.057161331176758,9.541378021240234,4.611902713775635,6.3989410400390625,-0.3333010971546173,1.7238894701004028,3.6845264434814453,-0.7746317982673645,-5.887972831726074,41.058441162109375,20.769689559936523,19.06772804260254,14.319427490234375,11.221384048461914,7.7671403884887695,8.625853538513184,7.019013404846191,7.298027038574219,8.011362075805664,8.983935356140137,6.35945987701416,6.89724588394165,disco,disco.00028.wav
103.359375,3075.059149844922,620.1865781789173,3031.881214983589,345.2589960096408,6848.758586493808,1414.3474416394845,0.13853393176760836,0.049965613022775475,-59.00656509399414,68.8701171875,-8.457221984863281,3.5900607109069824,5.072522163391113,3.284627914428711,13.525486946105957,-1.369273066520691,1.6712125539779663,3.7126450538635254,-3.7159910202026367,-0.3171887695789337,-2.835763454437256,42.96726608276367,18.38621711730957,15.013961791992188,13.6305513381958,11.4249267578125,10.5382719039917,9.72426986694336,9.32086181640625,9.206868171691895,8.656051635742188,9.240933418273926,7.435593128204346,7.7340826988220215,disco,disco.00029.wav
135.99917763157896,3168.1112406928287,819.4340019517382,3047.644241281729,283.2240572429488,6935.358062838623,1304.1917746552558,0.1508622774767802,0.07706370250611315,-40.7292366027832,63.94740295410156,4.904890060424805,16.340808868408203,12.100067138671875,9.339080810546875,4.540617942810059,5.189632415771484,-0.5894374251365662,-0.06985209137201309,2.9546146392822266,-1.4821672439575195,-1.7598724365234375,44.74850082397461,20.898883819580078,14.777390480041504,15.734881401062012,14.131888389587402,9.623412132263184,9.527680397033691,7.990306377410889,7.654205799102783,8.284868240356445,7.163671016693115,6.377660751342773,6.191878318786621,disco,disco.00030.wav
123.046875,3257.126964639291,623.5034428380051,2898.084209645412,305.46803395884626,6681.101266961348,1261.4229139633467,0.17381451964009287,0.05277311399564429,-66.56880950927734,58.31061935424805,-8.17902660369873,15.493414878845215,5.575188636779785,7.697162628173828,4.071543216705322,-3.583530902862549,-1.321885108947754,1.608825922012329,-5.482532978057861,-3.7345495223999023,-3.239858627319336,49.27593231201172,18.31797218322754,16.094785690307617,15.326261520385742,11.911059379577637,10.97594928741455,9.250744819641113,9.646316528320312,8.394100189208984,7.121554851531982,7.138974189758301,8.08257007598877,6.59097146987915,disco,disco.00031.wav
112.34714673913044,2447.5053952029866,700.5133247560203,2449.620395814775,463.9384151330841,4959.620009856328,1627.708866018092,0.12327627648510062,0.052494197749285536,-123.20343780517578,86.96167755126953,-22.49518585205078,6.931238651275635,8.458765983581543,12.637701034545898,-0.8590043187141418,-0.8323706388473511,-3.2620909214019775,2.6230344772338867,-0.7835581302642822,-0.4259602129459381,-3.829258441925049,76.5809555053711,30.938825607299805,22.82101821899414,17.581321716308594,13.027555465698242,11.946551322937012,11.497784614562988,11.121635437011719,9.634634017944336,8.524042129516602,7.868382453918457,7.949559688568115,7.895135879516602,disco,disco.00032.wav
129.19921875,2450.4078120136996,638.8408965110618,2388.143725140329,418.3861802519044,5024.452951153735,1342.4819809585317,0.12449924717008513,0.04079810968307279,-57.80061340332031,86.53878021240234,-11.77696704864502,38.776798248291016,2.375864028930664,8.829936981201172,-1.2931183576583862,9.917737007141113,-1.6644961833953857,9.836173057556152,3.0134122371673584,7.524685382843018,1.717929482460022,46.61643600463867,27.832416534423828,21.238819122314453,14.912636756896973,10.99988079071045,8.952430725097656,7.628690719604492,7.91232442855835,7.154642581939697,7.450596809387207,9.272571563720703,9.215060234069824,8.662723541259766,disco,disco.00033.wav
129.19921875,3653.396938317012,564.3777659404316,3234.1734231198407,248.87316412762124,7835.32762084583,745.7352443140466,0.18083450742550308,0.056617282516308994,-65.79325866699219,52.83180236816406,16.578832626342773,12.546979904174805,5.6043381690979,8.383380889892578,-0.6104741096496582,-0.6237841844558716,-4.082043170928955,0.6868590116500854,-7.7874579429626465,-1.8914624452590942,-7.249997615814209,40.1284065246582,13.913105010986328,18.014394760131836,15.03920841217041,11.63943862915039,12.383800506591797,8.576455116271973,8.23324966430664,8.439689636230469,8.969669342041016,7.866211414337158,6.973804950714111,8.445613861083984,disco,disco.00034.wav
123.046875,3623.816329797985,957.6295129174905,3229.652358619963,327.7954023565275,7702.895088313903,1380.4504612734572,0.1764282604489164,0.0855581751534182,-51.813499450683594,55.66841506958008,11.39661979675293,7.471485614776611,12.000198364257812,6.259165287017822,4.356969833374023,4.310425758361816,-5.940892219543457,0.5657939314842224,3.59938907623291,-2.3887081146240234,-5.823011875152588,43.255680084228516,24.29900360107422,17.40976905822754,13.196680068969727,11.10244083404541,8.122298240661621,9.159212112426758,6.846170425415039,7.468336582183838,7.253963470458984,9.727822303771973,6.928507328033447,7.10752010345459,disco,disco.00035.wav
135.99917763157896,3348.2009991791724,541.377611494637,3013.270649779574,268.40830837468445,7057.757322707043,952.0410469595029,0.16205155222039475,0.04994181001944214,-23.558338165283203,57.34353256225586,7.011987209320068,16.52512550354004,5.500359058380127,11.859777450561523,1.674933910369873,5.46185827255249,2.7552292346954346,7.339150428771973,1.9634922742843628,1.2612274885177612,-2.3459413051605225,39.81442642211914,17.080183029174805,15.809082984924316,11.910387992858887,9.089364051818848,10.503323554992676,7.470072269439697,6.715094089508057,6.923092842102051,6.8191118240356445,6.4454426765441895,6.862238883972168,6.7271928787231445,disco,disco.00036.wav
129.19921875,3637.551798162976,697.7662669492919,3198.8678390173886,247.31591664652487,7771.0863426373835,1005.957420979474,0.19009560032894737,0.0716635016040507,-26.56824493408203,52.04786682128906,4.177975177764893,12.859308242797852,16.74013900756836,10.133736610412598,4.475160121917725,6.326910495758057,1.1580265760421753,0.6461885571479797,4.612163066864014,2.1431961059570312,-3.3678746223449707,42.14534378051758,17.500329971313477,13.892708778381348,13.311802864074707,10.882696151733398,8.270050048828125,8.216522216796875,6.841350078582764,5.8632941246032715,8.04866886138916,9.506784439086914,5.688098907470703,6.9996795654296875,disco,disco.00037.wav
123.046875,3354.360372505759,749.0709033340834,2987.367057986614,333.950258701142,7044.907400408765,1326.8936058793706,0.16828847595781735,0.07504607238199056,-77.39574432373047,52.15557098388672,-8.997961044311523,12.85235595703125,8.56609058380127,2.8920133113861084,8.930742263793945,4.0137529373168945,-7.34464168548584,-2.2605180740356445,0.9621685147285461,-1.0486537218093872,-3.7624762058258057,42.231285095214844,21.735960006713867,22.02605438232422,17.297897338867188,12.894540786743164,14.921310424804688,12.438652992248535,9.924654006958008,9.49718952178955,9.623671531677246,8.183754920959473,8.646015167236328,7.866833686828613,disco,disco.00038.wav
112.34714673913044,2328.7358232995766,580.9787986835498,2432.2106054853166,506.36038671486193,4868.278895516883,1400.3298290984155,0.10118608504256967,0.028192376141641662,-107.36451721191406,91.02146911621094,-8.338967323303223,34.284461975097656,-1.9262820482254028,3.796600580215454,10.53145694732666,5.561392307281494,6.944074630737305,4.777405261993408,0.6849833726882935,-3.8546648025512695,-2.5791146755218506,48.76862716674805,26.568939208984375,24.05046844482422,17.333168029785156,11.333244323730469,12.286437034606934,9.271169662475586,9.76531982421875,9.484076499938965,8.014211654663086,7.891968250274658,7.0340728759765625,6.793675422668457,disco,disco.00039.wav
135.99917763157896,2605.158778871083,638.0967251815713,2533.400411803869,355.3431837232599,5352.617633453464,1240.6108994375163,0.12638850256385448,0.04925769241814541,-78.3511734008789,80.07461547851562,-9.167376518249512,25.477052688598633,-3.3905441761016846,16.80940055847168,7.270705699920654,1.8186620473861694,0.49557429552078247,6.32031774520874,1.4938976764678955,2.163630247116089,0.6581047177314758,51.15778350830078,25.295740127563477,16.84514808654785,16.710796356201172,13.188244819641113,9.21357250213623,11.65609359741211,9.932334899902344,9.90345573425293,8.01154899597168,8.16450023651123,7.767425060272217,7.831818103790283,disco,disco.00040.wav
161.4990234375,1776.3958801199312,787.2268049940943,2452.7444237351056,555.2114526367646,3874.7765697561917,2176.9221964604053,0.053842455979102165,0.036524757658491516,-122.06816864013672,116.81796264648438,28.333023071289062,24.72945213317871,10.946229934692383,-1.8944624662399292,-1.4049607515335083,-0.9484211206436157,-3.5381524562835693,-2.6139371395111084,-1.1199347972869873,-4.180541038513184,-2.552187919616699,65.96478271484375,30.268190383911133,20.093992233276367,16.73447608947754,13.843334197998047,11.678607940673828,11.191997528076172,8.074482917785645,8.915167808532715,7.95051908493042,8.176520347595215,7.479684352874756,6.551739692687988,disco,disco.00041.wav
103.359375,2403.9325975307147,553.1104080813978,2395.0072403556587,388.38798862452995,4901.478694762239,1279.9224537573875,0.12167764669601393,0.040131270575254195,-62.30523681640625,92.05400085449219,-19.720611572265625,17.629362106323242,-3.1775431632995605,5.419750213623047,-4.000616073608398,8.885711669921875,-2.490158796310425,3.1609385013580322,-0.5298750996589661,-1.4906911849975586,1.298332929611206,59.267356872558594,24.128311157226562,19.777236938476562,10.792852401733398,8.622544288635254,9.521261215209961,8.161307334899902,7.321292877197266,7.0413031578063965,6.084502696990967,6.794550895690918,6.321690082550049,7.532873153686523,disco,disco.00042.wav
129.19921875,2875.523793893122,1129.5332800836657,2760.719592455261,731.8776354371598,6020.16359689435,2427.2757022625447,0.13478414340654024,0.07237925219544916,-62.78811264038086,77.84590148925781,3.535339117050171,26.012876510620117,5.932444095611572,11.292922973632812,11.104592323303223,-1.959661602973938,1.8299740552902222,9.186840057373047,4.068376541137695,0.9767575263977051,5.618281841278076,61.341190338134766,36.694156646728516,26.944421768188477,15.947515487670898,13.833109855651855,9.421417236328125,9.861135482788086,11.02017593383789,8.33394718170166,9.18862533569336,7.7817511558532715,7.055290222167969,8.204339027404785,disco,disco.00043.wav
123.046875,2330.4341487066677,702.651614962031,2437.648116063216,494.85698973920324,4645.41357648631,1748.7276942282301,0.1095964650251548,0.040398612847045066,-71.24205017089844,97.7214584350586,-18.355274200439453,8.578152656555176,5.202038764953613,-0.9389216899871826,0.46801549196243286,1.6290961503982544,-4.778090953826904,0.06490772217512131,-0.548708975315094,-4.452000141143799,-5.314455986022949,63.750343322753906,31.033132553100586,20.514806747436523,16.44229507446289,14.620771408081055,12.224696159362793,10.937366485595703,8.386610984802246,8.583002090454102,8.650075912475586,7.8849968910217285,6.852473258972168,6.686583995819092,disco,disco.00044.wav
123.046875,2248.158016320912,916.9718776262599,2368.7379081969507,571.8063862765398,4609.87212473394,1933.6204970626998,0.10974196679082818,0.06587269052827661,-81.29733276367188,106.4761962890625,-9.534991264343262,17.970006942749023,3.011077880859375,8.301613807678223,3.8938748836517334,4.249102592468262,-3.739396572113037,-2.078542947769165,-2.2060985565185547,-4.587527751922607,-1.1600444316864014,63.231300354003906,38.4405517578125,20.563913345336914,15.330824851989746,13.745267868041992,12.120687484741211,10.046119689941406,7.137539863586426,7.43024206161499,6.157126426696777,6.577474117279053,6.6305155754089355,6.756292819976807,disco,disco.00045.wav
123.046875,2259.667499272963,528.0524391943451,2272.8689550340846,370.86354390050195,4889.170435855263,1221.1662855147067,0.11426008005998452,0.04781064789061981,-125.69445037841797,101.7862777709961,-17.48869514465332,33.677490234375,-15.244757652282715,23.698762893676758,-8.658020973205566,18.546085357666016,-14.059921264648438,19.96295928955078,-15.148183822631836,12.975601196289062,-14.307978630065918,55.731136322021484,20.116222381591797,21.117599487304688,17.791584014892578,12.433478355407715,14.861265182495117,12.352014541625977,9.986703872680664,8.624667167663574,8.751168251037598,8.598052024841309,8.365425109863281,9.931827545166016,disco,disco.00046.wav
123.046875,1710.8442048759703,647.2008645825788,1620.146459083234,343.75276770619666,3238.938747913845,1101.5139951202045,0.08702290537925697,0.05300927863510807,-280.9080810546875,120.81539916992188,-37.61225509643555,28.736146926879883,-10.789444923400879,-6.406518936157227,-13.808621406555176,-4.062507629394531,-14.859973907470703,4.791967391967773,-20.174318313598633,-5.093949794769287,-6.792037487030029,62.992897033691406,24.111610412597656,26.63509178161621,16.392610549926758,12.81089973449707,13.214101791381836,10.870545387268066,10.163208961486816,10.169891357421875,14.615184783935547,8.629634857177734,8.247864723205566,8.437114715576172,disco,disco.00047.wav
99.38401442307692,2616.176846102278,585.4895108671783,2155.8346500424695,309.17165854734264,4983.836530089009,1074.130304052009,0.15437434996613777,0.05761921237132107,-105.02068328857422,80.22213745117188,-41.111576080322266,54.025760650634766,-8.379423141479492,25.721208572387695,-12.471841812133789,28.713754653930664,-15.008991241455078,15.610892295837402,-7.617063522338867,12.414464950561523,-7.368524551391602,49.57181167602539,21.694683074951172,22.800640106201172,14.859602928161621,12.451706886291504,12.360772132873535,10.00352668762207,8.96267032623291,8.32697868347168,7.532392978668213,7.515415668487549,8.031367301940918,7.609025001525879,disco,disco.00048.wav
123.046875,2397.052524918614,751.9924292904948,2208.5337721945857,366.7728895383686,4920.695245229053,1324.918790227663,0.13532117719620743,0.07365593131210514,-45.13199996948242,98.67164611816406,-24.668424606323242,40.512596130371094,-18.104604721069336,26.11530303955078,-12.694840431213379,13.988503456115723,-15.421141624450684,16.17926025390625,-14.377716064453125,8.14035701751709,-11.9398193359375,60.12588882446289,30.2385196685791,22.369918823242188,13.150057792663574,12.316132545471191,10.508078575134277,11.877615928649902,8.423179626464844,7.897736072540283,7.852210521697998,7.510185718536377,6.836050033569336,7.846003532409668,disco,disco.00049.wav
107.666015625,2376.1512622758464,442.7406752815856,2258.535035544069,260.96160608078634,5006.728058333736,956.5569100578626,0.12878191212751547,0.036077468264831714,-45.805320739746094,101.74009704589844,-32.078636169433594,34.265602111816406,-17.547401428222656,32.327186584472656,-15.645261764526367,22.041263580322266,-16.110876083374023,18.677486419677734,-13.079385757446289,16.4752197265625,-9.913808822631836,36.4543571472168,18.113819122314453,17.155431747436523,12.526665687561035,10.786818504333496,8.878400802612305,10.005803108215332,6.8489837646484375,7.304912090301514,8.395048141479492,6.889642238616943,6.3087992668151855,5.773815631866455,disco,disco.00050.wav
107.666015625,2651.320247246162,454.49445073681557,2309.039109488247,231.19893344214873,5372.017516145027,842.0089250966087,0.15772391398993807,0.042070515672330396,-77.19868469238281,89.36663055419922,-34.23228073120117,38.68126678466797,-22.269874572753906,31.254671096801758,-16.385425567626953,22.344226837158203,-16.015026092529297,19.283666610717773,-13.230426788330078,16.724140167236328,-10.393917083740234,40.69599914550781,17.877962112426758,16.994117736816406,12.111468315124512,10.63264274597168,8.575846672058105,9.774298667907715,6.769490718841553,7.179442405700684,8.110939025878906,6.831801891326904,6.057431221008301,5.63016414642334,disco,disco.00051.wav
123.046875,2591.5017766838123,506.0127241883295,2163.1024960936247,259.1315670439758,5062.136056622485,973.4288057348673,0.16987803550696595,0.051592650994243386,-70.51618194580078,90.47600555419922,-48.08651351928711,36.67485046386719,-17.666038513183594,21.60397720336914,-30.18695068359375,24.03990936279297,-20.447668075561523,14.482979774475098,-18.50306510925293,9.126518249511719,-12.047066688537598,40.524269104003906,18.850536346435547,18.177751541137695,14.291255950927734,12.800237655639648,11.498855590820312,9.950455665588379,9.904122352600098,9.266915321350098,8.8037748336792,9.28368854522705,7.343688011169434,7.718198776245117,disco,disco.00052.wav
135.99917763157896,3079.468912826982,1109.1913283676354,2709.9666043643942,385.85093315106667,6405.727932106231,1334.3274240501257,0.15430745694659442,0.09950169977062846,-108.5107650756836,69.93312072753906,14.870285034179688,45.53962326049805,-5.384937286376953,41.803653717041016,-13.5187406539917,32.55927658081055,-20.397464752197266,23.435903549194336,-12.123883247375488,17.99940299987793,-9.03880786895752,106.6417007446289,41.68592071533203,37.91831588745117,16.871633529663086,15.348488807678223,11.707653999328613,9.442378044128418,9.156441688537598,9.054889678955078,8.260490417480469,7.254019260406494,6.731741428375244,7.213389873504639,disco,disco.00053.wav
112.34714673913044,2566.1260441601803,908.7582428042685,2533.6870788134956,336.68438692544413,5521.508278861504,1464.1119280824223,0.11465010037732198,0.07463031234675307,-226.3543243408203,78.27161407470703,7.845218658447266,53.85680389404297,-1.1519348621368408,11.302834510803223,-7.848479270935059,24.365110397338867,-14.952828407287598,18.494565963745117,-19.137502670288086,6.156276702880859,-10.068167686462402,62.06947708129883,27.00348663330078,25.251157760620117,15.757667541503906,13.821889877319336,13.491814613342285,13.363629341125488,10.481308937072754,10.807154655456543,9.974674224853516,9.659463882446289,8.205422401428223,8.324959754943848,disco,disco.00054.wav
129.19921875,2108.1997863703064,494.7485599382461,2072.6349671204407,346.6549631583788,4398.706734955495,1053.5258171904159,0.11041618795955882,0.041766071561369925,-103.09194946289062,107.49750518798828,-33.526493072509766,52.796356201171875,-9.143341064453125,30.36568832397461,-9.337431907653809,23.046274185180664,-11.900222778320312,18.170902252197266,-7.554081916809082,9.401474952697754,-5.444427967071533,52.63697052001953,21.100862503051758,21.174907684326172,11.73784351348877,9.914521217346191,9.28066635131836,9.518198013305664,8.086973190307617,9.272589683532715,7.1222147941589355,8.484177589416504,6.375432968139648,7.0363898277282715,disco,disco.00055.wav
89.10290948275862,1755.2903582545093,564.7535929810657,2043.0111365643288,361.42003503990287,3816.2602569296632,1285.1450647129939,0.07696816648123066,0.03752317729484583,-182.78819274902344,124.18509674072266,-10.06248664855957,41.59244918823242,-7.3899946212768555,26.952116012573242,-12.362844467163086,19.8203067779541,-16.069171905517578,16.206390380859375,-10.253923416137695,3.1237123012542725,-8.989256858825684,55.90946578979492,23.999317169189453,17.332582473754883,12.423271179199219,10.765244483947754,10.740626335144043,9.777901649475098,9.244529724121094,8.636998176574707,8.385296821594238,7.376351356506348,9.01826286315918,6.859817028045654,disco,disco.00056.wav
117.45383522727273,1937.935756160484,359.93044948043485,2099.948883012934,257.4662000213545,4164.391485161087,932.9259494938345,0.09247298580205109,0.023773244375785093,-143.208984375,122.59268951416016,-23.920421600341797,28.148860931396484,-23.689157485961914,23.081340789794922,-17.911197662353516,18.753313064575195,-18.636001586914062,18.356426239013672,-13.914460182189941,9.73025894165039,-12.243754386901855,45.25779724121094,15.248003959655762,17.46145248413086,13.575072288513184,12.248425483703613,9.691816329956055,10.245453834533691,7.788833141326904,8.71514892578125,8.126937866210938,6.7170090675354,7.021717071533203,6.306014060974121,disco,disco.00057.wav
129.19921875,2217.9682141739054,625.0685226474998,2245.210277412835,314.3337141864219,4743.712982083252,1166.7948270429831,0.1109932819756192,0.06026967802700165,-109.59149932861328,104.14510345458984,-16.2174129486084,45.37646484375,-10.19576644897461,25.55859375,-17.158018112182617,22.278688430786133,-16.850662231445312,16.53579330444336,-12.09670639038086,8.670637130737305,-8.847189903259277,55.382469177246094,23.45518684387207,21.138553619384766,12.816699028015137,11.516265869140625,12.690439224243164,9.673152923583984,8.554226875305176,8.26417350769043,10.51331901550293,9.029205322265625,9.065662384033203,8.102907180786133,disco,disco.00058.wav
123.046875,2279.818496274842,763.2303321037775,2269.7688540934123,390.19865629584257,4828.345803653493,1528.5548258394458,0.1102181543875774,0.06897556685864786,-109.05280303955078,106.84856414794922,-18.279069900512695,23.42359161376953,-17.76458168029785,19.019662857055664,-13.615213394165039,18.686105728149414,-18.371767044067383,18.40284538269043,-9.714786529541016,11.857382774353027,-5.56052303314209,64.2242660522461,31.997844696044922,20.815507888793945,13.13733196258545,11.34465217590332,12.909893989562988,11.767044067382812,9.416892051696777,9.728766441345215,8.744378089904785,8.134567260742188,8.914177894592285,8.572948455810547,disco,disco.00059.wav
129.19921875,1975.2274580999904,592.1647824555216,2090.041185049888,424.769810662327,4251.4826251995455,1399.7656801647063,0.09303307311822756,0.04116394431581023,-121.09522247314453,116.94249725341797,-22.786970138549805,45.14893341064453,-4.239051342010498,30.256324768066406,-12.24527359008789,21.729875564575195,-16.54076385498047,16.2332820892334,-10.655169486999512,7.330419540405273,-9.353951454162598,59.29147720336914,26.057151794433594,21.41814613342285,11.900148391723633,10.95736312866211,9.731945037841797,9.2167387008667,7.944692611694336,8.859445571899414,6.995612144470215,8.264937400817871,6.617658615112305,6.988112449645996,disco,disco.00060.wav
123.046875,2550.135383866737,694.6447980974901,2486.0206503089084,368.21520978161897,5585.291226508079,1393.7952892361336,0.11589045568885449,0.0504051418442315,-91.88630676269531,87.60405731201172,-2.0581753253936768,34.28553771972656,-18.153369903564453,19.344701766967773,-14.697327613830566,17.116172790527344,-15.334747314453125,17.040912628173828,-13.558690071105957,11.848033905029297,-9.811619758605957,73.47974395751953,22.834030151367188,24.736919403076172,15.730679512023926,15.105977058410645,15.805407524108887,11.894416809082031,12.137595176696777,9.225778579711914,11.033554077148438,12.179235458374023,11.011008262634277,11.808476448059082,disco,disco.00061.wav
107.666015625,2387.922380957909,660.8889109659684,2191.0049201766205,315.73121032818597,4919.661918144108,1186.6202211116085,0.12770671076818885,0.06207232489706786,-107.86759948730469,81.93658447265625,-30.634069442749023,41.33193588256836,-8.509502410888672,31.333730697631836,-8.86906909942627,26.030902862548828,-8.280141830444336,17.894874572753906,-4.652872085571289,7.425512313842773,-4.352715969085693,71.58432006835938,25.965303421020508,26.199968338012695,17.75003433227539,14.269417762756348,13.158026695251465,13.474125862121582,10.017232894897461,10.684311866760254,9.435733795166016,8.893227577209473,6.756163120269775,7.705340385437012,disco,disco.00062.wav
129.19921875,2583.326723139977,663.8300125969068,2626.356286005615,351.14782187289376,5855.539592353183,1245.666958806157,0.09977263931888544,0.05808054176643849,-51.776084899902344,70.33135223388672,-3.911700487136841,49.742279052734375,1.5879707336425781,35.703487396240234,-4.088695049285889,24.78790855407715,-9.707021713256836,22.039281845092773,-6.11499547958374,17.181259155273438,-2.7664239406585693,53.388912200927734,18.892528533935547,20.401636123657227,13.622989654541016,10.960737228393555,9.317256927490234,10.84660530090332,8.338264465332031,9.600271224975586,7.968530178070068,8.23432731628418,6.772389888763428,8.62919807434082,disco,disco.00063.wav
123.046875,2144.2930792368275,715.1399794206881,2404.159447127944,398.6313069347075,4947.728415096507,1508.354053733061,0.06485183763061146,0.036618643507843676,-189.21511840820312,93.95932006835938,7.905782222747803,41.89059829711914,-7.09204626083374,31.882492065429688,-12.586034774780273,24.220500946044922,-6.057699203491211,24.537946701049805,-6.0252366065979,16.763090133666992,-2.0117976665496826,86.29005432128906,22.833683013916016,29.23642921447754,17.240297317504883,13.590378761291504,10.554465293884277,11.019320487976074,8.473299026489258,10.47085189819336,9.684029579162598,12.194705963134766,11.470730781555176,9.859118461608887,disco,disco.00064.wav
129.19921875,1887.648892045496,561.7158044708401,2191.1875941182675,323.7426285123186,4364.948605752951,1291.6010127368581,0.07365715097716719,0.044903810725006474,-106.24380493164062,105.57587432861328,-5.513561725616455,50.055816650390625,1.2439842224121094,37.002601623535156,-9.622076034545898,24.011703491210938,-8.668455123901367,14.975655555725098,-2.526041030883789,9.7654390335083,-0.9115710854530334,71.58489990234375,21.953144073486328,29.37338638305664,15.01892375946045,11.43584156036377,11.018218994140625,9.352553367614746,9.871378898620605,8.016092300415039,8.114822387695312,8.362503051757812,10.033348083496094,8.045835494995117,disco,disco.00065.wav
135.99917763157896,2492.8521058348206,698.2828935295641,2277.9018385516956,334.4503679146832,5114.627405881143,1227.8132748905668,0.13862576794698142,0.06312919059501766,-57.60671615600586,96.69188690185547,-24.422019958496094,40.014190673828125,-17.260251998901367,27.834213256835938,-13.297422409057617,23.196401596069336,-16.528564453125,19.427146911621094,-15.485601425170898,11.825690269470215,-10.574847221374512,61.301605224609375,25.428142547607422,22.27599334716797,14.545784950256348,12.697896003723145,9.822660446166992,11.789300918579102,9.04450511932373,8.105538368225098,8.473105430603027,8.48538875579834,8.497414588928223,8.729911804199219,disco,disco.00066.wav
99.38401442307692,2541.995563795192,508.8730634288762,2289.3365138825743,251.63808325652803,5183.035325561145,945.4641446401515,0.14330827931501547,0.052966584289856684,-103.76036071777344,92.46227264404297,-27.23040771484375,39.221290588378906,-23.052734375,20.634798049926758,-17.76690101623535,18.95055389404297,-15.204781532287598,16.394330978393555,-14.662063598632812,12.24946117401123,-14.973012924194336,43.08242416381836,19.963626861572266,16.887331008911133,13.710556030273438,9.320565223693848,9.309664726257324,7.864458084106445,6.571953773498535,7.599334716796875,6.848720550537109,6.6603546142578125,7.078824043273926,7.2353835105896,disco,disco.00067.wav
107.666015625,2956.6002017744845,721.0938477321989,2599.740187278478,287.72543731608937,6132.0212538397345,1099.2116240242692,0.16269251584268576,0.07437022387883789,-93.31912994384766,77.8344497680664,-8.784327507019043,42.071250915527344,-11.249411582946777,24.245376586914062,-17.912214279174805,22.240354537963867,-16.03913688659668,16.687471389770508,-15.66524887084961,15.4109468460083,-18.128246307373047,43.86564636230469,21.24292755126953,19.621479034423828,12.944690704345703,8.715359687805176,10.82154655456543,8.24771785736084,7.483149528503418,7.352542877197266,7.095041751861572,6.481630802154541,6.892881870269775,6.585518836975098,disco,disco.00068.wav
107.666015625,1931.1496588575947,434.38009250326445,2208.9637535058287,207.9210968436825,4515.622694647349,842.6730167026324,0.08364121758900929,0.035755040348975434,-118.3656997680664,114.23728942871094,-6.782299995422363,37.40087127685547,-17.43193817138672,28.362869262695312,-23.726537704467773,9.283809661865234,-10.439460754394531,12.624765396118164,-5.14867639541626,12.253149032592773,-3.8705222606658936,38.64296340942383,17.579565048217773,16.421945571899414,11.411823272705078,9.515599250793457,9.875736236572266,8.535229682922363,7.528120517730713,7.144429683685303,6.658231258392334,6.323404312133789,5.682182788848877,5.187875270843506,disco,disco.00069.wav
107.666015625,2449.296921443876,461.0252117899233,2311.913698234346,250.97426748029395,5185.360311502273,931.2862188178435,0.1346148322610294,0.03890137354544263,-81.72715759277344,97.61067962646484,-27.583755493164062,36.644187927246094,-17.25299835205078,30.769319534301758,-15.94863510131836,20.968244552612305,-16.226930618286133,17.418455123901367,-13.363810539245605,15.080845832824707,-10.386919975280762,40.59690475463867,17.99445343017578,17.097614288330078,12.305832862854004,10.742680549621582,8.67222785949707,9.925036430358887,6.862231254577637,7.317311763763428,8.174546241760254,6.804758071899414,6.091158866882324,5.620056629180908,disco,disco.00070.wav
112.34714673913044,2809.021561476355,598.8161800014784,2530.893093437794,226.0148248375931,6001.3803771405765,851.1081722360309,0.15595068208204335,0.06834677606064296,-105.51603698730469,79.256591796875,-15.20765209197998,40.82554626464844,-12.267790794372559,23.559673309326172,-19.938488006591797,27.319257736206055,-16.512426376342773,21.53839683532715,-11.680120468139648,13.99189281463623,-10.775012969970703,39.8779182434082,17.793874740600586,19.10627555847168,11.662503242492676,11.421579360961914,10.915882110595703,9.220694541931152,8.822649002075195,9.637372970581055,8.536910057067871,6.679865837097168,6.69710111618042,6.520256519317627,disco,disco.00071.wav
135.99917763157896,2902.9834800553963,674.1446530360115,2302.2475450567254,279.36105715019704,5470.541920381434,1061.896999963539,0.184138720249613,0.07711310353300642,-128.46766662597656,67.26374053955078,-36.918983459472656,40.90837097167969,-21.745594024658203,23.162696838378906,-13.252984046936035,13.09386157989502,-14.004484176635742,17.7995662689209,-15.179245948791504,16.372459411621094,-10.465580940246582,64.68461608886719,24.414264678955078,23.281692504882812,21.00287628173828,16.79103660583496,14.972408294677734,12.120763778686523,14.225570678710938,10.702890396118164,9.627080917358398,9.026268005371094,9.697072982788086,8.212163925170898,disco,disco.00072.wav
112.34714673913044,2846.8226092079603,561.2773891014958,2460.2125329956,228.52615506416805,5925.3808366994,869.8928483739609,0.17636703632933437,0.06721990785472465,-95.25163269042969,82.253662109375,-26.221525192260742,37.522613525390625,-16.355100631713867,25.29429054260254,-21.79648208618164,21.811946868896484,-20.064441680908203,16.297643661499023,-16.119651794433594,14.439221382141113,-11.907042503356934,55.230621337890625,20.98622703552246,15.368470191955566,13.482392311096191,11.496403694152832,8.23994255065918,8.91195297241211,7.761149883270264,6.703416347503662,7.087294101715088,6.506819248199463,5.840104103088379,5.828200817108154,disco,disco.00073.wav
112.34714673913044,2649.217859026324,515.8076924516296,2383.9281662533035,227.50756135112695,5545.783132074787,866.0530131576525,0.15116461880804954,0.05429887531450014,-40.7629280090332,86.78238677978516,-26.962377548217773,34.941532135009766,-20.048147201538086,21.65764045715332,-23.953712463378906,19.265037536621094,-17.53156089782715,18.037153244018555,-16.02078628540039,12.44607925415039,-13.877286911010742,42.28572082519531,17.941699981689453,19.170650482177734,11.575477600097656,11.508302688598633,10.852922439575195,9.2678861618042,8.705307006835938,9.61689567565918,8.691255569458008,6.757913589477539,6.829050064086914,6.401194095611572,disco,disco.00074.wav
135.99917763157896,2690.932759278845,467.6004877996463,2480.506001082097,225.81232003810229,5776.39007095951,785.900089470207,0.12995726405282507,0.04323529130529884,-91.75991821289062,86.31499481201172,-17.351943969726562,43.10606384277344,-18.407480239868164,34.05898666381836,-18.420602798461914,26.83688735961914,-13.565130233764648,20.21440887451172,-14.637163162231445,12.66814136505127,-12.608888626098633,38.42158889770508,16.242097854614258,16.23831558227539,10.682994842529297,10.363900184631348,7.976445198059082,9.0188627243042,7.5575432777404785,8.169198036193848,8.247236251831055,7.654966354370117,7.289706230163574,7.190958499908447,disco,disco.00075.wav
129.19921875,2252.122477978003,476.57404817348373,2165.4098583810123,280.59508298221175,4558.63910119969,1053.5613231235993,0.12191385086106811,0.040071683042191907,-95.87289428710938,103.33598327636719,-36.46080017089844,27.125099182128906,-22.87316131591797,9.98593521118164,-24.656694412231445,15.670156478881836,-20.151212692260742,18.746261596679688,-18.563173294067383,9.864557266235352,-15.108638763427734,54.79027557373047,19.26858901977539,20.71338653564453,15.450949668884277,14.015823364257812,14.754127502441406,10.76205825805664,9.467270851135254,8.586262702941895,8.29960823059082,7.678459167480469,8.469877243041992,8.670722007751465,disco,disco.00076.wav
117.45383522727273,2308.7942063741325,607.9339907438987,2277.868954192343,310.6645638434688,4944.128436865083,1227.79660849254,0.11760246347716719,0.053534911215442064,-56.90147399902344,97.02407836914062,-17.874454498291016,44.933502197265625,-6.932389736175537,23.81332778930664,-23.314041137695312,25.996196746826172,-10.480186462402344,10.453680992126465,-15.226058006286621,10.0309419631958,-9.161243438720703,52.58992385864258,23.37559700012207,18.83517837524414,12.369006156921387,9.637383460998535,10.675712585449219,9.054679870605469,6.837826251983643,9.778340339660645,8.04799747467041,8.214262008666992,7.826694488525391,8.53044605255127,disco,disco.00077.wav
129.19921875,2219.3232376250994,571.3686202543012,2306.993918968888,367.901834052123,4882.52047606666,1383.9341665739528,0.09617402162345201,0.046439038774616,-182.05023193359375,103.41655731201172,-18.227279663085938,31.200912475585938,-12.540436744689941,18.842092514038086,-12.869497299194336,19.37890625,-17.70433235168457,18.500280380249023,-14.324433326721191,11.54508113861084,-11.634119033813477,67.73014068603516,20.108793258666992,19.009960174560547,18.902755737304688,11.828361511230469,13.747530937194824,10.939939498901367,10.227241516113281,8.341363906860352,9.73775863647461,7.992472171783447,8.506553649902344,7.709096908569336,disco,disco.00078.wav
123.046875,2292.577700466476,655.3063621879899,2348.189624461128,313.0567335881304,5038.611198874081,1337.527288297189,0.09981534503192724,0.0538490863271812,-154.62330627441406,97.93260192871094,-10.357318878173828,39.1236686706543,-11.21396541595459,24.111309051513672,-11.846502304077148,24.19123077392578,-13.460304260253906,20.55318832397461,-8.327631950378418,5.867451190948486,-9.686903953552246,64.66120147705078,23.95062828063965,16.678543090820312,11.402752876281738,10.783190727233887,11.315435409545898,8.612497329711914,9.199992179870605,8.217456817626953,8.296797752380371,7.870151996612549,7.9710822105407715,8.41293716430664,disco,disco.00079.wav
99.38401442307692,2143.645601948083,750.3098972011151,2414.24151082027,322.65355046898685,4956.820026787442,1536.9319702607113,0.08475043234810371,0.04932205774309747,-219.4556427001953,94.70133209228516,12.129364013671875,48.87006759643555,-7.212083339691162,16.62851333618164,-15.087896347045898,21.714439392089844,-20.002349853515625,13.238805770874023,-15.698356628417969,5.057011604309082,-15.283743858337402,57.613033294677734,24.533634185791016,21.661867141723633,16.42290687561035,11.80190372467041,17.30203628540039,10.998443603515625,8.272419929504395,10.312285423278809,9.849202156066895,8.914496421813965,8.494016647338867,8.562819480895996,disco,disco.00080.wav
86.1328125,2292.41885340361,784.4120590126375,2208.3410022972375,398.07770748740626,4740.313002642463,1477.1028074040182,0.11643089081849846,0.06784558275257073,-193.22007751464844,89.19422149658203,-20.013872146606445,38.7435302734375,-2.7159597873687744,17.057266235351562,-7.950159549713135,16.086509704589844,-16.764881134033203,7.716307163238525,-15.712639808654785,9.034708023071289,-11.316749572753906,113.88024139404297,35.43796157836914,20.636734008789062,16.545867919921875,13.630223274230957,15.452224731445312,13.338812828063965,10.44179916381836,11.973788261413574,10.118972778320312,10.913304328918457,11.281744956970215,9.88111400604248,disco,disco.00081.wav
123.046875,2577.013955506876,921.1520265319722,2387.3710450599965,466.5256962295056,5419.383896393672,1643.946973842062,0.13824595164957432,0.07751722803035366,-63.65033721923828,94.46595764160156,-13.425887107849121,32.7712287902832,-13.714619636535645,26.780269622802734,-19.395612716674805,24.652542114257812,-11.667617797851562,13.727572441101074,-9.44289493560791,8.833795547485352,-4.9801459312438965,65.7275390625,33.39222717285156,19.39474868774414,14.438787460327148,18.4731388092041,13.067032814025879,14.91965389251709,10.085530281066895,11.151327133178711,10.355034828186035,9.311192512512207,8.261516571044922,8.377630233764648,disco,disco.00082.wav
117.45383522727273,1959.5165152861578,680.4269568105806,2210.9024031622457,375.6384603177015,4352.990344729586,1528.943095256269,0.09003346918537151,0.05412156038592039,-167.378173828125,112.48346710205078,-4.582420349121094,37.09086990356445,-8.613286972045898,27.826745986938477,-14.716944694519043,18.52263069152832,-16.490127563476562,13.760584831237793,-13.331284523010254,10.215414047241211,-11.57529067993164,58.4498405456543,27.633136749267578,26.353038787841797,23.013656616210938,15.575342178344727,13.798316955566406,10.762977600097656,10.251909255981445,10.327497482299805,9.328761100769043,8.520008087158203,7.75768518447876,8.815581321716309,disco,disco.00083.wav
112.34714673913044,2455.1239938572585,755.0270968606402,2100.1276135309945,298.746826623093,4726.279754166264,1179.8610489453483,0.1514639367260062,0.08198918731095182,-197.1792449951172,83.36067199707031,-38.557830810546875,43.71670150756836,-7.295539379119873,25.659225463867188,-8.642003059387207,13.397130966186523,-12.15369701385498,12.154943466186523,-12.050202369689941,10.627792358398438,-2.4053421020507812,95.07003784179688,33.072505950927734,27.624183654785156,17.95701789855957,12.736225128173828,10.766925811767578,9.155556678771973,10.784184455871582,8.668725967407227,8.748846054077148,8.357217788696289,6.925231456756592,9.301924705505371,disco,disco.00084.wav
123.046875,3002.526732630542,909.4114396883921,2745.8235600127023,236.525275897715,6575.051908227312,895.221506236512,0.15866457345684984,0.09798764252916045,-166.76927185058594,67.7310562133789,11.180089950561523,37.429222106933594,-10.94141960144043,27.396169662475586,-18.940847396850586,27.29737091064453,-15.843281745910645,20.550397872924805,-8.622007369995117,14.18761920928955,-6.04898738861084,73.49578094482422,31.74634552001953,25.947446823120117,20.447933197021484,14.805624008178711,13.58863353729248,12.149266242980957,8.618330955505371,10.15694522857666,8.911377906799316,9.948801040649414,9.115403175354004,8.44852352142334,disco,disco.00085.wav
123.046875,1867.9206448682273,641.4888325716244,1875.245829191665,367.2479726843192,3804.7769930340555,1194.8653696015715,0.09448204394833591,0.04594367995953293,-95.80325317382812,122.05658721923828,-29.319120407104492,50.31650161743164,-11.940644264221191,28.410152435302734,-7.047781467437744,11.851945877075195,-8.612014770507812,11.568434715270996,-18.395963668823242,6.862091541290283,-11.662833213806152,59.68797302246094,29.159616470336914,28.571102142333984,14.444300651550293,14.532161712646484,12.96808910369873,11.34462833404541,10.687644958496094,9.41722297668457,8.123916625976562,7.707906723022461,9.736382484436035,7.396171569824219,disco,disco.00086.wav
107.666015625,2139.4226685316103,576.8497997880473,2190.2745079974266,313.6827117816588,4526.789293791118,1266.976599279319,0.10026696739551083,0.049968834840495475,-100.29301452636719,110.01216888427734,-26.64455223083496,36.823760986328125,-10.413420677185059,28.777048110961914,-14.843354225158691,21.28986930847168,-19.675668716430664,18.52243423461914,-16.387474060058594,9.157715797424316,-13.791584014892578,38.493961334228516,22.84656524658203,15.785412788391113,13.414931297302246,10.577080726623535,11.96457576751709,9.930246353149414,7.869548797607422,7.568179607391357,7.652755260467529,7.487040996551514,7.657772064208984,6.274681568145752,disco,disco.00087.wav
123.046875,2238.799259178444,401.35755551371716,2023.5212361031784,217.4878531590892,4384.973484665247,753.0388737328682,0.13146859278250775,0.037883359985738115,-97.8856201171875,101.00360107421875,-40.547611236572266,51.050193786621094,-11.709620475769043,25.06474494934082,-14.04820728302002,17.19739532470703,-9.62366771697998,16.973529815673828,-7.17352294921875,11.723432540893555,-5.7162299156188965,37.79079818725586,19.497758865356445,12.000166893005371,11.151250839233398,8.126047134399414,9.402411460876465,6.907303333282471,7.325398921966553,6.5890793800354,7.042115688323975,7.178484916687012,6.449899673461914,7.142876148223877,disco,disco.00088.wav
129.19921875,2129.3458917106645,571.3685955583056,2109.2513464164167,396.8477706940307,4424.306580156734,1302.377931593235,0.1118704497629644,0.04070195939827017,-114.93204498291016,113.4638671875,-29.804311752319336,42.61210632324219,-10.326011657714844,26.973411560058594,-14.493735313415527,21.24053382873535,-17.65053939819336,17.097871780395508,-13.478902816772461,8.591484069824219,-11.427424430847168,54.5577392578125,24.862428665161133,21.09614372253418,11.579896926879883,10.517975807189941,9.164789199829102,8.877510070800781,7.745548248291016,8.565387725830078,6.8296051025390625,8.098745346069336,6.290735244750977,6.847901344299316,disco,disco.00089.wav
129.19921875,2574.7458410439813,657.9794567712312,2396.769294967866,309.6257430545953,5459.508653764754,1211.6544590161768,0.14616918416215172,0.06482923514345923,-125.71577453613281,88.52808380126953,-16.73884391784668,42.79813766479492,-9.901167869567871,29.185855865478516,-19.34282112121582,20.458702087402344,-16.505529403686523,15.012511253356934,-8.765585899353027,12.784119606018066,-7.7588887214660645,43.14822769165039,24.155563354492188,18.788101196289062,14.374673843383789,10.969776153564453,10.093544006347656,9.617681503295898,8.298104286193848,8.055087089538574,7.473812103271484,7.3230695724487305,6.736051082611084,6.410520553588867,disco,disco.00090.wav
99.38401442307692,2036.7728048043857,785.6432813977411,2079.237240380343,500.11588106569076,4203.124584280669,1642.214113291605,0.09159921935468267,0.05523465504563372,-116.98033905029297,98.51445007324219,-19.01401138305664,44.84703826904297,3.80320143699646,28.483186721801758,-1.102687120437622,14.693483352661133,-7.75382137298584,9.75631332397461,-10.111344337463379,6.367255687713623,-3.9202325344085693,91.93653106689453,30.71992301940918,28.675830841064453,13.51948356628418,12.899582862854004,11.460390090942383,11.415149688720703,10.791740417480469,10.155200958251953,11.04519271850586,9.885613441467285,9.608960151672363,8.708837509155273,disco,disco.00091.wav
117.45383522727273,2457.998545443571,659.3452374762638,2400.7893666639106,353.2997414778129,5268.943139421682,1351.9446430986418,0.11753292497097523,0.04933509961605914,-123.78829193115234,89.82484436035156,-1.8406462669372559,51.169795989990234,-16.26130485534668,28.283544540405273,-12.495138168334961,19.032148361206055,-13.280037879943848,18.500019073486328,-13.776394844055176,12.866394996643066,-8.755499839782715,51.45374298095703,25.245052337646484,24.4074764251709,14.302288055419922,11.357687950134277,11.067760467529297,9.08722972869873,8.52609634399414,8.252340316772461,8.285219192504883,7.453208923339844,6.644681453704834,8.34793758392334,disco,disco.00092.wav
107.666015625,2461.186456192989,700.506155930448,2302.618911991051,341.6833564623123,5019.294649011948,1374.4480394818665,0.13708722849748453,0.06135603302080036,-86.0438003540039,87.53872680664062,-20.17231559753418,54.01907730102539,-1.0642164945602417,19.562545776367188,-4.089779853820801,21.037769317626953,-19.567508697509766,12.389660835266113,-22.01080894470215,9.599066734313965,-15.931527137756348,58.69718933105469,26.847003936767578,17.168336868286133,13.825421333312988,13.744500160217285,10.334857940673828,12.58456802368164,8.497527122497559,11.21366024017334,11.338726043701172,9.717784881591797,10.27491283416748,11.463783264160156,disco,disco.00093.wav
135.99917763157896,2208.1328125649534,546.8557821862049,2353.7923807626216,296.1571063074366,5075.635974990325,1088.7152427042565,0.09361054506095201,0.03475261045401621,-130.00576782226562,102.49774932861328,-4.443132400512695,50.061092376708984,-15.532888412475586,32.128150939941406,-18.18231964111328,24.28784942626953,-11.902588844299316,13.763346672058105,-12.89806842803955,7.2710957527160645,-9.379469871520996,45.20697784423828,23.61241912841797,11.048099517822266,10.6854829788208,7.3932952880859375,7.978372097015381,8.36241626739502,7.060306549072266,6.813583850860596,7.178109645843506,5.965174198150635,6.1891703605651855,9.149972915649414,disco,disco.00094.wav
123.046875,2487.5432668509993,756.393747233897,2277.16219463796,416.43106380110487,5009.186376801954,1418.4981427446844,0.11808431997387771,0.06673320000596478,-159.86688232421875,81.97526550292969,-16.76537322998047,52.50609588623047,-4.448030948638916,22.865053176879883,-8.226280212402344,23.3674259185791,-5.528469085693359,17.6933536529541,-15.369107246398926,10.806197166442871,-13.526739120483398,72.54374694824219,28.844820022583008,25.685367584228516,16.041505813598633,15.578526496887207,15.589585304260254,11.378649711608887,10.719979286193848,10.24868106842041,10.978151321411133,10.342543601989746,7.999410152435303,8.37249755859375,disco,disco.00095.wav
103.359375,2481.887352406179,608.4665721108405,2178.616422901751,263.86429409587555,4956.828360070385,907.7812831447844,0.13440697259578174,0.05812151085688778,-133.86680603027344,93.47174072265625,-24.215986251831055,61.44255065917969,-22.856273651123047,30.976551055908203,-14.959397315979004,20.244457244873047,-9.29284381866455,15.786767959594727,-8.740782737731934,11.968790054321289,-5.320814609527588,52.799983978271484,24.31311798095703,19.780513763427734,12.839125633239746,11.106016159057617,12.854605674743652,8.723945617675781,8.98210334777832,8.986279487609863,7.913145065307617,9.851105690002441,7.724898338317871,8.464197158813477,disco,disco.00096.wav
129.19921875,2826.0632063160606,561.728605043581,2680.669868418445,260.9693686466619,6233.628972765093,1003.2936117814885,0.12049624794407894,0.04778232938281726,-116.9259262084961,75.75965881347656,-4.205479621887207,37.28703689575195,-5.338407516479492,31.376094818115234,-12.16835880279541,22.909481048583984,-11.437959671020508,14.624770164489746,-13.049894332885742,13.411262512207031,-13.2288179397583,52.75643539428711,17.176298141479492,11.792342185974121,12.218179702758789,9.402749061584473,8.799665451049805,7.811317443847656,8.813690185546875,7.118458271026611,7.502161502838135,7.426323413848877,7.954532623291016,8.03467845916748,disco,disco.00097.wav
123.046875,2417.457577864453,594.2396533949038,2431.7042963817007,287.34536387874266,5384.717439350329,1188.8973086304593,0.11262743687113003,0.05184927464232827,-91.59772491455078,99.46397399902344,-8.991621017456055,40.18504333496094,-18.037635803222656,22.567216873168945,-21.95627212524414,15.782541275024414,-25.665386199951172,17.66422462463379,-13.675539016723633,15.63508415222168,-15.46916389465332,42.94710159301758,20.604169845581055,16.36569595336914,14.315861701965332,12.018470764160156,11.045530319213867,10.807798385620117,9.714177131652832,7.979228496551514,7.612864017486572,7.304270267486572,8.48879623413086,6.9999308586120605,disco,disco.00098.wav
123.046875,2417.457577864453,594.2396533949038,2431.7042963817007,287.34536387874266,5384.717439350329,1188.8973086304593,0.11262743687113003,0.05184927464232827,-91.59772491455078,99.46397399902344,-8.991621017456055,40.18504333496094,-18.037635803222656,22.567216873168945,-21.95627212524414,15.782541275024414,-25.665386199951172,17.66422462463379,-13.675539016723633,15.63508415222168,-15.46916389465332,42.94710159301758,20.604169845581055,16.36569595336914,14.315861701965332,12.018470764160156,11.045530319213867,10.807798385620117,9.714177131652832,7.979228496551514,7.612864017486572,7.304270267486572,8.48879623413086,6.9999308586120605,disco,disco.00099.wav
117.45383522727273,2667.664494927173,647.1137589594497,2351.0688564768757,328.4389720428945,5474.700228570046,1250.879731184373,0.14734075682082043,0.053777235991616865,-80.92658233642578,84.79292297363281,-31.540653228759766,33.899261474609375,-19.84876823425293,23.558195114135742,-22.125015258789062,20.021148681640625,-16.759601593017578,19.211896896362305,-13.1061372756958,11.505602836608887,-10.726899147033691,69.87043762207031,27.404539108276367,23.43515968322754,20.18826675415039,12.597744941711426,11.65162467956543,9.669611930847168,9.840577125549316,9.671109199523926,7.470090866088867,8.664602279663086,7.2447285652160645,8.610028266906738,hiphop,hiphop.00000.wav
92.28515625,2808.1424053109326,969.1416301322248,2441.321442097269,397.91205226825,5527.508242580544,1441.280937858898,0.09764869146671827,0.07165696918197695,-81.1395034790039,49.60653305053711,-14.548335075378418,57.9869270324707,6.843469619750977,27.14821434020996,-6.8552327156066895,31.3040771484375,-10.086363792419434,20.312963485717773,-2.5413641929626465,12.746545791625977,3.9735262393951416,60.40978240966797,30.257692337036133,31.47852897644043,17.99322509765625,19.6658992767334,15.959651947021484,13.558889389038086,12.133424758911133,11.78959846496582,9.429633140563965,10.625314712524414,8.85579776763916,10.158536911010742,hiphop,hiphop.00001.wav
99.38401442307692,1490.5209977308093,796.2613035342499,1909.9326034575947,483.07708537700785,3094.047957381966,1846.199498544736,0.05873774005901703,0.04982144062839028,-202.88755798339844,132.38377380371094,12.00124454498291,43.77104187011719,-10.231294631958008,17.122339248657227,-13.562600135803223,15.044012069702148,-16.261728286743164,9.421977043151855,-11.645681381225586,7.047659397125244,-4.317206859588623,68.27363586425781,32.20267868041992,28.384029388427734,17.799833297729492,18.55388069152832,14.453912734985352,13.36868953704834,11.314263343811035,11.705183982849121,10.631558418273926,11.49222469329834,8.885139465332031,9.965970993041992,hiphop,hiphop.00002.wav
92.28515625,2493.1638737463427,703.9608853593871,2330.67697810765,441.2062352544443,5126.677333016883,1345.659115558439,0.10351449122000773,0.04780037424971358,-40.25515365600586,80.83008575439453,-25.643091201782227,38.426090240478516,-11.072868347167969,24.91219711303711,-7.368901252746582,26.772397994995117,-5.2867112159729,16.798524856567383,-3.498629570007324,8.45158576965332,-5.596709728240967,70.38471984863281,27.393543243408203,35.47773742675781,17.080358505249023,16.699411392211914,17.608800888061523,16.455650329589844,13.695962905883789,13.183720588684082,10.383576393127441,9.460616111755371,8.673192024230957,8.475030899047852,hiphop,hiphop.00003.wav
95.703125,2372.727829534901,1035.5045349292718,2359.4560808520264,606.1955533110543,5060.511066448577,2084.897478817831,0.09989130829140867,0.07827294488414882,-140.21090698242188,71.62181091308594,-3.7753899097442627,39.00546646118164,4.194393634796143,31.50735855102539,-3.965308666229248,19.7635440826416,-3.7660908699035645,16.000133514404297,-3.170910596847534,11.850970268249512,-1.2552045583724976,111.38386535644531,32.670013427734375,38.82272720336914,21.417373657226562,20.418415069580078,17.501375198364258,16.67983627319336,12.455266952514648,13.652693748474121,13.78669548034668,10.587955474853516,9.479747772216797,10.507450103759766,hiphop,hiphop.00004.wav
71.77734375,2708.9613684451087,498.18817650828623,2510.9024054161537,220.29599133722039,5795.106624449739,702.3417070336865,0.1246141368759675,0.05112069674000779,-11.675506591796875,81.99324798583984,-8.505697250366211,52.767826080322266,-14.704219818115234,31.96473503112793,-19.689998626708984,22.869426727294922,-14.710647583007812,14.518811225891113,-10.083078384399414,14.005071640014648,-8.073013305664062,36.73027038574219,19.631513595581055,15.451109886169434,15.243321418762207,12.401915550231934,10.29372787475586,10.735982894897461,9.391666412353516,7.850193977355957,9.007070541381836,8.758867263793945,8.15749454498291,7.215063571929932,hiphop,hiphop.00005.wav
99.38401442307692,2859.0217012683083,982.6445973933564,2640.209195501633,404.3082887403305,6049.530085985874,1500.6281707316157,0.12823807565789475,0.09666151537551325,-59.61098861694336,63.90055847167969,3.4885828495025635,45.23571014404297,-1.176321268081665,28.23943328857422,-13.166777610778809,23.60512924194336,-6.623220920562744,16.478992462158203,-7.2890753746032715,14.477249145507812,-5.793442726135254,82.93649291992188,31.964374542236328,27.479337692260742,20.812074661254883,19.784259796142578,15.008443832397461,14.556534767150879,12.450660705566406,12.174365997314453,10.900052070617676,10.129892349243164,10.412416458129883,9.888996124267578,hiphop,hiphop.00006.wav
123.046875,2047.1206937169864,705.6991119972939,2269.2156258041023,457.88537396947606,4552.4308054070725,1564.107616100344,0.07867374951625387,0.05050207819426177,-58.45187759399414,103.05015563964844,-7.215404510498047,44.881866455078125,-8.616436958312988,12.345843315124512,-13.746114730834961,19.974220275878906,-13.128944396972656,17.136245727539062,-3.9520184993743896,15.581610679626465,-0.46276769042015076,60.6910285949707,25.19752311706543,26.982412338256836,20.457521438598633,16.926959991455078,13.440770149230957,14.394538879394531,11.273645401000977,12.396974563598633,9.796746253967285,10.296579360961914,9.269513130187988,8.414104461669922,hiphop,hiphop.00007.wav
172.265625,3069.3957462220505,944.5132174346919,2349.3382041024006,322.59238511770207,5752.87354649405,1255.3137099877326,0.17691578584558823,0.1007162714833205,-111.16548919677734,55.194400787353516,-18.444692611694336,47.21847915649414,-24.78782081604004,22.52642059326172,-21.138931274414062,12.542854309082031,-15.849727630615234,16.296558380126953,-12.565082550048828,9.609180450439453,-12.127598762512207,83.67649841308594,36.59151840209961,35.190914154052734,25.571308135986328,23.60658073425293,18.25605010986328,18.356769561767578,13.277226448059082,12.588711738586426,10.634448051452637,10.59286880493164,9.433882713317871,9.15695858001709,hiphop,hiphop.00008.wav
103.359375,2199.9161931162494,991.3426806117274,2285.598583577631,506.50202331574326,4791.046029200126,1843.6737549464726,0.09832480226876934,0.08606076695826416,-95.08694458007812,94.19347381591797,-2.517667770385742,49.53371810913086,-6.613985538482666,33.199676513671875,-7.596035480499268,20.96307945251465,-8.853171348571777,16.792491912841797,-5.245885848999023,10.775888442993164,-3.460482358932495,70.88591003417969,40.29445266723633,25.688072204589844,17.11460304260254,15.13952350616455,13.009583473205566,13.760257720947266,9.749040603637695,10.722429275512695,9.936623573303223,10.073759078979492,8.428959846496582,7.633249282836914,hiphop,hiphop.00009.wav
95.703125,2284.553702393839,491.20089749482685,2116.597718550079,206.2550409462469,4663.513467038748,810.8030633433193,0.12547203040344426,0.04901151639581305,-67.45474243164062,94.84136962890625,-38.85322952270508,37.641746520996094,-12.254446983337402,36.9015007019043,-12.65212631225586,18.297035217285156,-8.852412223815918,17.983484268188477,-7.276881217956543,9.71690845489502,-8.743619918823242,36.176239013671875,21.406463623046875,16.884729385375977,13.951714515686035,12.463337898254395,9.891928672790527,10.3428373336792,8.696941375732422,8.72658920288086,8.030738830566406,7.794134616851807,7.379237651824951,7.009227275848389,hiphop,hiphop.00010.wav
135.99917763157896,2095.2999106477832,656.2290566213128,2240.690855056364,332.8155602458101,4581.122298580205,1310.8063684667577,0.0941872611503483,0.05850673531987969,-74.19891357421875,104.60867309570312,-8.396772384643555,49.6582145690918,-9.376968383789062,21.43830680847168,-16.337013244628906,18.781410217285156,-13.079522132873535,18.464000701904297,-14.953655242919922,6.876265525817871,-15.326539039611816,51.347145080566406,25.945648193359375,23.33743667602539,16.759946823120117,12.831478118896484,11.73681640625,12.019593238830566,10.213793754577637,8.990009307861328,8.191526412963867,8.000515937805176,7.8160481452941895,7.114466667175293,hiphop,hiphop.00011.wav
99.38401442307692,1976.5494346772984,464.5528797884394,2109.950611023081,294.16201373245667,4276.707472668344,1030.8311151210612,0.08725570820433437,0.0335220239161531,-67.10565948486328,112.4154281616211,-23.642478942871094,44.28124237060547,-18.86181640625,23.874338150024414,-13.40441608428955,20.146224975585938,-10.650068283081055,20.62359619140625,-7.508759498596191,14.423368453979492,-9.391209602355957,44.2481689453125,17.865297317504883,17.237342834472656,12.902704238891602,11.466167449951172,9.90433120727539,12.510539054870605,9.13689136505127,8.413310050964355,8.150958061218262,9.454442024230957,8.620718002319336,9.206721305847168,hiphop,hiphop.00012.wav
103.359375,1798.234427846617,696.365013690312,1687.3198366500444,674.6648824639918,3625.136412629402,1697.8233548378073,0.0966369817869582,0.037553838137230594,-129.403564453125,141.7486572265625,-42.52815628051758,34.00181198120117,-6.971374988555908,8.687780380249023,-11.363059997558594,15.943840026855469,-9.015018463134766,6.639111042022705,-8.326205253601074,7.559482574462891,-5.4699249267578125,69.5849380493164,52.43935775756836,32.48106384277344,24.79603385925293,20.891464233398438,22.605989456176758,13.224811553955078,14.7507963180542,9.519454002380371,9.170249938964844,11.80585765838623,10.011533737182617,10.661336898803711,hiphop,hiphop.00013.wav
135.99917763157896,2437.144490615668,515.4614136559201,2117.4846851938332,310.17437432660483,4775.921120658379,942.3077163279087,0.13386653746613777,0.04515318364729884,-51.27444839477539,91.09927368164062,-33.76968765258789,69.93060302734375,-12.95017147064209,23.18763542175293,-13.76931095123291,23.784006118774414,-14.735113143920898,10.69933032989502,-13.481395721435547,6.073526382446289,-14.720098495483398,57.008853912353516,26.3394775390625,23.375959396362305,15.878179550170898,14.108667373657227,11.287178039550781,12.595901489257812,8.470381736755371,8.423311233520508,8.646876335144043,7.259885311126709,7.203276634216309,6.648974418640137,hiphop,hiphop.00014.wav
198.76802884615384,2395.49619173608,532.6548976570265,2345.8719745589387,251.87727429734124,5281.90139439822,974.8750693073843,0.11596868650832043,0.05024394828355757,-81.9178695678711,94.7723159790039,-16.236648559570312,40.53056716918945,-12.247199058532715,28.186155319213867,-20.102428436279297,18.10137176513672,-14.641278266906738,14.184541702270508,-7.254330158233643,13.658236503601074,-8.48799991607666,45.91816329956055,20.605175018310547,16.241947174072266,13.118627548217773,11.022476196289062,11.466370582580566,8.644841194152832,7.75239896774292,6.772577285766602,8.958308219909668,9.253152847290039,6.897671222686768,7.196290493011475,hiphop,hiphop.00015.wav
99.38401442307692,2433.764468111271,775.9287218414906,2247.5852524839515,331.59379545120566,4920.920243868518,1221.1960604025708,0.11047967963912539,0.07456631253571229,-88.06499481201172,77.37210083007812,-19.096099853515625,51.57594680786133,-11.776865005493164,22.21097755432129,-4.7277069091796875,20.10921859741211,-8.32936954498291,14.603727340698242,-3.811248302459717,8.579865455627441,-11.464595794677734,66.35222625732422,25.984006881713867,24.018878936767578,18.197900772094727,14.73536205291748,14.45828914642334,14.619315147399902,11.49577808380127,11.003399848937988,9.824748039245605,9.983132362365723,9.532535552978516,9.482183456420898,hiphop,hiphop.00016.wav
99.38401442307692,2144.794528258056,483.74651095113546,2358.912870448306,285.74251239401985,4956.12003102022,991.0755023776561,0.08034305159152477,0.042375158747532976,-76.8237075805664,98.3895492553711,-5.02606201171875,49.33168029785156,-10.28821849822998,33.28682327270508,-9.961770057678223,17.616519927978516,-12.231269836425781,18.665477752685547,-10.976790428161621,11.51085090637207,-10.49024772644043,49.223384857177734,18.722858428955078,21.350196838378906,12.880725860595703,12.192540168762207,10.999800682067871,9.82444953918457,7.21814489364624,7.1921610832214355,7.9078192710876465,7.495814800262451,7.082973957061768,7.0748610496521,hiphop,hiphop.00017.wav
143.5546875,2677.639716066268,1001.7041886874554,2337.276817199031,320.74443577812343,5366.575882383176,1333.4151632354506,0.1457859665247678,0.10309311668039683,-113.4963150024414,68.4594497680664,-15.764092445373535,56.38856887817383,-8.150662422180176,27.04155921936035,-12.364465713500977,20.665414810180664,-12.666251182556152,15.433280944824219,-10.998274803161621,14.049127578735352,-12.50255298614502,69.83255004882812,40.43916702270508,27.005815505981445,24.14948081970215,19.391944885253906,17.0545711517334,14.927306175231934,11.515971183776855,11.705791473388672,10.590008735656738,10.600341796875,9.943718910217285,10.139705657958984,hiphop,hiphop.00018.wav
99.38401442307692,2470.7222619019626,911.5170347293264,2410.2596334667655,627.2177992746493,5256.126550255176,1904.5549376372546,0.10016379341621517,0.05667135463926171,-64.6525650024414,88.2173080444336,-10.360636711120605,41.79439163208008,-2.5611300468444824,22.90143585205078,-6.498876094818115,16.630945205688477,-5.801912307739258,13.093462944030762,-6.912008285522461,3.027008056640625,-9.772856712341309,76.24262237548828,27.40585708618164,31.4915771484375,21.553123474121094,16.32439422607422,13.99966049194336,14.995195388793945,10.825799942016602,12.210014343261719,9.483185768127441,9.441435813903809,8.082056045532227,8.09965705871582,hiphop,hiphop.00019.wav
117.45383522727273,2677.5983922065384,683.7054743497307,2262.418722593127,305.50252672185405,5266.376488275203,1022.3377204041592,0.10805943728231424,0.07586115513924226,-122.2708969116211,50.5846061706543,-27.789642333984375,66.59070587158203,-6.60440731048584,32.06758499145508,-8.222271919250488,22.451204299926758,-6.941656589508057,21.064743041992188,-6.183084964752197,13.653635025024414,-3.09196138381958,68.78348541259766,32.296146392822266,28.16377067565918,22.020566940307617,17.187406539916992,12.752777099609375,15.62779712677002,11.356201171875,12.40293025970459,10.949535369873047,11.094635963439941,9.741328239440918,11.738750457763672,hiphop,hiphop.00020.wav
99.38401442307692,2405.583528376153,722.5854381060033,2268.5435114732063,301.1402867656085,4987.044844022107,1152.0554732415685,0.11973245815595976,0.06390647200675532,-27.619718551635742,94.39550018310547,-20.580795288085938,49.87200164794922,-14.710575103759766,23.87030029296875,-17.60820198059082,24.036556243896484,-15.88477611541748,16.427289962768555,-10.625279426574707,13.890170097351074,-10.467002868652344,38.01386642456055,25.508350372314453,21.940786361694336,17.153038024902344,15.837078094482422,12.250900268554688,11.031384468078613,8.253142356872559,8.25390338897705,7.995327472686768,7.941744327545166,6.938961982727051,7.379630088806152,hiphop,hiphop.00021.wav
99.38401442307692,2025.7166368995138,712.5976695361612,2272.773800297794,381.49831851530706,4603.805494751355,1466.7872888366956,0.0753997708252709,0.05047038128793575,-100.66327667236328,110.21073150634766,1.0357688665390015,38.76592254638672,-14.493544578552246,20.65262794494629,-18.038022994995117,12.568845748901367,-14.126208305358887,15.102986335754395,-9.2415771484375,11.399988174438477,-9.509011268615723,73.55097961425781,29.239843368530273,20.766555786132812,16.480449676513672,12.701582908630371,12.390545845031738,13.83056640625,10.657744407653809,10.35572338104248,11.037074089050293,9.068445205688477,7.560133457183838,7.788121223449707,hiphop,hiphop.00022.wav
92.28515625,2240.3031802876058,500.9395568396748,2193.8028365929968,253.83258294937144,4728.03807686726,957.1910729167727,0.10668265044504643,0.036043559450827836,-44.67913055419922,101.1993179321289,-26.271495819091797,52.9307746887207,-11.720015525817871,26.934398651123047,-13.28641128540039,20.705005645751953,-17.487642288208008,11.862388610839844,-10.670160293579102,8.376947402954102,-15.428060531616211,35.46170425415039,18.271503448486328,14.076632499694824,9.90190315246582,11.9064302444458,8.425280570983887,9.349390983581543,7.813431262969971,7.112679481506348,6.698790550231934,6.873960018157959,6.393509387969971,6.089742660522461,hiphop,hiphop.00023.wav
103.359375,2517.747734885853,625.4602322774176,2163.4043932433733,419.6578286499188,4926.71187551398,1245.8953283759251,0.13887293198529413,0.05589528601575795,-62.99481201171875,86.32369995117188,-37.947296142578125,39.57345199584961,-16.532899856567383,21.116252899169922,-12.255192756652832,13.09414291381836,-12.382427215576172,16.648332595825195,-3.980501890182495,8.853623390197754,-6.325511455535889,62.715301513671875,24.887147903442383,28.428604125976562,19.54511070251465,18.072832107543945,13.444743156433105,14.617663383483887,9.794256210327148,10.428323745727539,9.59097957611084,9.510406494140625,8.391783714294434,8.539814949035645,hiphop,hiphop.00024.wav
107.666015625,2305.1590945533026,708.7343213944195,2227.25945920748,302.8659600946859,4815.479214789329,1154.2403905388405,0.10742111914667182,0.0677256291383987,-44.37471389770508,93.3746566772461,-22.270526885986328,48.86194610595703,-13.884773254394531,34.41938400268555,-6.297982692718506,25.889358520507812,-12.322336196899414,20.435733795166016,-5.749464988708496,11.854347229003906,-11.54943561553955,48.097042083740234,24.580204010009766,27.3536319732666,16.1522274017334,14.493319511413574,11.458511352539062,11.824427604675293,9.69839859008789,8.61230182647705,7.835302829742432,8.353330612182617,7.441669940948486,8.222566604614258,hiphop,hiphop.00025.wav
103.359375,3459.980501661103,1023.5769007294937,2916.898258706314,334.5497248429272,7022.724201214202,1321.4287606254743,0.17347174015576625,0.10847894405451698,-103.22315216064453,30.572120666503906,20.80903434753418,45.81602096557617,9.800678253173828,8.627314567565918,1.6164562702178955,12.33467960357666,0.5186650156974792,4.992222309112549,-2.8359498977661133,8.032366752624512,-1.3974609375,68.98274230957031,33.798580169677734,29.541006088256836,18.74283790588379,16.754987716674805,15.724352836608887,17.7831974029541,13.559560775756836,12.605888366699219,10.12689208984375,9.347482681274414,9.752363204956055,9.182892799377441,hiphop,hiphop.00026.wav
92.28515625,2637.4232219262044,1041.274383016124,2630.9986673861804,464.9566821411257,5629.507625804228,1808.479820862616,0.1028002098248839,0.08614413146612777,-109.07124328613281,76.9149169921875,2.592334032058716,19.05963706970215,0.5502821803092957,8.174562454223633,-8.068408012390137,5.9523515701293945,-4.330567359924316,3.6560754776000977,-1.5556679964065552,2.6334877014160156,2.252040147781372,65.3908920288086,36.66938781738281,25.831912994384766,17.55862808227539,17.489301681518555,12.077027320861816,14.407408714294434,10.886564254760742,9.662342071533203,10.072029113769531,10.813063621520996,9.85500717163086,10.00658130645752,hiphop,hiphop.00027.wav
92.28515625,2774.871060337549,928.1815504203311,2700.5093969910645,408.9857630063656,5746.540251457285,1753.237433469908,0.11459341137770898,0.06609017868168536,-83.20265197753906,67.71298217773438,1.230516791343689,29.658491134643555,12.577920913696289,5.61306619644165,6.2118377685546875,8.097905158996582,-4.784865856170654,7.664915084838867,-1.1791574954986572,4.24271821975708,1.930667519569397,49.9841194152832,33.095706939697266,27.901906967163086,19.45587158203125,20.2395076751709,16.794523239135742,11.559139251708984,9.600042343139648,13.576297760009766,10.16441535949707,9.630682945251465,7.446639060974121,7.597917556762695,hiphop,hiphop.00028.wav
123.046875,3131.3432607004365,967.4319987942074,2854.60084444079,326.271364091897,6395.536327066805,1509.3230794864683,0.11568637529024768,0.07801600889525717,-72.51429748535156,57.03794860839844,5.948389530181885,25.90442657470703,6.662389278411865,11.494861602783203,5.109200954437256,10.105276107788086,0.9503963589668274,8.685616493225098,-1.687050700187683,5.997684478759766,0.14304198324680328,51.718605041503906,32.71387481689453,23.72991371154785,15.600057601928711,11.082731246948242,11.545167922973633,10.64694881439209,10.751651763916016,8.704623222351074,8.881430625915527,7.075629711151123,7.3652143478393555,7.482825756072998,hiphop,hiphop.00029.wav
89.10290948275862,3724.7745542619245,525.3961254291329,3204.9677357968894,196.76767473816818,7641.487126306115,632.7336875415314,0.1727574587606424,0.047966378113796934,-23.794031143188477,43.71694564819336,30.550689697265625,26.501972198486328,4.336692810058594,21.91374969482422,2.576287031173706,6.990405082702637,-1.496521234512329,4.582283020019531,0.41704249382019043,2.464586019515991,-4.074756145477295,37.74480056762695,17.078474044799805,16.22032356262207,11.596156120300293,11.013557434082031,8.774526596069336,8.259902000427246,6.045492172241211,7.240524768829346,5.959510803222656,5.6807756423950195,4.894308090209961,5.219180107116699,hiphop,hiphop.00030.wav
99.38401442307692,3084.823804546642,744.9798253617553,2970.61795564429,321.4135097670433,6779.025674825852,1469.9677101374848,0.13644361938854488,0.0803616944853105,-25.108787536621094,60.825592041015625,-4.187173366546631,14.848389625549316,6.795022964477539,6.098333835601807,15.451295852661133,3.7847349643707275,5.65980863571167,10.247506141662598,0.8633309602737427,4.183889389038086,0.9262049198150635,37.16967010498047,23.067520141601562,19.1678524017334,19.551698684692383,11.157301902770996,11.586029052734375,11.313521385192871,12.164929389953613,9.625909805297852,8.617061614990234,8.50638198852539,8.246319770812988,7.970729827880859,hiphop,hiphop.00031.wav
99.38401442307692,2145.890945678912,975.1660857035462,2441.669949507938,487.38441823122196,4529.893202670785,2002.021185381441,0.07872191436531008,0.06621472635301993,-148.12135314941406,90.5676498413086,-0.2753233313560486,28.85523796081543,19.306163787841797,15.245031356811523,4.281466007232666,15.5199556350708,1.2726043462753296,11.129076957702637,8.849079132080078,6.316172122955322,1.6312520503997803,68.42576599121094,36.94110107421875,24.7635440826416,19.425905227661133,15.973498344421387,13.213865280151367,9.879152297973633,8.779976844787598,9.298399925231934,8.812636375427246,9.3626708984375,8.581511497497559,6.393073081970215,hiphop,hiphop.00032.wav
198.76802884615384,2982.0828218625525,913.5862642526649,2730.392872962765,435.60869082094234,6160.654414032266,1622.83682176678,0.15224662284732973,0.08798248443422266,-31.93762969970703,59.89347839355469,-2.707521438598633,33.514892578125,13.086963653564453,9.461901664733887,-1.6719098091125488,14.184528350830078,3.13834810256958,6.803654193878174,1.1695599555969238,3.89937162399292,1.6967893838882446,48.842552185058594,34.05498123168945,24.53478240966797,22.874269485473633,16.43963623046875,12.553874969482422,13.796270370483398,9.110175132751465,9.75184154510498,8.646197319030762,8.799847602844238,7.784494876861572,6.930205345153809,hiphop,hiphop.00033.wav
198.76802884615384,3191.1765117370255,509.2171792700731,2735.9610117251223,229.77640691859006,6354.219910234859,872.0944024345854,0.16916602167182662,0.05688144857263324,5.841989040374756,53.23731231689453,-8.97913646697998,26.945999145507812,0.4411507844924927,15.555137634277344,1.6571179628372192,7.66583251953125,4.98477840423584,8.606435775756836,3.4144680500030518,8.5259428024292,1.1329907178878784,31.482646942138672,17.306699752807617,15.363962173461914,12.108129501342773,12.774593353271484,8.646639823913574,10.201859474182129,7.92538595199585,8.290641784667969,8.147734642028809,6.436019420623779,6.880337238311768,6.143913269042969,hiphop,hiphop.00034.wav
143.5546875,2825.5302060644444,1049.2097386529208,2830.7288636632816,406.54301246470493,6190.9792306622485,1710.5154580562305,0.10329945094814241,0.09464071940812725,-100.91944122314453,64.29093933105469,12.551603317260742,26.48169708251953,12.407429695129395,12.135958671569824,2.4698939323425293,18.496997833251953,1.5057791471481323,12.057713508605957,-1.4862083196640015,6.731626510620117,3.8606362342834473,55.596920013427734,32.155757904052734,27.244964599609375,15.415122032165527,18.120529174804688,11.3351411819458,11.981147766113281,9.846590042114258,9.387499809265137,9.9488525390625,8.665969848632812,8.191795349121094,8.077935218811035,hiphop,hiphop.00035.wav
117.45383522727273,2960.013105340155,1213.5007504894984,2558.1335074460126,560.5404160971857,5801.173254432324,1916.4354923858516,0.12089987362132353,0.10113699469978117,-220.95443725585938,41.13650894165039,-13.999250411987305,33.61878967285156,12.183348655700684,13.665728569030762,5.954324245452881,7.631933212280273,5.290375232696533,10.472712516784668,4.765573024749756,6.500653266906738,6.490899562835693,161.82424926757812,42.507179260253906,29.571659088134766,21.47943687438965,15.659430503845215,11.431931495666504,10.346770286560059,9.845220565795898,8.900036811828613,9.969019889831543,9.2665376663208,9.170570373535156,9.571380615234375,hiphop,hiphop.00036.wav
143.5546875,3770.0765106624654,1320.648512041558,2830.835515869796,550.0991150011529,7050.38236730239,2019.9946428069186,0.21284149453366874,0.1213583212169293,-96.66390228271484,30.600751876831055,2.5303547382354736,12.692530632019043,-10.973727226257324,-2.1038084030151367,-3.6324102878570557,-7.5899434089660645,-5.321712493896484,-0.6840313076972961,-4.148995876312256,-3.1092333793640137,-4.859254837036133,82.45640563964844,43.82039260864258,36.61732482910156,22.321943283081055,21.059551239013672,20.72475814819336,16.204545974731445,12.634671211242676,12.221342086791992,10.056899070739746,9.759944915771484,9.146882057189941,9.255910873413086,hiphop,hiphop.00037.wav
184.5703125,2202.2948946843676,866.3593142520537,2213.2035124053305,775.7065040221052,4411.289992199594,1834.9727161644144,0.09668724603328173,0.05123288030193029,-62.80690002441406,72.10189819335938,-16.1141357421875,27.41850471496582,5.560953617095947,1.8214277029037476,3.9023923873901367,8.463777542114258,-2.00744891166687,5.825008869171143,0.15586385130882263,-0.3015003502368927,-0.66753751039505,142.3813018798828,32.56470489501953,27.330650329589844,24.232086181640625,16.41535186767578,16.678560256958008,11.594932556152344,12.58056354522705,11.717567443847656,9.681900024414062,10.209534645080566,9.220074653625488,8.627395629882812,hiphop,hiphop.00038.wav
184.5703125,2706.6714628489012,1254.5204610595217,2941.23259807602,518.9669290946152,5996.322074394108,2336.6881105113707,0.1125715037248452,0.10571356898252686,-121.61006164550781,76.9194107055664,29.01348114013672,9.935918807983398,3.173764705657959,5.175321578979492,4.968313217163086,-1.0265125036239624,1.1707606315612793,2.1393537521362305,3.117647886276245,1.136677622795105,-0.7820610404014587,94.12765502929688,38.564510345458984,34.490299224853516,22.391462326049805,17.69676399230957,18.897151947021484,16.55548667907715,15.068524360656738,13.8966646194458,12.845071792602539,10.924738883972168,11.051312446594238,8.370019912719727,hiphop,hiphop.00039.wav
80.74951171875,2431.6745536158296,1439.2687543374525,2783.1825288783557,712.9316141807099,5276.543093465799,2879.685159964617,0.10152508526025542,0.11565550089439311,-185.25148010253906,96.74281311035156,44.60040283203125,13.892824172973633,6.014659404754639,-2.906555652618408,3.2618510723114014,-9.664786338806152,-3.648591995239258,5.251206874847412,-0.9549689888954163,7.6877121925354,6.088024616241455,99.84674835205078,46.10878372192383,27.204322814941406,17.566125869750977,15.725666046142578,15.444995880126953,14.329401016235352,11.929173469543457,11.871567726135254,11.988898277282715,11.212323188781738,11.409918785095215,10.157898902893066,hiphop,hiphop.00040.wav
92.28515625,2708.8083141428915,841.0745355555416,2664.597965097762,394.13045429313576,5556.016403528928,1580.1384370454043,0.12015460223974458,0.06731346206888379,-76.58263397216797,68.3375244140625,-0.9878047704696655,30.34624671936035,3.6340487003326416,5.201216697692871,3.2781922817230225,2.940854549407959,5.555165767669678,4.673672199249268,4.329291343688965,3.4459428787231445,2.855705499649048,66.9844970703125,33.588375091552734,21.261009216308594,21.59184455871582,20.357887268066406,13.145745277404785,12.375166893005371,12.83270263671875,11.322875022888184,8.873826026916504,8.615428924560547,8.95344066619873,8.662198066711426,hiphop,hiphop.00041.wav
92.28515625,2908.796471318714,996.9112028804341,2763.7327112504013,386.7430454133019,6030.596867139126,1580.5990708899728,0.10257420967976007,0.07562321148987147,-74.3597412109375,48.817752838134766,4.047643184661865,35.846370697021484,12.497231483459473,13.474960327148438,9.024468421936035,12.567508697509766,2.486557960510254,12.132177352905273,9.134346008300781,3.928713321685791,4.571033000946045,65.94279479980469,33.81037902832031,27.423513412475586,18.16689682006836,16.19109535217285,12.73234748840332,12.856593132019043,11.586714744567871,10.960347175598145,10.080533981323242,9.767495155334473,9.001749038696289,11.080638885498047,hiphop,hiphop.00042.wav
89.10290948275862,1834.8226201664872,950.3819455444237,2225.1515450948054,680.9378381478682,3847.810066152283,2207.5467703675185,0.06156538735971362,0.039680252917284414,-155.6377410888672,113.65833282470703,-4.024228572845459,18.278228759765625,13.483907699584961,8.251856803894043,8.810650825500488,11.110942840576172,8.910264015197754,10.224346160888672,6.1002116203308105,9.73854923248291,9.320226669311523,70.70563507080078,40.3280029296875,23.97660255432129,18.103622436523438,12.783438682556152,12.088475227355957,11.32148551940918,10.599215507507324,10.968831062316895,8.611612319946289,8.039098739624023,8.740469932556152,6.418397903442383,hiphop,hiphop.00043.wav
117.45383522727273,2548.7636099360616,1061.7042924112307,2344.8395970517513,508.8219899285416,4537.730894295424,1957.8678499696425,0.14338613220781735,0.09255537616275325,-267.5225524902344,77.79210662841797,-18.18976593017578,18.888137817382812,1.9943968057632446,-7.58877420425415,4.7138776779174805,-7.698332786560059,-10.356959342956543,10.97526741027832,-2.8659422397613525,-5.7574381828308105,2.3471529483795166,88.57856750488281,44.95280456542969,40.02317810058594,18.9807186126709,15.922311782836914,18.597517013549805,14.51777458190918,12.047396659851074,11.214597702026367,13.258367538452148,10.719503402709961,12.096487998962402,10.129297256469727,hiphop,hiphop.00044.wav
184.5703125,2706.6714628489012,1254.5204610595217,2941.23259807602,518.9669290946152,5996.322074394108,2336.6881105113707,0.1125715037248452,0.10571356898252686,-121.61006164550781,76.9194107055664,29.01348114013672,9.935918807983398,3.173764705657959,5.175321578979492,4.968313217163086,-1.0265125036239624,1.1707606315612793,2.1393537521362305,3.117647886276245,1.136677622795105,-0.7820610404014587,94.12765502929688,38.564510345458984,34.490299224853516,22.391462326049805,17.69676399230957,18.897151947021484,16.55548667907715,15.068524360656738,13.8966646194458,12.845071792602539,10.924738883972168,11.051312446594238,8.370019912719727,hiphop,hiphop.00045.wav
95.703125,2306.786333638483,950.7111313771452,2601.5436234092385,453.69289481060736,5000.353096882256,1928.6770107346856,0.09149226610874613,0.06355147160209093,-75.66786193847656,91.02239990234375,9.864940643310547,25.094079971313477,11.801715850830078,10.166982650756836,0.12458102405071259,8.227128982543945,1.6348944902420044,0.4970396161079407,1.8070878982543945,5.492985725402832,1.2929039001464844,68.09414672851562,32.85782241821289,26.29071044921875,16.031164169311523,14.846216201782227,10.477046012878418,10.596505165100098,10.059564590454102,9.832693099975586,9.561610221862793,7.902062892913818,8.635907173156738,7.783912658691406,hiphop,hiphop.00046.wav
95.703125,3236.2092131808367,1133.6684811878556,3272.1557177055006,388.57281992542596,7338.638957587558,1633.5342934125867,0.10935685952012383,0.09608074842083754,-76.64228057861328,52.77649688720703,34.64007568359375,26.187644958496094,16.660327911376953,11.346407890319824,5.853891849517822,6.904237747192383,3.664475917816162,-0.9604269862174988,3.87589693069458,4.48794412612915,0.6365995407104492,60.195560455322266,27.307048797607422,22.929039001464844,17.255977630615234,15.967690467834473,13.545153617858887,11.416583061218262,11.974950790405273,10.63072681427002,10.127742767333984,9.545592308044434,8.758479118347168,8.57231330871582,hiphop,hiphop.00047.wav
95.703125,2344.385703637443,925.8832945426167,2682.0326323793884,529.2829159523576,5394.20071533959,1910.7703657693382,0.07745040090460527,0.048858479858739,-87.6807861328125,79.37557983398438,25.071247100830078,45.16530990600586,11.19914436340332,18.17017364501953,3.520857810974121,6.995575428009033,1.2674152851104736,2.360787868499756,-1.7764662504196167,-0.012601858004927635,-2.7059743404388428,94.3709487915039,31.304096221923828,19.39299964904785,16.686323165893555,11.886374473571777,8.820120811462402,8.264764785766602,6.530299663543701,7.627760887145996,7.510783672332764,6.480416297912598,5.183342456817627,5.486117839813232,hiphop,hiphop.00048.wav
129.19921875,3084.4973664314452,791.9376028550727,3055.5704751391245,311.94590721628646,6682.326259553986,1186.515372263871,0.10872005309113777,0.05845284458069472,-44.555233001708984,41.62350082397461,29.912630081176758,51.863685607910156,12.875630378723145,13.724888801574707,7.962604999542236,9.290233612060547,8.38836669921875,1.8994230031967163,1.141311526298523,4.5649919509887695,5.524622440338135,51.4986686706543,23.797460556030273,23.860807418823242,17.284801483154297,17.225433349609375,10.675780296325684,13.80795955657959,9.303301811218262,10.852764129638672,8.303098678588867,8.933683395385742,8.10792064666748,7.304853439331055,hiphop,hiphop.00049.wav
99.38401442307692,1683.7287656142807,805.7876609404717,2428.093966088148,591.1889655014293,3619.3447809839395,2193.1093590186256,0.04244418779024768,0.031010006967336638,-114.06301879882812,110.11894989013672,17.93018341064453,37.93009567260742,27.968828201293945,1.4038033485412598,15.553620338439941,1.425545573234558,7.3542890548706055,-3.325509786605835,8.241861343383789,-0.18475700914859772,0.682867169380188,66.24876403808594,34.96847152709961,28.09836769104004,17.63234519958496,17.879060745239258,14.118749618530273,12.91423225402832,10.66019344329834,9.562906265258789,10.249956130981445,9.155342102050781,8.048258781433105,8.844850540161133,hiphop,hiphop.00050.wav
103.359375,2500.521404911738,1116.1502094814075,2578.083186286891,472.92159455433296,5294.309652700513,1916.6798749204806,0.09951791674729102,0.08669220888120782,-78.71351623535156,73.09977722167969,21.83403968811035,49.21601104736328,3.114288806915283,18.307453155517578,1.8565903902053833,8.398898124694824,1.4257842302322388,4.219164848327637,-1.323271632194519,1.2506556510925293,-3.0139784812927246,70.46620178222656,39.064483642578125,31.26900863647461,18.609392166137695,16.180328369140625,10.32146167755127,10.3755521774292,8.414216995239258,8.36409854888916,8.959476470947266,7.128609657287598,7.502864360809326,7.210121154785156,hiphop,hiphop.00051.wav
103.359375,2595.782821610755,1172.142342201159,2881.612646336387,488.31001556390345,5858.622907042134,2127.9952237901703,0.08231280536474458,0.06507038333973547,-146.51693725585938,81.55852508544922,31.962297439575195,22.430374145507812,5.098354816436768,13.628087043762207,6.495129108428955,8.408916473388672,4.4383158683776855,5.010662078857422,1.8354231119155884,2.864581346511841,4.526801586151123,69.7521743774414,34.43175506591797,22.142778396606445,14.582527160644531,13.307815551757812,10.717812538146973,10.252350807189941,9.907332420349121,9.103992462158203,8.220083236694336,7.205780982971191,6.194383144378662,6.84543514251709,hiphop,hiphop.00052.wav
107.666015625,3079.1103340087907,1147.6506742484228,3220.8563159505225,490.70203252135474,7003.240985693208,2137.051933766724,0.10707796173568111,0.07020433641296625,-144.97781372070312,66.6715316772461,44.280052185058594,22.528505325317383,6.521359443664551,8.850330352783203,11.895541191101074,5.837181091308594,3.0436742305755615,6.451862812042236,3.5622899532318115,2.5228521823883057,3.830937623977661,81.03345489501953,33.43531799316406,25.337909698486328,21.36212730407715,15.051015853881836,11.236084938049316,11.664546966552734,9.46142578125,8.862309455871582,9.821227073669434,8.828680992126465,7.9310784339904785,7.534891128540039,hiphop,hiphop.00053.wav
112.34714673913044,3258.7937668169607,915.2901063183955,3321.233022757826,337.2129148074791,7619.562258882788,1314.9903252330812,0.12631934198432662,0.07736549532802195,-104.71599578857422,64.03459930419922,28.791667938232422,10.546079635620117,15.168903350830078,13.066783905029297,8.023292541503906,5.234204292297363,6.736820220947266,5.124849796295166,4.446024417877197,4.464317798614502,3.354733943939209,55.469825744628906,25.641307830810547,24.781963348388672,15.820549011230469,14.228208541870117,9.50841999053955,10.825870513916016,10.641251564025879,9.402883529663086,8.06581974029541,8.170530319213867,7.427835464477539,8.28896427154541,hiphop,hiphop.00054.wav
107.666015625,1735.5854903743884,724.7276209750005,2055.9870271957616,380.78001187643696,3552.961849059114,1382.9946221737207,0.07250031745839783,0.05482965274746658,-161.47679138183594,104.0411148071289,-10.936408996582031,43.69308090209961,13.973774909973145,14.4622163772583,7.506260871887207,9.48156452178955,6.43916654586792,6.995227336883545,1.3608630895614624,4.43862247467041,-2.926755666732788,53.415870666503906,27.449621200561523,19.85928726196289,14.908565521240234,13.810038566589355,11.107328414916992,12.492292404174805,7.572113513946533,7.416759014129639,7.930906295776367,7.444611072540283,8.498783111572266,6.018054008483887,hiphop,hiphop.00055.wav
99.38401442307692,2355.621296823601,596.0906387649645,2496.919774597185,335.8460422954343,5176.777030070869,1122.0846524015622,0.07013033934791021,0.03323799871690147,-101.08124542236328,72.40870666503906,-2.374790668487549,46.05116653442383,5.545093536376953,24.215150833129883,3.5403549671173096,14.531002044677734,5.654685974121094,13.535109519958496,4.972192764282227,9.905891418457031,2.9368953704833984,53.63343048095703,21.017982482910156,22.240034103393555,14.864914894104004,12.355088233947754,9.200352668762207,9.165764808654785,8.280829429626465,9.175774574279785,9.760335922241211,7.336361408233643,7.351038455963135,7.122735500335693,hiphop,hiphop.00056.wav
89.10290948275862,1811.0907893923022,642.8018077248835,2279.385519549546,328.394254046583,3889.9348114297118,1325.280894202065,0.05145433738873839,0.03853808811820523,-113.62826538085938,87.07086944580078,-0.638083279132843,52.25518035888672,19.37762451171875,19.676193237304688,15.387044906616211,13.710749626159668,6.9510931968688965,9.077070236206055,7.965795993804932,4.412704944610596,-0.15473131835460663,62.04764938354492,22.690345764160156,22.490751266479492,13.24567699432373,11.710488319396973,9.653486251831055,9.199823379516602,8.307735443115234,6.206437110900879,7.243030548095703,6.495555877685547,7.5969109535217285,8.029610633850098,hiphop,hiphop.00057.wav
172.265625,2676.5339159173477,981.7114337126721,2413.9218973506577,357.8754630091533,5209.5184987543535,1412.8922358590285,0.13613863257062694,0.09681372924227465,-109.83064270019531,63.10463333129883,-13.84090518951416,43.019493103027344,6.1420440673828125,23.18745994567871,8.019648551940918,10.65602970123291,0.9803226590156555,5.321308135986328,-1.832165002822876,-1.4251208305358887,-1.863974928855896,68.57035827636719,29.455760955810547,24.88385009765625,18.01191520690918,14.847525596618652,11.900575637817383,12.967461585998535,11.127408981323242,9.54105281829834,9.58841323852539,8.870634078979492,8.29968547821045,7.314713954925537,hiphop,hiphop.00058.wav
92.28515625,1949.3068336318568,808.7427180036368,2286.5903217127266,528.8296650519039,4219.474485415054,1737.6104207536512,0.06300302038989938,0.04414998668624636,-133.2266845703125,93.95074462890625,-2.2413456439971924,50.19545364379883,12.518454551696777,15.036698341369629,11.511906623840332,10.248600959777832,7.951723575592041,10.803760528564453,1.9746123552322388,5.198634624481201,1.066261887550354,57.827537536621094,29.777545928955078,25.97876739501953,16.915180206298828,14.374124526977539,10.840812683105469,12.258593559265137,8.885241508483887,7.94366979598999,10.379897117614746,7.181796073913574,6.264848232269287,6.307882785797119,hiphop,hiphop.00059.wav
184.5703125,1717.834483382323,588.0409695805699,2052.410769263657,361.0503758530778,3686.911039086687,1184.9369308106404,0.05390783729198916,0.0467870986579001,-153.50096130371094,92.77770233154297,-15.882088661193848,57.952423095703125,8.575668334960938,18.462398529052734,13.276263236999512,11.162718772888184,7.613731861114502,12.974225044250488,5.661204814910889,7.017446041107178,2.8843374252319336,71.58772277832031,22.26319122314453,26.255538940429688,18.80473518371582,16.31804656982422,11.101631164550781,11.20700740814209,9.384257316589355,8.375399589538574,9.995227813720703,8.132004737854004,7.4449052810668945,7.6941657066345215,hiphop,hiphop.00060.wav
184.5703125,1811.4872110056333,570.7011664731017,2201.2950311516684,343.9557972027021,3806.3103170955883,1235.0364883860216,0.06727699303405572,0.0384630085615179,-127.29856872558594,95.7888412475586,-12.756138801574707,37.96443557739258,20.579317092895508,23.185546875,8.276987075805664,9.6158447265625,8.685040473937988,5.521230220794678,6.679731369018555,4.026427745819092,1.7274876832962036,56.2459716796875,22.457822799682617,23.457773208618164,18.49763298034668,18.942317962646484,12.51590633392334,11.26667594909668,9.041218757629395,9.86530590057373,9.546409606933594,8.971294403076172,8.151520729064941,7.414636135101318,hiphop,hiphop.00061.wav
92.28515625,2449.072471257414,1319.661163991461,2508.117491409197,574.8710302048282,4930.6618516290155,2408.9007670021124,0.10955073589880031,0.0989761484429806,-144.1154022216797,73.38273620605469,4.68950080871582,24.034183502197266,12.896576881408691,14.024166107177734,8.642745018005371,6.908734321594238,-1.2130749225616455,-0.8405231833457947,1.1626185178756714,2.5793063640594482,-1.1129530668258667,91.67393493652344,48.072505950927734,43.09159851074219,24.839109420776367,21.39071273803711,16.98526382446289,13.393664360046387,13.206243515014648,12.52082633972168,11.576085090637207,10.60959243774414,10.133544921875,11.307823181152344,hiphop,hiphop.00062.wav
92.28515625,2671.0740466843918,1116.0447371962234,2494.7368600221876,507.97812442809806,5320.276162351248,1887.5433341835906,0.12218709183920279,0.08564761922394243,-98.84099578857422,71.1085205078125,-10.04574203491211,31.723390579223633,5.144659519195557,1.875218391418457,-8.893279075622559,-4.2644500732421875,-5.9622368812561035,-4.269474506378174,-0.6587040424346924,-1.8606144189834595,-0.5169800519943237,71.02923583984375,37.38652038574219,31.27153968811035,23.020050048828125,16.920785903930664,16.30084228515625,14.84744930267334,13.336261749267578,13.275771141052246,12.500038146972656,12.124823570251465,11.25126838684082,9.511695861816406,hiphop,hiphop.00063.wav
86.1328125,2429.9366980056257,815.1815497079303,2575.1768021201756,368.4684435710478,5273.709777265141,1322.6590745528567,0.07981168670181889,0.06010688796406778,-82.42477416992188,69.95745086669922,10.693317413330078,48.8040771484375,4.639569282531738,13.286026954650879,-1.7903581857681274,5.122208118438721,-1.084924340248108,-2.7959132194519043,-2.5498504638671875,0.21808503568172455,-3.1269516944885254,62.51456832885742,26.32416534423828,24.507211685180664,18.65378761291504,17.628068923950195,14.869348526000977,12.597612380981445,12.018943786621094,11.571341514587402,10.017521858215332,8.814234733581543,9.518976211547852,8.677658081054688,hiphop,hiphop.00064.wav
95.703125,2447.981517210075,1384.6841054136642,2779.9431286937574,530.1028652813956,5316.867849627515,2565.466545748314,0.0886033946884675,0.09532570834495797,-140.1487579345703,77.06105041503906,42.02964782714844,31.239225387573242,12.191808700561523,10.215243339538574,3.7374846935272217,8.286639213562012,-1.553202509880066,-1.7558186054229736,3.626760482788086,4.589858531951904,-2.549266815185547,93.16780853271484,46.248695373535156,26.12881851196289,19.8027400970459,17.328474044799805,14.574581146240234,11.586734771728516,10.239041328430176,10.468052864074707,11.07991886138916,8.858566284179688,8.163487434387207,9.81753921508789,hiphop,hiphop.00065.wav
92.28515625,2245.1543617872862,868.4423808926737,2484.137881682173,410.13351399112577,4816.095877727119,1654.2677634782642,0.0793853854247291,0.05929538458514303,-111.8478775024414,89.10122680664062,13.179903984069824,36.34461212158203,-3.2759246826171875,3.8778231143951416,0.5638423562049866,6.3377275466918945,-2.179609537124634,2.9791018962860107,-1.6365569829940796,-0.3662911355495453,-3.4718985557556152,86.14811706542969,32.95334243774414,24.608882904052734,20.066389083862305,16.161413192749023,13.18810749053955,9.972233772277832,10.38231086730957,11.46065616607666,10.041057586669922,9.710210800170898,8.298806190490723,9.3694486618042,hiphop,hiphop.00066.wav
95.703125,3053.2752032918966,1070.9297927130442,3025.0571235297643,439.9091917230547,6667.5096824811335,1866.8449264483847,0.1268197168875774,0.0986723826081829,-74.77094268798828,58.740543365478516,9.939784049987793,21.57010841369629,15.071627616882324,4.937729358673096,2.282747983932495,5.468897819519043,3.120033025741577,0.6039441823959351,2.4664061069488525,4.211440563201904,3.4745802879333496,58.97711181640625,28.178178787231445,25.924924850463867,17.13168716430664,16.48518943786621,13.237715721130371,13.898900032043457,12.653848648071289,11.852775573730469,10.333070755004883,10.233441352844238,10.575470924377441,9.49133586883545,hiphop,hiphop.00067.wav
95.703125,2545.058137328884,849.398647151204,2748.0036712223564,391.509289898721,5683.715631349168,1569.2685110584353,0.09572391096652477,0.05484551611564479,-66.0644302368164,74.915771484375,20.63437843322754,39.274261474609375,8.157337188720703,15.135332107543945,-0.3828369379043579,5.572951793670654,1.461735725402832,-0.6336607336997986,-1.571073055267334,1.455990195274353,-2.4145190715789795,74.1902847290039,28.477474212646484,21.1689453125,19.055700302124023,14.238081932067871,9.919249534606934,10.010381698608398,9.150185585021973,8.905496597290039,9.143781661987305,7.190793991088867,6.52252721786499,6.1678619384765625,hiphop,hiphop.00068.wav
129.19921875,3299.440188118393,997.6553343027208,3139.542709498119,293.23741617183293,7082.1738417303595,1201.3846402945285,0.1209660107875387,0.08406286091375782,-59.20925521850586,36.20804214477539,39.83428192138672,49.976192474365234,10.150851249694824,16.89043426513672,9.769880294799805,4.446043968200684,2.411560535430908,1.7071003913879395,2.367370843887329,3.909562110900879,3.2013638019561768,62.18723678588867,30.51056671142578,24.06180191040039,19.819822311401367,16.63787841796875,11.313633918762207,12.490448951721191,11.16688346862793,10.530716896057129,9.74457836151123,10.203914642333984,8.453499794006348,7.663270473480225,hiphop,hiphop.00069.wav
95.703125,2501.25903379901,1115.013292127112,3049.6607535011344,566.5631586748959,6028.555212818063,2499.2560957100873,0.06926450936048761,0.05538221686108912,-81.68595123291016,82.33597564697266,53.542030334472656,25.494243621826172,15.711484909057617,19.21200942993164,8.440927505493164,6.372036933898926,0.20460082590579987,0.15445592999458313,1.1984615325927734,1.5259027481079102,-0.7252470254898071,70.41348266601562,32.433494567871094,27.377565383911133,16.597015380859375,14.603503227233887,9.400111198425293,8.82123851776123,7.9445719718933105,8.885416984558105,7.697661876678467,6.76373291015625,6.106149673461914,6.18642520904541,hiphop,hiphop.00070.wav
95.703125,3186.910019337875,1154.579514216882,3286.573770075949,338.3367440880906,7476.671456257256,1495.543340947755,0.10757606907894737,0.09980100434615782,-78.69876098632812,51.46027755737305,42.21704864501953,30.07628631591797,20.110864639282227,6.99334192276001,8.018717765808105,6.883306980133057,-4.620158672332764,3.649606466293335,3.640192747116089,4.324947834014893,2.607875108718872,56.52740478515625,32.17770004272461,17.240270614624023,15.529725074768066,15.00467300415039,10.428092956542969,10.76331615447998,11.002093315124512,10.588812828063965,9.905925750732422,9.51292896270752,8.396315574645996,8.541574478149414,hiphop,hiphop.00071.wav
99.38401442307692,1818.8189646845494,858.3799195899975,2521.696700963498,556.4974432121601,3999.725814205205,2187.3764401022245,0.05136250120936533,0.0429036224468246,-118.02058410644531,102.30680084228516,20.77259063720703,37.01067352294922,24.395523071289062,7.802753925323486,15.927474021911621,-1.5940948724746704,6.763178825378418,-0.7802006006240845,8.579757690429688,1.473605990409851,-4.222729682922363,66.70081329345703,34.922725677490234,23.543596267700195,16.7749080657959,15.905177116394043,14.57066822052002,10.379999160766602,11.87277889251709,9.758237838745117,9.169295310974121,8.457244873046875,8.237645149230957,8.684006690979004,hiphop,hiphop.00072.wav
92.28515625,2566.5587161240874,1201.2357318741795,2942.3925463630508,492.5265987453146,5931.505799662587,2152.637919719348,0.08562004160216719,0.09636948454785406,-78.25045013427734,70.1887435913086,45.9089469909668,42.07598876953125,15.097312927246094,10.689845085144043,-0.6920254230499268,-0.6105204224586487,0.3715642988681793,-0.3509228229522705,1.102734923362732,-0.6717469692230225,-0.8145327568054199,78.31841278076172,34.83953857421875,25.897127151489258,17.901140213012695,14.616724967956543,11.1336669921875,13.861881256103516,10.110738754272461,10.796854972839355,10.12679386138916,8.844344139099121,7.076263904571533,6.734631538391113,hiphop,hiphop.00073.wav
99.38401442307692,2775.2916756205336,852.5090240662815,2712.623765856432,342.4601360955736,5969.305571092541,1246.0202029105353,0.11079033535700464,0.0685627744887422,-68.78752899169922,62.37388610839844,24.279098510742188,53.78571319580078,-1.9191564321517944,12.823493003845215,-4.358759880065918,12.354515075683594,-0.2201935350894928,9.053526878356934,-0.9775518178939819,3.941970109939575,1.916253924369812,57.36509704589844,26.57607078552246,26.26871109008789,19.72601890563965,15.506087303161621,10.340502738952637,10.678340911865234,8.567975044250488,9.999631881713867,8.437111854553223,8.0389986038208,8.006044387817383,8.555869102478027,hiphop,hiphop.00074.wav
92.28515625,3139.605595979825,1334.6313196853064,2849.9772069915975,370.0774351908445,6335.611689422891,1831.2173802979673,0.146737207938274,0.12990981339934424,-94.57141876220703,51.72364807128906,17.519943237304688,28.90424156188965,2.0637569427490234,3.727111339569092,-1.8516199588775635,4.3683600425720215,8.78132152557373,2.1316025257110596,-1.3799784183502197,4.691601276397705,4.077907085418701,66.22491455078125,43.1121940612793,28.937915802001953,24.35455894470215,18.964603424072266,16.70981216430664,15.342034339904785,12.979555130004883,13.903641700744629,13.923012733459473,10.613434791564941,10.243820190429688,9.933454513549805,hiphop,hiphop.00075.wav
95.703125,2328.3253525938053,1137.4009677605445,2627.229475693976,609.0497034778957,4934.945159061775,2413.4154366262433,0.09669745005321208,0.09072237596777008,-111.2291488647461,89.941162109375,4.453145503997803,14.53057861328125,9.934057235717773,-9.441967010498047,2.9049582481384277,-0.13894076645374298,-3.0650672912597656,3.2723684310913086,-1.4969656467437744,1.5704437494277954,2.396404504776001,83.85087585449219,38.03738784790039,32.65531921386719,19.92776870727539,17.654823303222656,17.699108123779297,12.41623592376709,13.241562843322754,12.782623291015625,10.947417259216309,10.621975898742676,9.44311809539795,10.742344856262207,hiphop,hiphop.00076.wav
117.45383522727273,2986.424482322364,972.5485708663354,2899.9735732795793,468.7235626581154,6403.169614242695,1892.3859476400528,0.13766243288022445,0.07940125650442796,-25.853546142578125,70.94636535644531,9.548489570617676,17.47974967956543,-1.6311874389648438,-0.5474362373352051,0.26069021224975586,-4.643626689910889,-0.5859256386756897,-3.0860729217529297,-2.4065418243408203,0.38653892278671265,-2.1581430435180664,57.51153564453125,33.755393981933594,24.999961853027344,19.97618865966797,18.354015350341797,16.180015563964844,13.044825553894043,10.878168106079102,10.795125961303711,10.203506469726562,12.046710014343262,9.073529243469238,8.84416389465332,hiphop,hiphop.00077.wav
95.703125,2328.3253525938053,1137.4009677605445,2627.229475693976,609.0497034778957,4934.945159061775,2413.4154366262433,0.09669745005321208,0.09072237596777008,-111.2291488647461,89.941162109375,4.453145503997803,14.53057861328125,9.934057235717773,-9.441967010498047,2.9049582481384277,-0.13894076645374298,-3.0650672912597656,3.2723684310913086,-1.4969656467437744,1.5704437494277954,2.396404504776001,83.85087585449219,38.03738784790039,32.65531921386719,19.92776870727539,17.654823303222656,17.699108123779297,12.41623592376709,13.241562843322754,12.782623291015625,10.947417259216309,10.621975898742676,9.44311809539795,10.742344856262207,hiphop,hiphop.00078.wav
103.359375,3213.1475995725405,1188.1316910277942,2834.0488919453637,576.223708141719,6312.970159666457,2322.8472458219903,0.17240182976973684,0.0990537943228101,-79.74996185302734,62.27511978149414,-5.1084465980529785,18.229969024658203,12.862356185913086,-14.114572525024414,4.911667346954346,1.6750953197479248,-5.780055522918701,0.8144436478614807,-3.8078806400299072,2.012064218521118,3.414438247680664,92.23021697998047,38.604103088378906,30.624521255493164,23.507394790649414,17.315183639526367,19.88479232788086,15.122671127319336,14.721406936645508,12.056768417358398,11.736746788024902,9.99095344543457,9.163190841674805,9.110566139221191,hiphop,hiphop.00079.wav
95.703125,3377.342805929625,905.5306248219549,2996.5226327289342,369.1962600932496,6892.483322096314,1500.0483244954942,0.15500095237519348,0.08521252116440894,-64.00121307373047,50.8045654296875,6.60215950012207,27.830774307250977,6.633703708648682,0.2985534071922302,2.8219563961029053,3.21342134475708,0.16524186730384827,0.6103196144104004,0.09556545317173004,-5.067102909088135,2.6628100872039795,42.4705696105957,25.731796264648438,22.13001251220703,15.973600387573242,13.783900260925293,11.438693046569824,10.89497184753418,9.866435050964355,10.69967269897461,8.685260772705078,8.421452522277832,8.205916404724121,8.77295970916748,hiphop,hiphop.00080.wav
103.359375,1469.3760072038706,595.427806701437,1954.5243317193638,424.721358421507,3277.0468508126937,1626.1577132235054,0.05177973224651703,0.0340655774958351,-216.06976318359375,122.55899047851562,0.9373159408569336,39.35661697387695,9.28821849822998,26.045793533325195,-4.027805805206299,18.25638198852539,-6.511410236358643,13.911773681640625,-3.0722880363464355,8.876830101013184,-4.358553409576416,70.84854125976562,23.079099655151367,27.715181350708008,17.61355209350586,15.914775848388672,12.638853073120117,13.137777328491211,10.476890563964844,9.891801834106445,9.514298439025879,9.095380783081055,7.15526819229126,7.630331993103027,hiphop,hiphop.00081.wav
107.666015625,2290.107317796501,618.6366940039868,2181.5890272480765,242.8595318140598,4819.512523733794,940.7951666101752,0.11322947404702012,0.06968862347025029,-122.78052520751953,95.06128692626953,-29.363250732421875,46.78004455566406,-15.998560905456543,27.117586135864258,-13.113779067993164,20.25800323486328,-5.389464855194092,15.45925235748291,-6.909566879272461,15.645837783813477,-6.707096099853516,30.9614315032959,22.570796966552734,16.99616241455078,10.978466033935547,11.412782669067383,9.443744659423828,11.114728927612305,9.740008354187012,9.049091339111328,7.591432094573975,8.25422191619873,7.614941120147705,7.556241035461426,hiphop,hiphop.00082.wav
103.359375,2368.0288949553296,559.9765796520634,2303.345664523038,260.2934405122717,5017.786324799245,1028.0078837397186,0.11085004776993033,0.05949677964130322,-122.01622772216797,89.59381866455078,-25.749513626098633,40.978492736816406,-4.280537128448486,27.573909759521484,-15.565974235534668,22.410400390625,-10.840677261352539,19.818462371826172,-8.638996124267578,19.100217819213867,-8.472635269165039,43.06622314453125,19.95798110961914,18.562440872192383,15.457910537719727,13.535423278808594,11.872675895690918,12.732246398925781,10.52181339263916,8.794215202331543,9.68681526184082,8.833035469055176,8.70573902130127,7.870273113250732,hiphop,hiphop.00083.wav
112.34714673913044,2044.4018831699113,767.885329632279,1933.7322920186132,374.46997864131407,4075.008692313274,1371.8315909089674,0.10514864611551858,0.07075722774378784,-214.3130340576172,100.31755065917969,-33.45656967163086,47.25948715209961,-8.953328132629395,12.991591453552246,-17.322505950927734,11.068474769592285,-11.724059104919434,8.812742233276367,-7.832299709320068,6.2648186683654785,-0.10495937615633011,64.96426391601562,40.49477767944336,25.16500473022461,23.737991333007812,19.42464256286621,18.58418846130371,15.187782287597656,13.307435989379883,13.013620376586914,11.111546516418457,10.019124984741211,9.320722579956055,9.946440696716309,hiphop,hiphop.00084.wav
112.34714673913044,2607.901477732147,552.168719023096,2392.1949496304064,233.51536583400167,5535.341528547068,804.8486810742642,0.1272399713380418,0.06848580563477694,-114.30268859863281,80.86408233642578,-18.181608200073242,50.66254806518555,-14.933624267578125,29.264699935913086,-20.05033302307129,18.588346481323242,-17.68691635131836,16.672950744628906,-11.416135787963867,16.29712677001953,-4.47333288192749,39.849853515625,19.153135299682617,19.838167190551758,14.017780303955078,14.048144340515137,9.319245338439941,9.929338455200195,9.001485824584961,8.18967056274414,7.680023670196533,7.542524337768555,7.669122219085693,7.9429426193237305,hiphop,hiphop.00085.wav
99.38401442307692,2083.393807295725,666.0861683484418,2197.9591095089268,330.07168180765865,4478.756250907024,1324.9844813750751,0.0798679977747678,0.054212003302452946,-198.9750518798828,92.61563110351562,-19.535987854003906,39.54047775268555,-0.6448094844818115,33.591434478759766,-6.465564727783203,27.517139434814453,-2.4129979610443115,14.994362831115723,-2.9805147647857666,14.907301902770996,-3.387167453765869,56.6098747253418,27.200611114501953,19.55532455444336,19.696857452392578,17.19422149658203,12.95214557647705,11.336396217346191,10.397577285766602,9.595840454101562,10.917262077331543,10.417505264282227,9.800419807434082,9.315123558044434,hiphop,hiphop.00086.wav
135.99917763157896,2472.488643988058,714.3774531225263,2499.681708769723,248.3601454503585,5509.025021012722,1060.277632972436,0.08769334728134674,0.07454955775346428,-168.3470916748047,70.93956756591797,-3.0408055782318115,54.825477600097656,-12.104619979858398,30.515268325805664,-1.5212910175323486,28.844463348388672,-8.925713539123535,18.759965896606445,-6.6007914543151855,14.602880477905273,-3.575063705444336,53.234596252441406,16.545001983642578,19.96940040588379,11.123246192932129,12.738066673278809,11.457880973815918,12.996946334838867,9.619659423828125,10.517389297485352,7.156778812408447,8.995491981506348,6.3414177894592285,6.964828014373779,hiphop,hiphop.00087.wav
117.45383522727273,2694.9757203214963,524.813573088153,2389.2350164364775,222.65350743252193,5600.091137015044,833.6126571987041,0.14991216984326625,0.05604475089565262,-89.86678314208984,79.76334381103516,-25.737308502197266,47.72638702392578,-10.019150733947754,31.556943893432617,-22.197519302368164,26.661226272583008,-10.976784706115723,18.82318115234375,-15.56501293182373,14.414715766906738,-10.038894653320312,44.8240852355957,19.01648712158203,20.618301391601562,15.078652381896973,13.820609092712402,13.265564918518066,10.520953178405762,10.374540328979492,9.49195384979248,9.333162307739258,7.424923896789551,8.56598949432373,7.839550018310547,hiphop,hiphop.00088.wav
123.046875,2670.154564498446,581.6749314015085,2396.6483338279327,266.1471671208644,5527.058245301616,967.5928007946957,0.11762400529702012,0.058755908846497555,-103.13826751708984,74.09022521972656,-22.43463897705078,51.60478973388672,-7.079813480377197,32.67097473144531,-14.993523597717285,19.642501831054688,-7.071233749389648,22.27215003967285,-7.324058532714844,17.611780166625977,-0.045685261487960815,41.34506607055664,19.923952102661133,17.707704544067383,11.635200500488281,11.927184104919434,8.473226547241211,8.22132682800293,7.957322120666504,7.774575710296631,6.716801643371582,7.727669715881348,6.731165885925293,8.058330535888672,hiphop,hiphop.00089.wav
151.99908088235293,2272.8344394005203,471.6133962946825,2327.2378038657807,228.6434811442006,4965.044977052293,975.9180172328696,0.10450163566660217,0.04792195262566319,-109.5091781616211,97.38956451416016,-20.61962127685547,37.36667251586914,-3.12599778175354,28.611204147338867,-14.169424057006836,23.862112045288086,-8.736170768737793,19.89246368408203,-11.298630714416504,17.9396915435791,-3.482386827468872,30.750669479370117,15.719460487365723,14.97101879119873,11.362642288208008,11.096057891845703,8.866918563842773,11.387832641601562,8.5574369430542,8.883478164672852,7.751761436462402,7.67173957824707,7.13558292388916,7.060574531555176,hiphop,hiphop.00090.wav
103.359375,2628.9767336632103,510.77867525020974,2350.956242233718,227.70497127744983,5411.725609368953,801.8090006289567,0.1385550956607972,0.06432433103985193,-105.56951141357422,76.67491149902344,-24.77430534362793,55.19898986816406,-8.257658004760742,28.89926528930664,-15.747581481933594,26.304574966430664,-8.491438865661621,20.45464324951172,-8.151382446289062,13.922347068786621,-6.56631326675415,45.57163619995117,18.518346786499023,20.011499404907227,14.184109687805176,14.802141189575195,11.29841136932373,11.99138355255127,10.340538024902344,9.736746788024902,9.035247802734375,9.34999942779541,8.919997215270996,8.355463027954102,hiphop,hiphop.00091.wav
112.34714673913044,2330.8396284977375,526.0419075507376,2664.205681426961,264.6224846138205,5837.598034176664,1075.9473766308565,0.07263901654411764,0.03913107712171369,-144.99234008789062,84.06177520751953,10.8482027053833,43.60133361816406,6.281899452209473,36.12910842895508,-14.66227912902832,26.80546760559082,-10.336030006408691,24.696184158325195,-8.724149703979492,18.79265022277832,-4.396879196166992,43.784420013427734,16.755924224853516,21.109895706176758,13.643213272094727,18.862417221069336,10.895155906677246,11.467673301696777,10.577125549316406,8.852645874023438,8.757903099060059,8.127778053283691,7.464365482330322,9.774980545043945,hiphop,hiphop.00092.wav
117.45383522727273,3185.1421645019136,653.3334091803284,2603.5388708639575,169.9172361804653,6277.937038173616,551.6452976044718,0.15219749238099844,0.07451131650185373,-191.63844299316406,41.31780242919922,4.992499351501465,65.46561431884766,-4.320229530334473,42.641536712646484,-12.253161430358887,23.81720733642578,-4.273260116577148,16.039920806884766,-5.085684299468994,16.431041717529297,-9.372978210449219,57.4901237487793,20.094310760498047,21.159530639648438,14.867856979370117,14.511747360229492,11.645108222961426,10.807992935180664,9.105278968811035,9.860631942749023,9.371858596801758,9.894495964050293,8.639559745788574,7.718070983886719,hiphop,hiphop.00093.wav
151.99908088235293,1929.5861395660595,557.4955017550604,2249.2447287206037,362.9247584562249,4411.223325936049,1411.8507940349475,0.054190904363390094,0.031067624946908803,-169.93531799316406,98.0576171875,-11.31148910522461,38.26552200317383,5.069619178771973,25.395584106445312,-11.830673217773438,25.108501434326172,-5.5583882331848145,19.205223083496094,-2.9109883308410645,18.213062286376953,6.105380535125732,53.41835021972656,26.386795043945312,20.152929306030273,16.19499397277832,17.50447654724121,14.910469055175781,13.363025665283203,10.195469856262207,12.106992721557617,9.554750442504883,9.766229629516602,9.115160942077637,9.412605285644531,hiphop,hiphop.00094.wav
112.34714673913044,2735.79580212033,529.2709606822581,2295.456105176156,225.61724004292967,5419.742227560227,813.763847412755,0.15760335538409442,0.053788006120084185,-92.59165954589844,77.41268157958984,-32.756370544433594,54.59611892700195,-13.19919490814209,33.656280517578125,-12.085771560668945,28.01538848876953,-11.966781616210938,18.829349517822266,-6.670477390289307,13.036639213562012,-7.021347522735596,37.595008850097656,19.051870346069336,17.202415466308594,11.704946517944336,9.310589790344238,9.095370292663574,8.92038345336914,8.256363868713379,7.742746829986572,7.144256114959717,6.833347320556641,5.459717750549316,5.7338056564331055,hiphop,hiphop.00095.wav
107.666015625,1752.0147471390123,402.5986833623539,1811.3360784876797,262.2465695757259,3488.9455694901317,850.9790566715749,0.08312648147252322,0.03025657754202929,-128.1535186767578,124.58419799804688,-37.20049285888672,43.89212417602539,-12.789881706237793,18.988998413085938,-9.285406112670898,19.7816104888916,-6.878118515014648,13.477492332458496,-5.979897975921631,12.329025268554688,-4.652768611907959,47.084938049316406,21.48150634765625,20.380916595458984,16.37689208984375,18.150007247924805,13.088835716247559,11.795626640319824,9.452630043029785,9.39274787902832,8.305254936218262,7.955660343170166,7.465389728546143,7.420414924621582,hiphop,hiphop.00096.wav
151.99908088235293,2581.727525217468,589.0953867445974,2526.2174649347,199.13393365466175,5731.648674837945,786.4871716699448,0.11598796076818886,0.06468443705546123,-111.1899642944336,80.63883209228516,-0.875960111618042,50.617801666259766,-13.474104881286621,35.325801849365234,-14.840683937072754,21.19380760192871,-13.577967643737793,19.628597259521484,-11.768654823303223,16.968807220458984,-9.362855911254883,34.67323684692383,20.337034225463867,15.760802268981934,13.725480079650879,14.697982788085938,9.267009735107422,9.719267845153809,9.48096752166748,7.371089935302734,7.98642635345459,8.071839332580566,8.647623062133789,7.541147232055664,hiphop,hiphop.00097.wav
107.666015625,2538.2434921295203,552.9533027818932,2341.4445993119357,221.31909180540984,5353.284296088913,793.6124120742023,0.10066983721942724,0.060083712715288694,-129.95169067382812,72.02136993408203,-23.253374099731445,63.23063659667969,-6.87346887588501,34.40077209472656,-12.189913749694824,30.506071090698242,-7.582158088684082,20.6044979095459,-6.197449207305908,14.683234214782715,-2.9395952224731445,43.88478469848633,20.23504066467285,19.99310302734375,16.715961456298828,13.362683296203613,11.790064811706543,11.19896125793457,8.66392993927002,9.530693054199219,7.500542640686035,8.046960830688477,7.843544960021973,8.317755699157715,hiphop,hiphop.00098.wav
107.666015625,1963.1932861624273,822.2186569944605,1917.2885221655051,360.66605370665656,3798.86869542739,1474.8173202163366,0.1015708143866099,0.0660666895657862,-138.7483367919922,100.20922088623047,-31.457195281982422,32.44475555419922,-2.777036666870117,13.111023902893066,-14.5094575881958,13.948756217956543,-15.169027328491211,8.20479679107666,-4.920586109161377,3.523158311843872,-7.980302333831787,60.825477600097656,39.58819580078125,32.40886688232422,23.60070037841797,17.84099006652832,17.90833854675293,15.133062362670898,14.013211250305176,14.445016860961914,12.359145164489746,11.716835975646973,11.12086009979248,10.486010551452637,hiphop,hiphop.00099.wav
123.046875,1504.4850155324564,744.7313239492752,1754.5156757138323,532.6608703764779,2800.499732427922,1638.9394682243778,0.07846437814434984,0.0494446034440216,-251.99102783203125,137.88876342773438,-11.156676292419434,8.355846405029297,0.717598021030426,1.5888837575912476,-3.736992120742798,-4.138826370239258,-5.510426044464111,-2.6428098678588867,-3.5355749130249023,-3.145066499710083,-1.8456103801727295,110.23336791992188,38.29273223876953,27.04418182373047,10.955053329467773,10.834595680236816,7.297317028045654,7.502445220947266,6.186864376068115,6.599472522735596,6.12477445602417,6.563594818115234,7.690278053283691,6.619095802307129,jazz,jazz.00000.wav
135.99917763157896,1266.346201396591,549.6303879927284,1691.3184537804075,466.36336390827563,2410.285425333785,1334.427638729224,0.0592777972619969,0.03278287404369276,-345.7681884765625,146.9813995361328,-0.49109604954719543,22.63897132873535,5.818591594696045,10.342899322509766,-0.17026814818382263,-1.7211475372314453,-6.119700908660889,-0.513458251953125,1.0318328142166138,1.2220971584320068,-1.9446278810501099,100.60261535644531,35.91069793701172,22.84457015991211,11.60735034942627,9.836402893066406,7.394784927368164,7.331482887268066,7.553924560546875,6.853715419769287,6.948243141174316,7.216238021850586,6.80198860168457,8.026571273803711,jazz,jazz.00001.wav
151.99908088235293,1064.8215157992543,401.4757520134904,1050.3378104695198,249.26470789105304,1896.0802013290925,699.186890626153,0.0578726659249226,0.030455296666549118,-257.0179748535156,175.31582641601562,-44.81547164916992,25.66323471069336,-4.256741523742676,-0.22128815948963165,-11.32312297821045,-9.186279296875,-4.099931716918945,-8.300054550170898,-22.553421020507812,-7.608668804168701,-7.653321743011475,79.8478775024414,34.87602233886719,32.90854263305664,20.111507415771484,15.329546928405762,10.609451293945312,9.70838451385498,8.588814735412598,9.279309272766113,10.31335735321045,9.955556869506836,8.433736801147461,7.590219497680664,jazz,jazz.00002.wav
92.28515625,813.4386379736914,304.7608395053362,1059.1794282123242,468.751456925707,1417.2080970031927,661.7235166311339,0.04467433303502322,0.014439982353072539,-297.2326965332031,193.094482421875,10.13585376739502,-1.604259729385376,3.403754949569702,9.997605323791504,-7.269056797027588,4.690434455871582,-5.398844242095947,-2.8661932945251465,-10.235335350036621,0.3849239647388458,-4.966054916381836,99.31298065185547,29.569679260253906,33.58028793334961,15.96861457824707,12.075494766235352,10.171669006347656,12.015542030334473,8.853388786315918,9.399713516235352,9.483948707580566,7.145853042602539,10.044788360595703,8.527117729187012,jazz,jazz.00003.wav
64.599609375,1039.7104745190281,349.8797910410114,1422.1939175608409,277.3671991908017,1838.4972161921924,956.7873333672446,0.04776879656056501,0.022850390729666232,-270.31201171875,137.554931640625,5.622032642364502,42.50809860229492,-7.959412097930908,9.935898780822754,-6.823992729187012,8.244322776794434,-6.1889543533325195,5.46956205368042,-5.445732116699219,-5.178623199462891,-6.994631767272949,54.027610778808594,23.357013702392578,18.5727596282959,14.84041690826416,13.267717361450195,10.185858726501465,9.040264129638672,7.446126461029053,7.140335559844971,7.26926326751709,7.537187099456787,9.076937675476074,8.804909706115723,jazz,jazz.00004.wav
107.666015625,1267.9899185341335,535.3148862777518,1546.105463680024,486.4486434318157,2486.184966379644,1365.0361311315196,0.057861328125,0.03011651735651277,-246.32089233398438,120.20308685302734,-0.9341651797294617,30.68938636779785,0.191153421998024,23.146516799926758,0.42938441038131714,9.1720552444458,-0.5738321542739868,5.722522258758545,-3.756934881210327,4.231671333312988,-0.2793735861778259,95.82476806640625,27.766132354736328,29.840850830078125,14.219483375549316,17.242389678955078,10.239330291748047,12.996917724609375,9.020244598388672,12.380837440490723,13.630476951599121,11.486307144165039,13.592264175415039,14.411123275756836,jazz,jazz.00005.wav
135.99917763157896,1220.0295209430099,515.1181582305816,1459.4988051035366,373.49119698899034,2416.877052141786,1119.810069929115,0.04806244557856037,0.026358784312991452,-234.3426055908203,142.72239685058594,-14.277185440063477,51.92306137084961,-8.200179100036621,12.773935317993164,-4.295217990875244,12.082511901855469,-13.723852157592773,-1.5506782531738281,-3.98176646232605,4.937513828277588,-3.9372153282165527,80.10955047607422,37.268489837646484,24.647953033447266,19.2924747467041,14.051302909851074,11.241920471191406,14.066290855407715,10.91726303100586,10.269954681396484,8.17553424835205,10.17769718170166,8.11202335357666,7.42771053314209,jazz,jazz.00006.wav
61.5234375,1170.156796160003,346.35142393531186,1355.8759398892728,245.63410967635437,1958.7548223442338,834.5950648150078,0.06483445300406347,0.02659780258129316,-291.96649169921875,137.6410675048828,2.6701066493988037,35.63743591308594,-12.31061840057373,15.607240676879883,-6.798582553863525,-2.8389623165130615,-3.790432929992676,-3.4771761894226074,-1.725541353225708,10.397662162780762,8.311189651489258,50.42121124267578,30.13917350769043,24.249839782714844,12.143350601196289,10.982638359069824,9.223023414611816,9.683832168579102,8.012535095214844,7.929474353790283,11.39363956451416,13.282232284545898,15.959765434265137,14.054586410522461,jazz,jazz.00007.wav
107.666015625,1304.6853072764807,417.57881960296015,1636.55007405309,343.62988870913875,2724.4335257232005,1032.7008956376712,0.04627485245743034,0.025773536084823228,-189.9169464111328,134.41616821289062,-25.677438735961914,45.74530029296875,8.189717292785645,21.450271606445312,-4.584380149841309,14.39094066619873,-12.6600923538208,10.280643463134766,-7.941570281982422,-1.1395623683929443,-5.0479888916015625,55.41836929321289,22.86420249938965,27.603986740112305,11.06277084350586,12.523463249206543,9.983136177062988,11.18154525756836,11.544103622436523,9.334875106811523,8.74341106414795,8.33890151977539,7.561319828033447,7.056784152984619,jazz,jazz.00008.wav
107.666015625,749.3568923103393,213.99919239210732,1211.0045035687272,295.41179139717093,1133.701477995598,480.10929054713705,0.03169028456366099,0.01169198518874115,-296.6781005859375,172.37864685058594,16.86704444885254,18.952924728393555,1.3671668767929077,14.381316184997559,0.9986541867256165,9.520248413085938,-7.417555332183838,3.521702527999878,-7.6593427658081055,-0.10418455302715302,-7.962855815887451,36.09981155395508,20.057222366333008,15.551106452941895,10.189889907836914,9.895061492919922,9.271551132202148,9.513978004455566,7.931603908538818,8.54473876953125,6.9998674392700195,7.52294397354126,7.657242298126221,9.971729278564453,jazz,jazz.00009.wav
112.34714673913044,829.297629003448,413.6715429752409,1037.7963033485537,254.47903214145967,1553.5656058013255,849.4315944154771,0.033065559694272446,0.021363335641882263,-318.8001708984375,162.651611328125,-16.452932357788086,39.11607360839844,31.45794105529785,15.257576942443848,-0.6891269683837891,5.795026779174805,-8.640235900878906,-4.003876209259033,1.3734984397888184,0.09258092939853668,-3.0869429111480713,107.95218658447266,23.604887008666992,54.08085250854492,16.399446487426758,14.12490177154541,11.507184982299805,9.255611419677734,8.896050453186035,13.226605415344238,9.94040584564209,7.02048397064209,6.392923831939697,6.85998010635376,jazz,jazz.00010.wav
99.38401442307692,1825.9751750083572,360.71775229630003,2107.9239766328146,315.1554986593038,4011.4924097208786,1089.872148997144,0.07692054772155572,0.026831269059045988,-192.51739501953125,113.1836929321289,-6.373058319091797,39.59309387207031,-9.189579010009766,17.204055786132812,-19.114599227905273,12.203581809997559,-15.4758882522583,9.702116966247559,-10.961740493774414,12.922776222229004,-7.292179107666016,41.597618103027344,17.548837661743164,19.113462448120117,8.93784236907959,6.879241466522217,7.061281681060791,7.371097564697266,6.413070201873779,6.277638912200928,5.869060516357422,5.885514736175537,6.86904239654541,6.201135158538818,jazz,jazz.00011.wav
112.34714673913044,1651.0000253804194,346.19754680806545,2040.7692527060574,324.0484708191712,3659.5112047697367,1095.7712456214929,0.06369991715847523,0.02166720355284784,-253.2285919189453,122.68326568603516,-5.654043674468994,40.5925178527832,-5.846395492553711,18.4277400970459,-16.653337478637695,14.598944664001465,-15.162858963012695,8.216917991638184,-13.890626907348633,8.282560348510742,-7.312088966369629,48.46269989013672,19.01478385925293,22.825359344482422,9.813608169555664,8.11190414428711,7.994233131408691,7.039445400238037,7.44796895980835,6.37531852722168,6.510787010192871,6.293905735015869,7.181580543518066,5.894481658935547,jazz,jazz.00012.wav
99.38401442307692,1790.006149597724,296.5909194274686,2312.900589587571,221.42563442928517,4398.04840560299,970.8948977120622,0.061073326843072755,0.017872258389557135,-217.64451599121094,112.63787078857422,12.686546325683594,39.54150390625,-9.824912071228027,17.383014678955078,-12.365174293518066,20.717960357666016,-18.302825927734375,16.355810165405273,-10.025547981262207,9.036938667297363,-6.899486541748047,29.847909927368164,11.771240234375,11.044387817382812,7.816120147705078,7.174605846405029,7.171975612640381,7.284144401550293,8.97169017791748,8.43867015838623,7.17816162109375,7.686995506286621,9.330910682678223,8.699759483337402,jazz,jazz.00013.wav
129.19921875,1171.7778494695315,408.9882868262025,1277.735415211645,260.7567486550626,2018.9377917593847,790.040266633287,0.06494254002999227,0.03403276585787961,-358.30572509765625,137.95895385742188,-11.000713348388672,20.8516902923584,1.9473580121994019,-3.4139952659606934,-11.520308494567871,-3.2774691581726074,-11.0208158493042,-8.386406898498535,-7.478809833526611,-1.0018492937088013,-6.738014221191406,71.9879150390625,31.658592224121094,23.68903923034668,18.579925537109375,11.774606704711914,11.451895713806152,10.643871307373047,7.995310306549072,8.515541076660156,7.065680027008057,9.01841926574707,8.457784652709961,9.890514373779297,jazz,jazz.00014.wav
117.45383522727273,1782.4772448641631,318.48039083256566,2061.994476113513,300.86867078708707,3812.5852791517514,973.6895290097531,0.07357060577109133,0.025324927976429722,-200.01402282714844,117.22406768798828,-12.37673282623291,39.10684585571289,-6.360408782958984,16.52885627746582,-17.306795120239258,13.629066467285156,-17.661602020263672,14.030025482177734,-10.206363677978516,12.177011489868164,-6.719635963439941,42.742088317871094,18.093679428100586,21.946842193603516,9.748119354248047,7.630697250366211,7.606000900268555,7.964917182922363,7.123589038848877,6.034303665161133,7.168374538421631,6.183822154998779,6.848249435424805,5.961291313171387,jazz,jazz.00015.wav
73.828125,1465.516121696498,378.50197520493487,1738.2788798895242,241.8552334417799,2820.98294190209,858.5814602149944,0.06986427897639319,0.0350008076259884,-259.82958984375,123.20835876464844,-6.4113006591796875,37.57597351074219,-2.9846901893615723,13.062032699584961,-14.093770027160645,5.306913375854492,-11.979528427124023,3.5143046379089355,-9.639545440673828,5.340486526489258,-7.840780258178711,52.810176849365234,25.866270065307617,19.132646560668945,13.564616203308105,9.069416046142578,10.428502082824707,9.281755447387695,8.536202430725098,8.698792457580566,7.249609470367432,7.292675971984863,8.226058006286621,7.766355991363525,jazz,jazz.00016.wav
215.33203125,1934.517120777341,528.0953098783484,2187.091434344433,339.14375379558606,4327.598831601926,1286.1296621182523,0.08418656576528638,0.04044397175385996,-233.09597778320312,105.91777801513672,-2.676614284515381,37.433624267578125,-8.178378105163574,15.727415084838867,-15.066481590270996,8.377423286437988,-16.380409240722656,8.63088321685791,-9.384077072143555,7.093085765838623,-5.999111652374268,57.7197265625,22.852731704711914,19.853483200073242,8.871369361877441,7.7875566482543945,7.083285808563232,8.545632362365723,7.273684978485107,8.718862533569336,7.305486679077148,6.869929313659668,8.0752592086792,8.205280303955078,jazz,jazz.00017.wav
103.359375,1992.9408896772322,253.91093019362094,2126.9618689886815,189.69942024959857,4247.190984483843,630.6126287905032,0.0877088422745743,0.02592100700553312,-192.12538146972656,105.58748626708984,-26.0310115814209,40.159423828125,-6.6549787521362305,26.4967041015625,-10.388105392456055,18.469722747802734,-13.995582580566406,14.937352180480957,-12.686880111694336,9.585426330566406,-5.195147514343262,23.701751708984375,11.732410430908203,14.541391372680664,7.88173770904541,6.154463291168213,4.86285924911499,5.646692276000977,5.945068836212158,5.245722770690918,5.138611316680908,5.001977920532227,5.3915910720825195,6.1772356033325195,jazz,jazz.00018.wav
184.5703125,1352.9901253634762,297.79498727056233,1714.8797848748588,255.9607436757117,2713.2835931453174,808.4860525313574,0.05548416940789474,0.01969036391144513,-267.28662109375,129.05224609375,-14.737059593200684,41.268768310546875,-1.014971137046814,22.953378677368164,-8.13235855102539,11.17974853515625,-9.07357406616211,11.3184232711792,-5.499914169311523,13.5791015625,-1.1755173206329346,38.46763229370117,21.40841293334961,19.158552169799805,11.46516227722168,8.337295532226562,7.073585510253906,5.746166229248047,6.478626728057861,6.345249652862549,6.211798667907715,7.315953731536865,9.036242485046387,7.393698215484619,jazz,jazz.00019.wav
107.666015625,1171.3008454419294,341.6965319089031,1677.797951082974,285.3905243151153,2580.0593987337943,926.2087605925369,0.03297183388157895,0.022543183579161824,-376.69403076171875,119.16358184814453,-2.9616615772247314,48.508880615234375,13.156193733215332,21.244487762451172,0.012301229871809483,8.008127212524414,-0.41269516944885254,2.3665778636932373,-0.03935619443655014,0.8969519734382629,1.6664363145828247,57.56380081176758,19.806241989135742,20.972692489624023,9.627694129943848,10.315732955932617,9.148233413696289,9.384360313415527,7.2847819328308105,9.78470516204834,7.048622131347656,8.031977653503418,6.087492942810059,7.513460159301758,jazz,jazz.00020.wav
123.046875,2915.1352677290415,682.9600964133042,2420.4740701281185,235.43877668149506,5865.106201171875,1033.4800400056104,0.1813991298616486,0.0860108218836192,-174.7040252685547,75.89945220947266,-12.792850494384766,52.60661697387695,-29.416118621826172,22.748615264892578,-22.366758346557617,18.63333511352539,-24.70472526550293,21.16802406311035,-13.802682876586914,13.009406089782715,-7.859887599945068,37.07228088378906,26.102462768554688,16.54205894470215,8.339427947998047,7.666306018829346,6.854839324951172,7.494396209716797,5.577607154846191,6.760249614715576,6.461887836456299,5.224247455596924,5.660113334655762,5.113012313842773,jazz,jazz.00021.wav
129.19921875,1451.4983709587166,428.90120994390264,1919.917650603205,352.3689732659773,3046.0899140443594,1356.883720998372,0.05122229041698916,0.02508611207624593,-298.8079528808594,112.0782241821289,6.485770225524902,28.386516571044922,-6.764679431915283,16.651893615722656,-11.809683799743652,12.746783256530762,-8.347038269042969,13.898632049560547,-4.235764026641846,2.319571018218994,-4.326794147491455,39.40434646606445,19.76350975036621,17.920204162597656,10.287582397460938,10.054159164428711,7.867063045501709,9.06047534942627,6.992649078369141,6.883856296539307,8.018266677856445,10.581263542175293,11.246447563171387,10.997579574584961,jazz,jazz.00022.wav
86.1328125,1987.9269514759108,467.2354143521292,2100.022545349878,268.1541917031124,4315.765569822707,1047.476429734119,0.08007358988003097,0.030433425990363205,-188.1099090576172,98.63330841064453,-11.278643608093262,47.217750549316406,-20.33315086364746,18.78586769104004,-15.79450511932373,13.689794540405273,-15.455809593200684,17.430904388427734,1.0143802165985107,18.283552169799805,4.647218227386475,40.359073638916016,23.243356704711914,13.229331970214844,9.40588092803955,8.030155181884766,5.867223739624023,7.109494686126709,7.059954643249512,7.7427239418029785,7.903151988983154,9.798504829406738,9.909905433654785,10.817212104797363,jazz,jazz.00023.wav
103.359375,2034.579158061201,560.9488056184325,2084.7063147288427,370.02569665871465,4342.948738783137,1252.8895795161889,0.0932473575367647,0.051010784801549636,-202.60838317871094,105.84573364257812,-20.537837982177734,43.8979606628418,-14.272346496582031,25.29953956604004,-15.592005729675293,15.311660766601562,-13.29472541809082,12.276097297668457,-8.764145851135254,10.158416748046875,-1.8681050539016724,54.82160949707031,26.037931442260742,22.942150115966797,13.088403701782227,9.330667495727539,7.018611907958984,8.288448333740234,7.86251163482666,7.675352573394775,7.875560283660889,8.022109985351562,7.724696159362793,8.063815116882324,jazz,jazz.00024.wav
103.359375,1698.069097537734,404.60642314365145,2065.891508081712,321.27975611467707,3806.2603173979296,1117.501456735062,0.0636243318256579,0.027135422933206903,-237.66241455078125,108.30335998535156,2.039982318878174,41.77372741699219,-10.451949119567871,16.930843353271484,-8.600078582763672,12.785670280456543,-9.114532470703125,15.938528060913086,-6.518535137176514,7.173824310302734,-8.253262519836426,59.1884880065918,19.60094451904297,20.306901931762695,11.93283462524414,10.282127380371094,7.585878849029541,7.054344177246094,6.941318035125732,7.535331726074219,9.757930755615234,9.708759307861328,9.970409393310547,10.259628295898438,jazz,jazz.00025.wav
151.99908088235293,1367.4115371823048,650.1577434345613,1638.8353781037429,485.8579916732482,2631.8257523764028,1604.70216244515,0.05863569985971362,0.05430676235996627,-414.1497802734375,104.8441390991211,-7.821512699127197,37.875396728515625,0.21377874910831451,23.427854537963867,-7.274100303649902,5.76659631729126,-1.0599749088287354,8.49860668182373,-5.4900288581848145,0.894059419631958,-1.463813066482544,65.87725830078125,33.49357986450195,30.22801399230957,13.197700500488281,14.9534330368042,11.536473274230957,9.729338645935059,9.746100425720215,9.317731857299805,7.193994998931885,7.047461986541748,7.056588649749756,9.448453903198242,jazz,jazz.00026.wav
143.5546875,1769.401598572535,326.05190991992293,2113.48363433267,275.60985990813356,3966.7260137504836,821.6044566850165,0.0626534382256192,0.02596363851920037,-262.1243896484375,108.98235321044922,-6.3325514793396,55.18973922729492,-10.662286758422852,18.535446166992188,-4.250916481018066,18.56122398376465,-19.70691680908203,17.5748291015625,-10.982369422912598,11.932400703430176,-3.4279112815856934,44.280792236328125,15.10141372680664,20.109628677368164,7.515153884887695,7.411599159240723,7.505184650421143,6.425588130950928,5.443467140197754,8.230822563171387,5.741746425628662,5.909887790679932,5.8015360832214355,6.223699569702148,jazz,jazz.00027.wav
99.38401442307692,1853.5659404817295,333.37656018202057,2095.722266921797,313.89751374313477,4029.633966688032,1010.6553086499464,0.07490468689531733,0.02379235314116334,-233.75851440429688,108.46988677978516,-10.714609146118164,38.699588775634766,-10.764274597167969,14.162391662597656,-16.25852394104004,10.371634483337402,-20.81631851196289,10.0704984664917,-12.02409839630127,7.765773296356201,-12.021536827087402,45.52638244628906,16.08009910583496,21.395265579223633,12.186407089233398,7.524271488189697,8.842315673828125,6.198850154876709,5.875494480133057,5.8749799728393555,6.23856258392334,7.414477348327637,7.528651714324951,7.862729549407959,jazz,jazz.00028.wav
112.34714673913044,2235.3440263233524,406.01566820988046,2259.025353378826,259.4781303014467,4683.438346555728,963.6661911602783,0.09940416082140092,0.03194457158239107,-232.9984588623047,93.82678985595703,-16.198394775390625,49.573951721191406,-13.947245597839355,13.494128227233887,-11.828399658203125,13.290519714355469,-25.828712463378906,17.37681007385254,-13.317584991455078,9.277925491333008,-5.493784427642822,36.02605056762695,18.29436683654785,16.522762298583984,10.071747779846191,9.276947021484375,8.346060752868652,6.73823356628418,5.846766948699951,6.755690097808838,5.720078468322754,4.950067043304443,6.047402858734131,6.745213985443115,jazz,jazz.00029.wav
215.33203125,1687.2984527938816,508.19015017875216,1762.5515004488338,243.30527901883434,3353.5463882304566,949.0645093855916,0.0846627533620356,0.05328118393171564,-318.9285888671875,115.70397186279297,-23.042325973510742,52.599456787109375,-12.819438934326172,14.633502006530762,-8.213702201843262,0.3077496588230133,-23.876354217529297,10.842195510864258,-9.591383934020996,7.483323574066162,-4.242236614227295,50.20521926879883,29.080196380615234,23.3220157623291,12.789551734924316,12.009356498718262,8.279033660888672,8.3517427444458,7.71375846862793,9.11114501953125,8.289386749267578,7.785745620727539,9.3555269241333,9.28952407836914,jazz,jazz.00030.wav
112.34714673913044,1752.8065045704263,302.67396888042566,1990.037621627014,226.79671658914307,3733.4190911921924,704.5376012907917,0.07241415017898607,0.030012671049944956,-237.49929809570312,115.94337463378906,-15.457233428955078,47.112403869628906,-13.51073169708252,18.199331283569336,-13.971238136291504,15.334492683410645,-17.5358943939209,13.420798301696777,-6.230585098266602,8.634657859802246,-7.248400688171387,39.65366744995117,16.989612579345703,21.454309463500977,9.198481559753418,6.674001693725586,6.4392008781433105,6.248013496398926,5.1719560623168945,5.439216136932373,5.353727340698242,6.4188666343688965,7.678959846496582,6.355993747711182,jazz,jazz.00031.wav
129.19921875,1522.348449286544,572.0723012388703,1909.6345910380123,430.0884261237049,3252.338666886368,1539.028265332162,0.06140930364744582,0.03409256535295288,-305.4945068359375,121.92649841308594,2.594775915145874,36.921051025390625,-8.559167861938477,17.905397415161133,-9.270870208740234,10.555924415588379,-9.937911987304688,2.3099350929260254,-12.685079574584961,0.3053419888019562,-8.618949890136719,60.41672134399414,27.165424346923828,13.68816089630127,9.22935676574707,8.765295028686523,8.379090309143066,8.526311874389648,7.4509711265563965,7.835197448730469,7.38921594619751,8.356782913208008,6.546927452087402,9.664402961730957,jazz,jazz.00032.wav
95.703125,1169.6513052388445,364.4798492473474,1498.7076899393871,227.39605094629135,2444.618551059404,901.528797327281,0.042349706124226005,0.0204392451891489,-261.798095703125,139.52618408203125,-17.128894805908203,49.89491653442383,-5.8686442375183105,19.853361129760742,1.8584792613983154,5.718642711639404,-7.831182479858398,-0.4173503816127777,-1.2528471946716309,-2.1903841495513916,4.465002059936523,70.057861328125,20.829118728637695,19.34259796142578,10.79071044921875,15.537203788757324,6.094448089599609,11.247618675231934,6.988188743591309,9.723938941955566,5.895533561706543,6.791393280029297,5.302453994750977,4.937767028808594,jazz,jazz.00033.wav
95.703125,1759.5124735322347,516.828253561976,1779.6060525998582,173.57014702122865,3574.070054754015,761.4546822264215,0.07934494727167182,0.04745797021033354,-146.4124755859375,118.20677947998047,-34.67273712158203,58.787296295166016,-14.969061851501465,34.30445098876953,-6.603354454040527,13.900938034057617,-14.645583152770996,9.20051383972168,-11.337798118591309,1.0974868535995483,-5.503307819366455,53.3712043762207,25.1872501373291,19.8731689453125,11.430469512939453,8.340605735778809,7.331095218658447,7.755399703979492,6.730375289916992,8.720208168029785,8.436994552612305,8.648438453674316,9.09103775024414,8.884284973144531,jazz,jazz.00034.wav
71.77734375,844.139158472617,226.68513054101734,1104.3000795068626,162.1526179643631,1608.9152711094719,654.8333476622001,0.03772993058243034,0.011496381304279784,-261.8772888183594,182.5357208251953,-16.907093048095703,49.87154769897461,-1.2144476175308228,6.3455491065979,6.002386569976807,-8.873109817504883,-10.316280364990234,-3.205064535140991,-5.371814250946045,-3.5495333671569824,-2.891636610031128,51.05945587158203,21.43092155456543,25.531192779541016,15.117731094360352,9.543667793273926,8.223930358886719,8.43539810180664,7.443060398101807,7.546767711639404,7.821948528289795,7.259785175323486,5.764896869659424,6.248779296875,jazz,jazz.00035.wav
123.046875,1482.2909039482727,531.7950122754268,1412.343277319361,235.83577055813254,2658.97558820506,884.828911936917,0.09955948868034056,0.05652341898030394,-196.8430633544922,152.7996368408203,-36.91004943847656,41.80352020263672,-8.709019660949707,4.415907859802246,-11.570120811462402,1.432435393333435,-14.735855102539062,0.46832048892974854,-10.170390129089355,-6.922009468078613,-6.252429962158203,53.537750244140625,28.36216163635254,25.26640510559082,16.657777786254883,10.698333740234375,8.307171821594238,8.424427032470703,7.182877540588379,7.30155086517334,7.381353855133057,9.554537773132324,7.102959156036377,7.4598164558410645,jazz,jazz.00036.wav
95.703125,1276.6962578384557,351.86166372553765,1570.56739402988,320.73990068766335,2468.626739218508,971.6188852492319,0.05151291602167183,0.02037662576597452,-198.46253967285156,140.6854248046875,-18.416391372680664,30.510448455810547,-6.705268383026123,15.720155715942383,-0.7331223487854004,7.296829700469971,-6.585082530975342,6.074649810791016,-5.132957458496094,3.448296308517456,-2.8441162109375,46.172176361083984,20.951948165893555,21.17464256286621,15.016438484191895,8.828271865844727,8.942255020141602,7.874172687530518,8.068979263305664,7.848589897155762,7.902573585510254,6.955666542053223,7.247379779815674,8.230116844177246,jazz,jazz.00037.wav
151.99908088235293,1554.3796467342697,280.6923374921193,1774.9284673984896,247.86777688515642,3216.538883362761,699.6165864075933,0.0664005811000387,0.02376858270754691,-179.59478759765625,124.32764434814453,-29.741775512695312,45.38368225097656,-10.188966751098633,17.780799865722656,-8.817681312561035,12.764226913452148,-10.756725311279297,8.615612030029297,-12.390896797180176,3.3914458751678467,-12.01815128326416,52.68280792236328,17.351837158203125,23.065645217895508,15.751749038696289,9.215459823608398,8.655017852783203,6.956484317779541,7.819553375244141,6.977773189544678,6.653031826019287,6.458641529083252,6.893646717071533,6.512081146240234,jazz,jazz.00038.wav
99.38401442307692,1311.6069322444187,380.455115327587,1446.394656678347,192.93366608216286,2724.9668558315598,843.2364858298015,0.0765237247242647,0.03379613765057276,-237.23965454101562,146.82582092285156,-24.444063186645508,64.27366638183594,-10.83398151397705,3.25913143157959,-1.3375037908554077,2.725534439086914,5.168942928314209,0.3977409899234772,9.611379623413086,2.5067873001098633,3.1193673610687256,71.56001281738281,15.517969131469727,23.45705795288086,14.067769050598145,18.178184509277344,12.154091835021973,14.550446510314941,13.292400360107422,8.904454231262207,10.643780708312988,11.694234848022461,12.470268249511719,9.70128345489502,jazz,jazz.00039.wav
99.38401442307692,1317.1069234804231,426.78686771446,1475.3339718897469,308.3015747367983,2779.024862283524,1090.7574378838358,0.0548605904121517,0.0245357977301386,-179.79029846191406,147.7628936767578,-20.479698181152344,58.62397384643555,-23.809179306030273,2.4678256511688232,-3.1952929496765137,-9.30136775970459,-5.759235382080078,-0.42645618319511414,-8.366729736328125,3.1024649143218994,-6.85118293762207,35.4356575012207,24.80145835876465,22.523771286010742,19.69840431213379,13.24243450164795,13.457444190979004,11.395035743713379,9.363839149475098,8.623416900634766,8.906530380249023,8.106329917907715,8.790287971496582,8.431802749633789,jazz,jazz.00040.wav
95.703125,1617.8954526280595,399.78434280311603,1568.7957850534956,133.36837768269964,3104.056230196643,664.6668231039204,0.10063091077302631,0.046353907167635246,-216.31118774414062,134.98277282714844,-35.480674743652344,61.595497131347656,-14.545805931091309,11.046170234680176,1.2093088626861572,10.962496757507324,-8.294632911682129,-1.4437148571014404,0.12248740345239639,8.2815580368042,-4.578641414642334,87.47061920166016,19.593711853027344,29.459430694580078,12.388307571411133,14.768513679504395,9.74346923828125,8.594144821166992,10.048633575439453,10.32848072052002,10.670537948608398,10.550074577331543,12.299403190612793,10.575057983398438,jazz,jazz.00041.wav
73.828125,1344.4488685825497,432.45857178213896,1548.394496638916,199.8070225938341,2772.541568153783,1058.940987976536,0.06121202592879257,0.02931408600564928,-206.78492736816406,141.83738708496094,-13.811613082885742,49.34670639038086,-24.811641693115234,11.820208549499512,-12.791095733642578,-16.557239532470703,-8.389538764953613,-1.2063177824020386,-7.65068244934082,-1.371184229850769,-9.34677505493164,68.33606719970703,23.071640014648438,23.038122177124023,12.662138938903809,14.290349006652832,10.820748329162598,9.917405128479004,9.727776527404785,8.027929306030273,6.637208938598633,7.0192341804504395,5.537044525146484,7.1471076011657715,jazz,jazz.00042.wav
151.99908088235293,1760.2398025931382,346.39413478459556,1792.5429665134232,289.78784565393505,3460.5457412200076,825.7446527797431,0.08566917206849846,0.02883563749806154,-173.28468322753906,111.69588470458984,-35.922306060791016,45.85530471801758,-11.438426971435547,19.691587448120117,-8.049165725708008,17.947189331054688,-8.94970989227295,14.695818901062012,-10.342501640319824,4.670975685119629,-11.798712730407715,54.738929748535156,21.571672439575195,22.926658630371094,14.427616119384766,9.082756042480469,10.342453002929688,9.459275245666504,9.510772705078125,14.80527114868164,9.822250366210938,9.016915321350098,10.200469017028809,9.402297973632812,jazz,jazz.00043.wav
103.359375,1004.9502771230314,355.13628975665,1247.0395590509893,316.11141906714926,1811.8057109254064,748.9785714540308,0.04966409878095975,0.02345245833390414,-246.97653198242188,167.98892211914062,-19.80153465270996,22.009904861450195,-0.7347984313964844,15.09326171875,-1.2836856842041016,4.728427410125732,-2.061988592147827,6.532095909118652,-1.384499430656433,5.637634754180908,-0.28600582480430603,60.032474517822266,28.174638748168945,24.98009490966797,14.278322219848633,11.718982696533203,10.089929580688477,9.544306755065918,9.732486724853516,8.85775089263916,8.019330024719238,8.086941719055176,9.2020845413208,10.541175842285156,jazz,jazz.00044.wav
73.828125,937.3979933729273,240.67222624477668,1186.6457726133108,150.41924098301814,1763.3143374794408,625.060614971086,0.04262597051567337,0.014531025576167603,-231.3232421875,174.37615966796875,-19.749839782714844,47.375022888183594,-1.97676682472229,6.66658878326416,-1.1248576641082764,-5.499824523925781,-13.732545852661133,-3.69299578666687,-6.315066814422607,-1.5051618814468384,-2.6337108612060547,53.56684875488281,19.116130828857422,23.194711685180664,11.995713233947754,8.478819847106934,7.144170761108398,8.022753715515137,6.249882698059082,7.6682233810424805,6.772090435028076,7.0462565422058105,5.6945085525512695,5.769155025482178,jazz,jazz.00045.wav
107.666015625,1295.2562362132712,286.6355305576905,1446.1021014116336,179.11071627392406,2695.375368100571,701.8540027424767,0.058650061072948914,0.020447560839816234,-204.2321319580078,147.5966033935547,-25.2186279296875,49.354248046875,-15.650294303894043,2.700042486190796,-7.84955358505249,-10.642350196838379,-4.798891544342041,-3.6669721603393555,-3.505948543548584,1.5687525272369385,1.4722059965133667,63.542179107666016,15.933860778808594,22.724563598632812,10.783199310302734,12.27235221862793,12.947060585021973,9.46245288848877,7.757506370544434,8.932580947875977,8.635414123535156,7.581929683685303,7.397156715393066,10.25769329071045,jazz,jazz.00046.wav
69.83741554054055,1982.1284065663644,503.33810619237363,2144.992278612522,299.83196330039823,4262.482558684453,1129.611782851962,0.09357350824787151,0.04409688147515413,-201.8074951171875,109.28429412841797,-15.505194664001465,44.28395462036133,-11.047104835510254,18.85179901123047,-11.312691688537598,18.409912109375,-18.91156578063965,11.226408958435059,-11.899514198303223,6.9697394371032715,-11.650191307067871,46.381465911865234,22.756288528442383,13.716815948486328,8.65471076965332,7.671080112457275,7.11929178237915,7.36888313293457,6.256206512451172,6.1098313331604,6.521663665771484,5.8124542236328125,5.260400772094727,5.523810386657715,jazz,jazz.00047.wav
129.19921875,1748.0333593267528,363.6638438883432,1947.6675290439239,261.7932104456742,3684.56105329673,881.9483967111033,0.0792973285119969,0.025587165006959588,-204.8289031982422,117.45068359375,-20.93970489501953,42.00593185424805,-10.364103317260742,19.208967208862305,-11.633758544921875,7.984111785888672,-20.26410484313965,8.785672187805176,-11.697369575500488,5.1714863777160645,-11.23897647857666,40.60295486450195,18.124168395996094,11.794761657714844,9.007468223571777,9.460075378417969,8.817795753479004,8.110864639282227,6.501600742340088,6.94594669342041,7.257657527923584,8.430015563964844,8.995207786560059,8.061338424682617,jazz,jazz.00048.wav
184.5703125,2050.136011182281,724.4312485653154,2467.178066274356,373.8927736735049,4564.072401678599,1768.7113076855462,0.06479514863099846,0.04402998115700122,-165.46795654296875,87.24910736083984,24.815532684326172,28.417308807373047,-2.780550479888916,-1.3317890167236328,-14.066439628601074,-4.747462272644043,-19.206073760986328,-0.5928638577461243,-11.947256088256836,-8.335516929626465,-8.235878944396973,57.539485931396484,30.441158294677734,23.95092010498047,16.861963272094727,12.069844245910645,13.953783988952637,12.232793807983398,11.10863208770752,9.844867706298828,15.477581024169922,9.610723495483398,9.15177059173584,7.917153358459473,jazz,jazz.00049.wav
151.99908088235293,2482.069759803357,456.93539228942933,2759.667879024035,320.01839815557304,5794.8316261126165,1179.5302707451124,0.08078258030185759,0.028326074518788227,-55.190040588378906,77.4786376953125,8.272335052490234,31.56097412109375,11.51248550415039,11.753402709960938,7.877706050872803,13.517611503601074,-2.2645761966705322,5.61616849899292,1.4572818279266357,7.372972011566162,-0.9271542429924011,31.715856552124023,18.55601692199707,14.68458366394043,10.832548141479492,9.398469924926758,6.953135013580322,6.800361156463623,6.033929347991943,6.189980506896973,6.798282623291016,6.81579065322876,5.846747398376465,5.377703666687012,jazz,jazz.00050.wav
95.703125,1193.8785302218275,366.1146891345755,1559.7834084541525,226.27486993740544,2480.734999334849,904.8406776909006,0.0424521242501935,0.020346408450458972,-260.8979797363281,138.52455139160156,-16.35112190246582,49.15070343017578,-5.258574962615967,19.35455322265625,2.2062227725982666,5.555695056915283,-7.877213001251221,-0.19809214770793915,-1.617018222808838,-1.7220757007598877,3.9436960220336914,70.6115951538086,21.156856536865234,18.560760498046875,10.55285930633545,14.810736656188965,5.91956090927124,10.856157302856445,7.045775413513184,9.537166595458984,5.868608474731445,6.882625579833984,5.269655227661133,4.911159038543701,jazz,jazz.00051.wav
107.666015625,2291.4059616944,611.3460311448184,2593.4073695762804,384.1393009665205,5247.384936447852,1397.5792096673893,0.0774182771381579,0.0445108259656936,-91.21620178222656,82.60240173339844,12.171334266662598,36.69225311279297,-0.8373648524284363,13.415140151977539,5.620052337646484,9.662233352661133,-3.778263568878174,1.8234928846359253,1.5459750890731812,1.28731369972229,0.822791337966919,46.764408111572266,24.31147575378418,16.438520431518555,10.557239532470703,11.58426570892334,8.072134971618652,7.4432854652404785,5.465610027313232,6.382005214691162,6.630343437194824,6.339906215667725,7.459430694580078,6.120813846588135,jazz,jazz.00052.wav
95.703125,1804.7156340756278,545.9801373584984,1861.8373889224913,196.6607546180261,3646.536283227312,819.2449236937096,0.07951917146381579,0.04778169133845097,-141.0889129638672,110.76341247558594,-27.475183486938477,51.97392654418945,-8.664052963256836,28.61534881591797,-1.612918496131897,9.662086486816406,-11.18388843536377,6.517714023590088,-9.409993171691895,-0.12163668870925903,-4.92993688583374,55.91952896118164,29.774250030517578,18.837949752807617,10.08175277709961,7.037484645843506,8.09207820892334,7.148028373718262,6.858780384063721,7.673096179962158,6.65438175201416,8.292708396911621,8.054522514343262,8.580238342285156,jazz,jazz.00053.wav
71.77734375,871.7686824803111,224.34765304462866,1205.520543613688,165.8807032044499,1632.7901267414861,657.3651923828805,0.03778284031540248,0.011459652741058646,-260.3519592285156,180.60806274414062,-15.362776756286621,48.560420989990234,-0.07432752102613449,5.434279441833496,6.599910259246826,-9.153326034545898,-10.289850234985352,-2.9884066581726074,-5.823054790496826,-2.9312968254089355,-3.6177830696105957,51.375267028808594,22.190631866455078,24.74387550354004,14.31347942352295,9.088180541992188,8.236591339111328,8.402058601379395,7.161018371582031,7.221663951873779,7.618339538574219,7.237982273101807,5.680290699005127,6.188018798828125,jazz,jazz.00055.wav
123.046875,2978.340196118377,519.9501319902151,3036.40644175023,251.87109745105298,6863.166832702448,997.9987460035001,0.11482508042279412,0.04388729435354578,-38.04252243041992,64.98809051513672,14.29737377166748,21.284706115722656,7.501908302307129,6.37210750579834,1.9336780309677124,6.556060791015625,-2.9327826499938965,5.597701072692871,2.50141978263855,3.0295462608337402,0.6087424755096436,35.87572479248047,17.684432983398438,11.233510971069336,9.321382522583008,7.3709516525268555,7.0000152587890625,7.6624627113342285,6.9321417808532715,6.819699287414551,6.99574089050293,7.346887588500977,7.989760875701904,7.880092620849609,jazz,jazz.00056.wav
95.703125,1377.9769900941744,409.6102079791208,1773.537104860026,294.79535087265305,2583.9510418682275,942.7959769617759,0.06180650457140093,0.03635613276363216,-248.1094207763672,125.98793029785156,-12.599597930908203,30.244165420532227,-1.0903058052062988,-2.213005781173706,1.9470434188842773,0.25160497426986694,2.6987664699554443,-4.426094055175781,-6.481645584106445,-6.517059803009033,-3.994016647338867,56.893104553222656,20.03173828125,22.26092529296875,11.973858833312988,10.145096778869629,8.95561408996582,7.351546764373779,7.200067520141602,8.658445358276367,7.58155632019043,9.754995346069336,7.328104496002197,8.369781494140625,jazz,jazz.00057.wav
123.046875,1546.508468476633,533.7731022866911,1581.2424965818198,238.27765000468295,2723.583530863003,891.8958650645567,0.09965699375967492,0.0564153885211254,-190.51927185058594,143.98570251464844,-28.421674728393555,33.79344177246094,-1.2972339391708374,-2.301527261734009,-5.64383602142334,-3.6400134563446045,-10.529327392578125,-2.8581392765045166,-7.707229137420654,-8.5834321975708,-5.303898334503174,55.4738655090332,30.800098419189453,23.74652671813965,14.664434432983398,8.735257148742676,7.334411144256592,7.198365211486816,6.255692481994629,7.127782821655273,6.670791149139404,8.909249305725098,6.824297904968262,7.5220465660095215,jazz,jazz.00058.wav
107.666015625,1397.4044755755383,595.3511852800216,2136.074872989545,493.07796192519214,2932.4989342468075,1885.1178111551123,0.03827792424535604,0.027069492176961425,-179.3740997314453,114.49272155761719,28.196645736694336,35.979305267333984,11.041097640991211,12.684316635131836,3.817139148712158,8.518316268920898,-0.01472704578191042,5.462332725524902,1.0599639415740967,2.6322290897369385,-3.7399516105651855,64.81234741210938,28.949708938598633,22.791486740112305,10.332345008850098,9.429156303405762,8.993209838867188,8.342751502990723,8.359770774841309,10.650019645690918,8.679656982421875,8.349353790283203,7.243201732635498,8.31943416595459,jazz,jazz.00059.wav
95.703125,1428.0387423978177,421.67288226597424,1887.5348651112279,390.5271448751231,2730.5418221205014,1187.5224729666277,0.052423719282120744,0.020810923822698415,-190.3960723876953,129.50662231445312,-7.837520122528076,20.721296310424805,2.1918203830718994,7.792374610900879,6.190217971801758,1.3512998819351196,-1.5920599699020386,2.0195136070251465,-1.992914080619812,1.1642935276031494,-1.3514087200164795,48.44906997680664,23.590087890625,20.971332550048828,14.099209785461426,8.023030281066895,8.079977989196777,6.8013811111450195,7.489328384399414,7.309414386749268,6.967653274536133,6.511780261993408,6.6848297119140625,7.81182861328125,jazz,jazz.00060.wav
172.265625,2456.2698596396212,467.3069875536774,2654.9023182833403,290.55601803307707,5466.591944266399,1142.491993858988,0.09449413760158669,0.03362244966486635,-23.23577880859375,82.91702270507812,2.0489416122436523,29.505756378173828,6.599293231964111,6.4949235916137695,-0.696699857711792,6.172839641571045,-3.4220030307769775,5.5945210456848145,-0.37699124217033386,3.266179084777832,-0.20612181723117828,36.96857452392578,16.777875900268555,15.056884765625,9.75975513458252,7.140255451202393,7.3139472007751465,6.884384632110596,6.814527988433838,6.638826370239258,6.514021873474121,6.084681987762451,6.27042818069458,7.042254447937012,jazz,jazz.00061.wav
151.99908088235293,1725.6345298073745,331.7060560867068,2091.1137406659923,322.3510250363901,3504.7121408184985,862.2737785668918,0.06752226743904799,0.024040103248219986,-168.12322998046875,108.27153015136719,-14.149940490722656,30.457630157470703,3.8945062160491943,4.676563739776611,3.187917947769165,1.927634358406067,-1.1426723003387451,0.2347179502248764,-5.246889591217041,-2.554673433303833,-7.219599723815918,54.142513275146484,18.770965576171875,23.809419631958008,14.775896072387695,8.469770431518555,7.6217193603515625,6.6665263175964355,7.003140449523926,6.774964809417725,5.953601837158203,6.198116302490234,6.143223762512207,6.135871887207031,jazz,jazz.00062.wav
123.046875,2475.6009489427947,379.7686316960994,2687.0691133944065,279.0089059271822,5544.583139330979,936.3145426928625,0.09815057807662539,0.03078821560006177,-51.3477897644043,85.20030975341797,3.6435585021972656,22.861770629882812,-1.5293605327606201,6.11028528213501,2.410914421081543,3.644934892654419,-1.8632279634475708,4.3669352531433105,1.08710777759552,0.7797647714614868,-0.7364632487297058,31.94632911682129,14.919915199279785,15.606611251831055,7.985439300537109,7.586490631103516,5.782149314880371,5.384639739990234,5.524293899536133,5.679152011871338,6.010610580444336,6.100329399108887,6.856266498565674,5.809680461883545,jazz,jazz.00063.wav
99.38401442307692,1575.4538722228804,268.7299996310142,2069.892648862584,307.4667178133807,3341.013130684017,828.8391046159558,0.0558798586251935,0.014763534176940473,-69.50921630859375,125.97757720947266,-5.173288822174072,30.769235610961914,8.304396629333496,5.081252574920654,-3.9214041233062744,5.37640905380249,-10.77468490600586,9.0344877243042,-8.263984680175781,4.789585590362549,-5.124162673950195,39.18356704711914,17.57883644104004,18.253582000732422,7.911588668823242,6.603186130523682,5.7754621505737305,5.637828350067139,5.703859329223633,5.403391361236572,5.147345066070557,5.674053192138672,5.738266468048096,6.084375381469727,jazz,jazz.00064.wav
99.38401442307692,1338.2362329095945,378.46733146178605,1518.9947756333727,181.79474478995274,2755.6916700428114,837.130000560629,0.076529393624226,0.0338244621854336,-235.67884826660156,144.7676544189453,-22.60069465637207,62.56096267700195,-9.326272964477539,2.0168685913085938,-0.3436495065689087,2.016510486602783,5.560453414916992,0.304360032081604,9.439982414245605,2.8927059173583984,2.562641143798828,72.69215393066406,17.09712028503418,22.238767623901367,13.164456367492676,17.1496524810791,12.074395179748535,13.953939437866211,12.86834716796875,8.71129322052002,10.484464645385742,11.712438583374023,12.35086727142334,9.705423355102539,jazz,jazz.00065.wav
129.19921875,1579.0127661124945,345.7579381462779,1853.5460037865291,235.3134902587242,2967.2070577048667,755.3955618026823,0.08824663191756967,0.03142804304019163,-117.88760375976562,122.55040740966797,-13.149182319641113,26.755905151367188,4.313921928405762,6.8667311668396,-6.8144402503967285,-0.33922073245048523,-8.199784278869629,-5.0079026222229,-4.495015621185303,0.12167703360319138,-4.651890277862549,39.375267028808594,26.904935836791992,14.631210327148438,7.849729061126709,8.910799980163574,8.631606101989746,6.604669570922852,7.403871059417725,8.65710163116455,9.546371459960938,10.013683319091797,11.293285369873047,10.43513298034668,jazz,jazz.00066.wav
99.38401442307692,1354.091907708369,444.23335430063577,1566.788757468746,310.5222801364542,2830.5412174378384,1120.1245710860055,0.054945623911571206,0.024877625231782788,-177.27713012695312,144.32156372070312,-17.26592445373535,55.68604278564453,-21.241899490356445,0.3528042435646057,-1.5769511461257935,-10.402746200561523,-5.176472187042236,-0.51418137550354,-8.736716270446777,3.868864059448242,-7.953765869140625,36.342071533203125,26.671106338500977,22.28620147705078,19.680431365966797,12.26974105834961,12.869890213012695,10.862285614013672,9.124177932739258,8.764294624328613,8.466174125671387,7.831398963928223,8.651918411254883,8.30019474029541,jazz,jazz.00067.wav
73.828125,1382.7307308073396,432.4876659642514,1642.9065020667172,191.9943912600567,2832.566205193015,1045.202358463501,0.061230544335332815,0.029297360379693944,-204.39251708984375,138.57968139648438,-10.791186332702637,46.55238342285156,-22.306915283203125,9.6929349899292,-11.094840049743652,-17.79884910583496,-7.586270809173584,-1.6000778675079346,-7.650327205657959,-1.0194095373153687,-9.977278709411621,70.133544921875,26.31689453125,21.066082000732422,11.132000923156738,12.088848114013672,9.483115196228027,8.325810432434082,10.246410369873047,7.779451370239258,6.393646240234375,5.901040554046631,5.548187255859375,6.689276218414307,jazz,jazz.00068.wav
151.99908088235293,2009.8139341354786,424.9911090495574,2227.04987536481,371.7897578754382,3910.6930192410023,1120.5525712293365,0.08743219995646284,0.028978569800943755,-159.27059936523438,92.04842376708984,-16.751850128173828,27.393674850463867,6.104191303253174,3.2399652004241943,7.175963401794434,4.030701637268066,3.5977046489715576,3.5440964698791504,-0.5867413282394409,-3.723672866821289,-4.721015930175781,55.68268585205078,22.92326545715332,23.14315414428711,14.917076110839844,8.910956382751465,9.97109317779541,9.371581077575684,9.821439743041992,14.263105392456055,9.767020225524902,8.59764289855957,9.749162673950195,9.412075996398926,jazz,jazz.00069.wav
103.359375,1117.5098786077247,402.3898011990006,1545.4654904671056,378.9347672748384,1957.1131656044408,931.3443366361313,0.05003635654508514,0.023468163480936752,-237.90087890625,155.81622314453125,-9.225844383239746,13.198112487792969,6.609401226043701,8.891291618347168,3.9802095890045166,0.24934212863445282,1.7425676584243774,3.353834867477417,1.189907193183899,3.630347967147827,1.1625514030456543,61.3723030090332,31.238012313842773,24.51251220703125,12.607345581054688,8.880465507507324,7.99884033203125,7.158108234405518,7.840844631195068,7.251054763793945,7.007576942443848,6.783561706542969,8.61268138885498,9.795528411865234,jazz,jazz.00070.wav
151.99908088235293,971.5475880069571,243.2856782902237,1301.6522166682134,158.01703182401337,1795.922473635836,633.525723847376,0.04257495041602167,0.014509823477799439,-228.39198303222656,170.4026336669922,-16.07386016845703,43.9647102355957,1.1009045839309692,3.9967989921569824,1.0781351327896118,-7.204605579376221,-12.514962196350098,-4.4187331199646,-6.069606304168701,-1.3367635011672974,-3.151841402053833,55.235774993896484,20.93880271911621,21.32497215270996,10.53592586517334,7.4304609298706055,6.900650501251221,7.876183032989502,5.512619972229004,6.8592071533203125,6.337426662445068,6.404616355895996,5.869603157043457,5.770755767822266,jazz,jazz.00071.wav
107.666015625,1336.3698511878918,283.0942593044808,1554.5046777257078,192.89168529356124,2751.675027664232,697.8725139925942,0.05873471664570434,0.0203656481525029,-202.82192993164062,145.73983764648438,-23.56831169128418,47.84978103637695,-14.344827651977539,1.6427218914031982,-7.065168857574463,-11.130011558532715,-4.5997395515441895,-3.60737943649292,-3.788098096847534,2.046826124191284,0.8436290621757507,64.45368957519531,16.82915496826172,21.580724716186523,10.280908584594727,11.139387130737305,12.573153495788574,9.065203666687012,7.6477370262146,8.763165473937988,8.510727882385254,7.505846977233887,7.394917964935303,10.275155067443848,jazz,jazz.00072.wav
112.34714673913044,2968.60250464515,599.7729286815454,2922.5207113909246,394.4219464412315,6416.76119872291,1428.9259878735963,0.1297546953608746,0.043444804349418525,-84.05435180664062,63.061363220214844,5.639188289642334,24.92485237121582,6.211669921875,-2.9040579795837402,-0.3640592694282532,-1.075700283050537,-4.244647026062012,-2.330305337905884,1.568095088005066,1.935512900352478,1.5438600778579712,43.96635437011719,17.20663833618164,21.49148178100586,9.906045913696289,8.267868041992188,8.556127548217773,7.537966728210449,7.13879919052124,7.218025207519531,6.030213356018066,5.954954624176025,5.920158863067627,6.543706893920898,jazz,jazz.00073.wav
83.35433467741936,2414.857050479083,714.807831053743,2552.5429673290614,524.9435262925392,5135.260614448288,1701.9786056056387,0.09557311822755418,0.042826117392090725,-149.19680786132812,79.08609771728516,2.009148359298706,27.607025146484375,0.31506651639938354,1.7276527881622314,-3.613091468811035,-0.16500680148601532,-5.035670757293701,1.2518123388290405,1.1462149620056152,-0.6187954545021057,1.8201314210891724,63.83736801147461,27.457115173339844,28.630369186401367,11.227660179138184,10.428560256958008,8.535493850708008,9.186723709106445,6.824933052062988,6.537672996520996,6.259373188018799,6.336826324462891,5.965301513671875,6.956258296966553,jazz,jazz.00074.wav
103.359375,2902.8282153333053,579.2141449847832,2855.1189518850565,391.1318291186857,6198.312519652187,1440.2365422890841,0.12654912139609134,0.04441345215185112,-78.22419738769531,63.218509674072266,-1.6562832593917847,21.022592544555664,4.470186233520508,-3.589820384979248,-1.5619467496871948,-3.069639205932617,-6.078289985656738,-1.9560667276382446,1.782015323638916,-1.215653419494629,0.9424572587013245,40.551021575927734,16.91793441772461,20.258235931396484,8.464369773864746,8.750405311584473,7.235434532165527,6.650162220001221,7.535442352294922,6.123249053955078,5.909121036529541,5.906777858734131,6.585040092468262,5.500872611999512,jazz,jazz.00075.wav
117.45383522727273,1733.583196998827,383.7365126793536,2068.043895852972,417.2699686814901,3379.546231012964,1117.0888092671744,0.06871462606424149,0.02770287215460793,-154.29287719726562,110.68495178222656,-22.29971694946289,21.146955490112305,4.267234802246094,4.7490644454956055,-4.092324256896973,-1.0206661224365234,-6.412800312042236,-9.245781898498535,-3.631049871444702,-5.5030341148376465,0.5368919968605042,57.90203857421875,22.559677124023438,27.375137329101562,13.22978687286377,10.495524406433105,9.16530704498291,8.469403266906738,7.180427551269531,9.479079246520996,6.723208427429199,5.995332717895508,5.859662055969238,6.510565280914307,jazz,jazz.00076.wav
184.5703125,2777.976524524572,515.8906624026606,2691.2404901834752,360.6451258955497,5813.648178998162,1228.8604372252867,0.13090245863970587,0.03793853689999331,-77.08967590332031,64.5277099609375,-2.848515033721924,28.531280517578125,4.6849045753479,-2.814512014389038,-5.947362899780273,1.8981451988220215,-5.205105304718018,-2.3232336044311523,-2.9395370483398438,-6.148102283477783,-0.7635444402694702,39.87126159667969,21.823551177978516,17.539276123046875,9.42648696899414,8.661527633666992,6.679570198059082,7.78436803817749,5.636427879333496,6.576913833618164,6.0075907707214355,8.378180503845215,7.273801326751709,5.842874050140381,jazz,jazz.00077.wav
80.74951171875,2503.139918026569,577.3385392426466,2598.4802162770143,438.81941383772676,5155.093827852893,1517.7301253118947,0.09583048628579721,0.03754695804986568,-141.49684143066406,70.9045181274414,-0.523231565952301,33.57304763793945,1.4106365442276,-9.186745643615723,0.7554329633712769,0.5403755903244019,-9.192056655883789,-2.5710372924804688,4.080312252044678,-2.2184269428253174,-0.6917473077774048,59.87348937988281,24.353771209716797,25.15552520751953,12.609294891357422,11.210480690002441,11.679871559143066,7.911316394805908,9.160140991210938,10.018082618713379,8.14961051940918,6.357452392578125,7.899327754974365,6.370471000671387,jazz,jazz.00078.wav
107.666015625,2634.319273980018,600.9023396889735,2728.5025076868055,344.4902469085754,5562.633030185759,1287.3442515476006,0.1078761428502322,0.037143322475382066,-163.5394744873047,65.97193908691406,5.3612895011901855,41.89719772338867,7.025766372680664,5.501438617706299,8.930416107177734,2.678452253341675,-0.18257859349250793,5.155423164367676,10.491717338562012,3.329864501953125,3.8408946990966797,30.906681060791016,22.418319702148438,13.438851356506348,10.866329193115234,8.456270217895508,7.65691614151001,8.049271583557129,7.0267839431762695,8.00046443939209,6.558649063110352,8.580425262451172,9.310589790344238,9.762760162353516,jazz,jazz.00079.wav
135.99917763157896,3029.035019092715,464.632385859787,2828.8683421725436,254.38278456791804,6201.412500907024,1023.4395819611707,0.14035780584849072,0.03568399011356322,-117.24632263183594,56.99422073364258,-2.1099278926849365,35.61606216430664,4.713421821594238,3.890101909637451,11.592063903808594,6.078704357147217,0.5825715065002441,2.2747371196746826,2.699638605117798,-1.8503127098083496,1.6808271408081055,40.276615142822266,16.72587013244629,10.258207321166992,8.852742195129395,8.908154487609863,6.019461631774902,6.711930751800537,6.012382984161377,5.94667911529541,6.163303375244141,6.607949733734131,6.405052185058594,7.5105977058410645,jazz,jazz.00080.wav
117.45383522727273,3027.140362803872,1016.5886696962856,3302.676301855675,423.0698397226063,7278.83931918779,1693.1340763494495,0.10014829842298761,0.06212766672337261,-228.3715362548828,67.53677368164062,37.07984161376953,21.325258255004883,17.05842399597168,10.142422676086426,10.77646255493164,8.010918617248535,2.042186737060547,0.29713860154151917,2.4991302490234375,3.847144603729248,1.5821794271469116,53.67491912841797,24.082284927368164,17.795278549194336,10.913752555847168,7.7235541343688965,6.591094493865967,6.703858852386475,6.614719390869141,6.454371452331543,7.086857318878174,7.426002502441406,6.327366828918457,7.32172155380249,jazz,jazz.00081.wav
99.38401442307692,3906.2972143441307,1103.5134500744725,3328.954589433915,369.0823421193652,8037.609731006917,1595.3170183130812,0.20684871142124614,0.10547509795840737,-158.2061004638672,49.6024169921875,21.594701766967773,16.51655387878418,11.422574996948242,6.259136199951172,5.633523941040039,-0.19963428378105164,-0.2426658570766449,-1.996820092201233,2.0229389667510986,2.6891398429870605,-1.456520438194275,66.02716827392578,25.725492477416992,18.376617431640625,9.766797065734863,8.534671783447266,7.069934368133545,7.0609822273254395,5.746610641479492,5.14793586730957,5.509971618652344,5.8792195320129395,5.66880989074707,5.3742289543151855,jazz,jazz.00082.wav
107.666015625,3393.857478271707,754.3106192857704,3147.780755442214,324.9441151482423,7235.039584038796,1243.6266346988593,0.14970204261803405,0.06094072032422024,-126.01213836669922,56.60823059082031,23.495506286621094,23.70012855529785,-0.3036549985408783,7.15137243270874,0.16874293982982635,-0.8434281945228577,-4.156272888183594,-1.8949322700500488,2.523092031478882,0.5281127095222473,0.9266526699066162,44.37692642211914,22.01576042175293,21.32130241394043,9.711053848266602,8.044331550598145,7.815664768218994,7.9221577644348145,6.863022327423096,6.799992084503174,6.568542957305908,7.196537017822266,5.944986820220947,6.181285858154297,jazz,jazz.00083.wav
123.046875,2874.7793906046186,579.6298723388718,2802.5978547939376,346.97767293801894,6138.46288155476,1157.7799910819995,0.11833828669214397,0.05503498699285616,-178.09237670898438,61.942623138427734,1.4681735038757324,36.045936584472656,7.5810136795043945,5.153891563415527,-0.917627215385437,2.9412882328033447,1.4490773677825928,2.1342267990112305,5.170273303985596,2.0257973670959473,0.5106883645057678,50.038673400878906,19.260644912719727,17.899202346801758,10.396454811096191,9.565381050109863,7.597251892089844,7.072591304779053,7.26445198059082,6.065174579620361,6.983154773712158,5.122147083282471,5.750250339508057,5.971208572387695,jazz,jazz.00084.wav
80.74951171875,2861.0669041187775,564.7934704769445,2566.5628642485667,317.7307633759816,5606.249433110004,1137.8939503981348,0.1475769609858746,0.04777080325198311,-131.9313507080078,61.59086990356445,-12.65458869934082,35.085182189941406,-2.1272988319396973,-0.9491929411888123,-4.837913990020752,-4.1055216789245605,-3.2856128215789795,2.496220827102661,6.411373138427734,3.423351287841797,-2.8839263916015625,45.45437240600586,22.685813903808594,15.324629783630371,11.89594841003418,9.112963676452637,9.267580032348633,8.947120666503906,8.749375343322754,7.4573540687561035,7.587125301361084,6.988268852233887,7.669583320617676,7.623167037963867,jazz,jazz.00085.wav
135.99917763157896,4136.053468579488,735.7347607827646,3220.9346750305085,259.69157824424923,8258.125064247533,1094.4592875639414,0.2617017433001161,0.08808942624777892,-156.6122589111328,22.763254165649414,10.495277404785156,24.156204223632812,10.143045425415039,2.96964693069458,2.4915146827697754,0.48371991515159607,2.691013813018799,1.2310426235198975,3.3316619396209717,-7.819789409637451,1.1087778806686401,45.701988220214844,27.98772621154785,15.422920227050781,10.774041175842285,10.090188980102539,8.652362823486328,8.802054405212402,7.979376316070557,8.321744918823242,9.256948471069336,9.820636749267578,8.267257690429688,9.354812622070312,jazz,jazz.00086.wav
135.99917763157896,1845.8761145516376,855.1555181768413,2730.8698084088583,584.8707687824635,4330.4238145196405,2647.9662259558463,0.04282929506095201,0.029168127310344284,-341.01800537109375,89.85990905761719,44.51198196411133,28.827592849731445,16.31782341003418,10.590868949890137,7.000736236572266,0.8200666308403015,6.097487926483154,7.125773906707764,5.411661148071289,2.7358579635620117,9.361676216125488,85.1703109741211,34.32085418701172,19.993743896484375,16.357511520385742,13.847762107849121,13.179900169372559,9.733059883117676,11.255188941955566,9.971969604492188,9.469771385192871,8.684675216674805,8.814289093017578,7.164630889892578,jazz,jazz.00087.wav
129.19921875,2428.6412687077973,664.9507819576237,3007.4099703213597,480.1662897703997,5927.730822489358,1939.6113250210888,0.06904795738196594,0.03236378008979239,-192.5078125,80.95126342773438,25.70166778564453,18.534099578857422,14.171379089355469,1.265468955039978,4.092947483062744,-1.4168410301208496,2.6607606410980225,5.235185146331787,3.7162201404571533,0.29374200105667114,7.339452266693115,55.11416244506836,21.205656051635742,21.466262817382812,10.679464340209961,8.921850204467773,9.03209114074707,6.624980926513672,8.344036102294922,9.140303611755371,8.510944366455078,9.09033489227295,11.76732349395752,12.022224426269531,jazz,jazz.00088.wav
117.45383522727273,1787.936479244805,681.9112521072466,2485.6819876272198,387.42790167908726,3905.668049626306,1730.8848072834992,0.06275774598490712,0.05818168689811737,-322.4992370605469,90.6509780883789,27.027183532714844,37.85674285888672,19.709014892578125,4.609318733215332,3.070612668991089,7.9708099365234375,1.9372375011444092,2.087836503982544,0.4474656283855438,4.8929595947265625,13.060920715332031,50.016746520996094,24.783588409423828,16.64105224609375,12.682042121887207,7.908316612243652,8.66531753540039,8.202751159667969,7.9712233543396,8.713224411010742,7.683720111846924,8.984248161315918,7.168862342834473,9.365221977233887,jazz,jazz.00089.wav
135.99917763157896,1875.229063578226,535.3561470222485,2569.5109758059184,426.33247548684596,4292.8490417291505,1573.7309693838652,0.054154245476973686,0.01530488869640677,-217.62901306152344,105.62872314453125,19.31536102294922,28.35325050354004,8.654834747314453,0.1436520218849182,6.365767478942871,-2.539705276489258,-12.996928215026855,-11.14958381652832,-6.15288782119751,-7.734214782714844,0.4227966070175171,41.2833251953125,21.70001792907715,11.553389549255371,8.394641876220703,6.933859348297119,6.82860803604126,5.520970821380615,6.046505451202393,8.379093170166016,6.24532413482666,5.547874450683594,5.83674430847168,4.908478736877441,jazz,jazz.00090.wav
83.35433467741936,2958.8527443760186,1380.8016073948354,2832.9030171788304,352.60332016000024,6065.3466570119,2128.164467054124,0.15142274271962075,0.13048194776690059,-299.40533447265625,60.77720642089844,32.098514556884766,25.695833206176758,7.463468074798584,-1.2953768968582153,1.862271785736084,5.261619567871094,-5.529666900634766,-3.103562831878662,3.6464571952819824,-2.2974071502685547,0.8934428095817566,59.78697204589844,49.90212631225586,13.166557312011719,12.219015121459961,9.767376899719238,8.831731796264648,8.244641304016113,10.659055709838867,11.486308097839355,13.05982780456543,9.373228073120117,9.533224105834961,10.521888732910156,jazz,jazz.00091.wav
117.45383522727273,2213.669961452585,1075.560293834631,2794.540855397363,429.2130301878822,5023.3196246734715,2327.0512374327527,0.0753657574255031,0.07906939669753421,-294.19384765625,84.6645736694336,39.07788848876953,28.63520622253418,14.131192207336426,1.0344221591949463,7.353453636169434,5.217075824737549,-3.739166259765625,-5.041574001312256,2.2247610092163086,-0.5665926337242126,4.21807336807251,50.342071533203125,38.996490478515625,11.503558158874512,11.12995433807373,10.910515785217285,11.7338285446167,7.555633068084717,8.72955322265625,10.40390396118164,7.649587631225586,6.740848064422607,9.99953842163086,9.25255298614502,jazz,jazz.00092.wav
83.35433467741936,2151.985122584835,488.1211892046182,2775.0279988687803,370.5728560356471,5013.611350044746,1633.0965847057464,0.08170320965557276,0.02654021706796633,-215.39735412597656,100.96080780029297,17.098628997802734,12.978259086608887,16.062911987304688,4.764205455780029,4.565047264099121,-3.133694648742676,-4.154082775115967,-2.2966673374176025,-4.928966045379639,-3.3494503498077393,-1.4255523681640625,38.948028564453125,17.1929988861084,16.676010131835938,10.891960144042969,9.74109172821045,9.329581260681152,7.160694122314453,6.536812782287598,6.265652179718018,6.442328929901123,7.270765781402588,7.109007835388184,6.136730194091797,jazz,jazz.00093.wav
123.046875,1077.1722769200633,481.36604380239555,1539.203321501309,462.9138079149528,2111.4788988426376,1406.7897439686074,0.04151184270994582,0.019605120903694165,-366.4404602050781,131.69850158691406,16.512924194335938,36.320045471191406,5.060641288757324,14.675127983093262,-6.1637282371521,4.714259624481201,-9.586799621582031,-1.29036545753479,-2.694134473800659,1.5798401832580566,-2.2748074531555176,60.44511032104492,27.051700592041016,21.952110290527344,11.09831428527832,11.848462104797363,11.113463401794434,10.423306465148926,9.709561347961426,9.343794822692871,8.477177619934082,8.998711585998535,9.785737991333008,9.083118438720703,jazz,jazz.00094.wav
117.45383522727273,1855.2856495889075,462.46679343721166,2215.888359124398,355.3486778192864,4284.540758634868,1325.4971418539221,0.06339606412054953,0.029068428017969397,-219.76429748535156,100.79802703857422,-1.4563252925872803,41.285438537597656,-0.9485454559326172,23.379390716552734,-11.51408576965332,20.027902603149414,-15.970274925231934,13.943597793579102,-7.9898457527160645,5.738360404968262,-6.868226051330566,40.35731887817383,20.44443702697754,21.21880340576172,10.06048583984375,8.808475494384766,8.845900535583496,7.752660751342773,7.328269004821777,6.042179584503174,7.769036769866943,6.647357940673828,6.88773250579834,5.8803606033325195,jazz,jazz.00095.wav
135.99917763157896,1874.6280401896176,716.960351740466,2084.02102157999,422.2030273620244,4011.0507457248937,1630.8066422041177,0.07777050478908669,0.04596203589860378,-277.235595703125,95.75202941894531,-2.979494094848633,43.91986846923828,1.9414105415344238,22.249988555908203,-6.140645980834961,22.460952758789062,-12.840874671936035,10.780396461486816,-7.533227920532227,3.5953238010406494,-5.075059413909912,65.82120513916016,30.1085262298584,22.68338966369629,14.89743709564209,12.661700248718262,8.932732582092285,10.810622215270996,8.116338729858398,9.756312370300293,8.202869415283203,9.884593963623047,8.214275360107422,6.719135284423828,jazz,jazz.00096.wav
86.1328125,1176.0043625534947,496.11709073421224,1752.937087914347,432.21675047332286,2343.769160881869,1527.6711389838615,0.03991094536087461,0.021790496590936133,-413.5791015625,118.27574920654297,31.103309631347656,40.16521453857422,13.103846549987793,13.944952964782715,-3.719221591949463,4.7483720779418945,-9.891252517700195,-3.0627758502960205,-6.2822113037109375,-3.6105387210845947,-5.26369047164917,46.017059326171875,23.123550415039062,28.42003631591797,12.990633964538574,12.181218147277832,10.446080207824707,8.430717468261719,8.096085548400879,6.7396769523620605,8.165993690490723,8.003982543945312,8.24266242980957,9.278444290161133,jazz,jazz.00097.wav
80.74951171875,1884.9439012894368,547.5562470595462,2230.243951822194,325.83437515892206,4355.8153276473,1301.7598288207323,0.05812512093653251,0.03524600299902501,-223.0305938720703,102.89911651611328,-1.6697349548339844,45.1994743347168,-6.745974540710449,25.354921340942383,-14.366869926452637,24.24671745300293,-10.41437816619873,11.14624309539795,-9.151456832885742,6.625129222869873,-7.828696250915527,46.655399322509766,21.45669174194336,18.77750587463379,10.18996810913086,9.099447250366211,7.420868873596191,7.171492099761963,6.119152069091797,6.674221992492676,7.434025287628174,6.26538610458374,6.3773322105407715,6.0963826179504395,jazz,jazz.00098.wav
135.99917763157896,1492.5645306761603,518.8825723759069,2014.1643643596335,407.3765188450109,3376.7962476417374,1512.464085780157,0.04620040090460526,0.023186006070081006,-315.01422119140625,112.7276611328125,9.740748405456543,38.98918151855469,3.9426109790802,20.019874572753906,-7.2231926918029785,15.273512840270996,-13.677780151367188,10.151815414428711,-4.884433269500732,4.7019944190979,-2.6995627880096436,44.14427947998047,23.022701263427734,16.776521682739258,9.652341842651367,9.185263633728027,8.939395904541016,7.9453349113464355,7.637394905090332,6.810028553009033,7.545722007751465,7.691694259643555,9.181127548217773,8.150638580322266,jazz,jazz.00099.wav
95.703125,3274.344587423776,518.0399997096665,2722.3036471895907,389.03124445939767,6407.269589450706,1299.27662439933,0.18307976973684212,0.046724106946035154,-52.93138122558594,50.087284088134766,-11.485749244689941,46.35173797607422,6.5509257316589355,10.124287605285645,5.479244232177734,8.854687690734863,5.942208290100098,6.622522354125977,-4.047175407409668,9.770575523376465,-3.1184918880462646,18.68155288696289,14.038604736328125,16.135923385620117,14.87790298461914,10.786785125732422,9.046414375305176,8.16925048828125,8.070180892944336,7.579009056091309,7.172257900238037,7.516378402709961,7.367002487182617,7.304721832275391,metal,metal.00000.wav
78.30255681818181,2922.908394647605,428.99617888759695,2620.8528873384016,223.4285833035484,6036.988495156492,823.2104092492352,0.15290156975619196,0.04146074190988895,-80.14727783203125,64.84362030029297,-15.46560001373291,46.83931350708008,7.911020278930664,21.762014389038086,-2.1760787963867188,21.9866886138916,-7.712627410888672,11.144745826721191,-4.287084579467773,11.442519187927246,-10.365104675292969,21.304964065551758,12.638504981994629,11.480018615722656,9.036246299743652,9.613523483276367,6.899860858917236,9.7712984085083,7.464778900146484,7.583148002624512,7.733453750610352,6.7729973793029785,6.401723384857178,6.638036251068115,metal,metal.00001.wav
112.34714673913044,2198.5048742476088,382.649414045903,2005.8773078800057,284.60134266568656,4446.356446824207,817.7477064321448,0.12839302559017027,0.031248118070745866,-62.21818923950195,115.20072174072266,-42.81502914428711,54.31106185913086,-24.883960723876953,20.133108139038086,-21.63913345336914,20.847036361694336,-8.398700714111328,20.328601837158203,-10.73180103302002,9.669686317443848,-14.547391891479492,31.555744171142578,17.779430389404297,17.275676727294922,14.690658569335938,8.690903663635254,10.320322036743164,8.279692649841309,6.882500648498535,7.712563514709473,6.705451011657715,7.183771133422852,6.210005283355713,7.271174430847168,metal,metal.00002.wav
99.38401442307692,2751.926423435394,394.3531358431766,2205.6382694956897,171.3837377207317,5234.401681622485,648.4466073286395,0.16671025420859134,0.04730162204261712,-43.06468200683594,75.3976058959961,-47.840972900390625,53.02373504638672,-12.33786678314209,36.87316131591797,-8.2877197265625,28.404539108276367,-14.53133773803711,22.106433868408203,-7.355746269226074,15.975350379943848,-13.140838623046875,20.254196166992188,15.329737663269043,13.844038009643555,9.096456527709961,8.61695671081543,8.851871490478516,8.165128707885742,8.544341087341309,6.962119102478027,6.221611976623535,7.119126319885254,5.599854469299316,6.012057781219482,metal,metal.00003.wav
135.99917763157896,3403.0755097954175,517.6975401005159,2825.093036960878,231.03851588889242,6902.816592945772,888.8307636708793,0.19242362857972137,0.04854561816308119,-107.12958526611328,47.660186767578125,-8.620708465576172,38.39892578125,8.458257675170898,9.544549942016602,1.017512321472168,20.7490291595459,0.7148489356040955,11.783106803894043,1.1646875143051147,11.063398361206055,-2.5293989181518555,33.57435607910156,17.953351974487305,13.50836181640625,13.522255897521973,10.14047908782959,9.8108549118042,10.558854103088379,8.967377662658691,7.924307823181152,7.9900665283203125,7.049161911010742,6.538832187652588,6.600130081176758,metal,metal.00004.wav
151.99908088235293,2464.596757533146,442.21625126924346,2204.478598691696,273.7916504296625,4951.653391362713,865.4679026507469,0.13437825016931115,0.036374302019338875,-79.627685546875,93.47288513183594,-27.749143600463867,64.06912994384766,-18.807098388671875,23.320396423339844,-10.540274620056152,13.356393814086914,-17.537811279296875,16.388519287109375,-10.054388046264648,8.941800117492676,-16.081073760986328,32.782989501953125,17.308944702148438,16.14858627319336,13.358154296875,9.760544776916504,7.6117377281188965,9.9751558303833,8.334585189819336,8.314909934997559,8.48087215423584,7.458938121795654,7.275215148925781,5.80517578125,metal,metal.00005.wav
123.046875,3237.576392654718,588.54053523801,2573.2144093958636,271.5647781839271,6229.395665029992,978.6095982884269,0.1981254081607972,0.057698210371022816,-140.77830505371094,55.92315673828125,-12.291191101074219,44.319007873535156,-10.60477066040039,10.867444038391113,-0.9533347487449646,22.24396514892578,-9.37897777557373,15.246444702148438,-3.0641422271728516,9.07236099243164,-8.798300743103027,28.01880645751953,20.769235610961914,17.2120418548584,12.345558166503906,12.356756210327148,8.405782699584961,11.91240119934082,10.14327335357666,10.129549980163574,7.596174716949463,8.685239791870117,7.9041666984558105,7.786531925201416,metal,metal.00006.wav
151.99908088235293,2939.529800244255,493.9926533979308,2522.7270587232188,299.72496862470916,5806.8482201165825,1018.0258872637357,0.16837313153057276,0.043297733765302285,-108.09747314453125,65.77732849121094,-20.841005325317383,47.559593200683594,0.8536283373832703,8.99120807647705,-3.2142603397369385,20.978044509887695,-10.349270820617676,7.8764495849609375,-8.126470565795898,12.045557022094727,-9.15512752532959,16.418027877807617,16.880746841430664,15.642475128173828,10.499988555908203,9.72344970703125,6.4330735206604,7.888457298278809,6.782412528991699,6.4836039543151855,5.6395111083984375,5.681099891662598,5.939620018005371,6.016224384307861,metal,metal.00007.wav
117.45383522727273,2964.5694774912263,922.159379155508,2758.3968686086223,531.906043345233,6187.337586016109,1799.4422435627662,0.14055924076044893,0.07110296064752432,-149.9843292236328,67.90699768066406,-6.688848495483398,32.08448791503906,6.079798698425293,12.23563003540039,9.134744644165039,10.182916641235352,3.7711071968078613,10.596400260925293,0.7727521061897278,7.71568489074707,-1.1583731174468994,42.129051208496094,27.185768127441406,22.232952117919922,13.339567184448242,13.054425239562988,10.898584365844727,9.896949768066406,10.59710693359375,8.090314865112305,9.017017364501953,7.416219711303711,7.988691806793213,7.223016738891602,metal,metal.00008.wav
112.34714673913044,2250.890548724811,311.0357651302905,2390.1164654786567,160.80140268838,5112.4440857500485,501.3198232958131,0.09467932166698917,0.023542089737412494,3.642235040664673,104.75209045410156,-0.8226447105407715,55.941104888916016,-29.22248649597168,31.255441665649414,-14.195286750793457,20.20258903503418,-8.280900955200195,15.18163776397705,-14.587308883666992,15.663605690002441,-12.99042797088623,23.308496475219727,13.83500862121582,10.715767860412598,14.90771484375,8.920616149902344,8.025619506835938,7.856138706207275,7.086095809936523,7.036527633666992,6.322536468505859,4.788466930389404,5.308602809906006,4.782435417175293,metal,metal.00009.wav
184.5703125,3048.5052057998882,335.9658221798255,2358.8824139471512,171.35192122455845,5662.490759693063,575.2672120093237,0.19654038373161764,0.04309514959416734,-58.720359802246094,70.55818176269531,-19.42135238647461,73.59315490722656,-27.765424728393555,23.759441375732422,-17.9041690826416,21.222898483276367,-16.949420928955078,16.136871337890625,-15.223487854003906,14.87415599822998,-18.705825805664062,22.196277618408203,16.11741065979004,10.555644989013672,15.027219772338867,12.701309204101562,8.358503341674805,7.567387580871582,9.719740867614746,7.764536380767822,6.827780246734619,5.553884983062744,4.891027927398682,5.384954929351807,metal,metal.00010.wav
161.4990234375,2699.980049142347,209.20715739479203,2240.17995020246,122.35530287613612,5157.935477336494,401.9800343498223,0.17150160845588236,0.028455627341631567,8.792969703674316,82.82320404052734,-30.564281463623047,66.71607971191406,-16.359283447265625,16.568220138549805,-10.763800621032715,29.540407180786133,-25.08977699279785,16.821931838989258,-11.392602920532227,12.785900115966797,-13.347066879272461,13.21218490600586,10.789865493774414,9.742156028747559,8.005718231201172,8.632423400878906,6.079788684844971,5.8670830726623535,6.282442092895508,5.086445331573486,4.756680011749268,5.061337947845459,4.66540002822876,4.59928560256958,metal,metal.00011.wav
172.265625,2803.303204375182,282.5428233983984,2183.246266793505,162.61352512472928,5262.743176912007,575.8919621516352,0.17691276243227555,0.02722314099287,-64.10792541503906,74.52598571777344,-45.96800231933594,65.85509490966797,-14.676302909851074,23.84915542602539,-13.777111053466797,37.762298583984375,-10.5878324508667,21.390439987182617,-9.345857620239258,17.91301918029785,-10.791604042053223,21.18491554260254,15.089424133300781,11.730058670043945,13.954378128051758,8.680143356323242,9.424210548400879,9.033196449279785,7.205808639526367,7.579108238220215,6.70853853225708,6.102086544036865,6.038636684417725,5.458763122558594,metal,metal.00012.wav
135.99917763157896,3047.8529556987282,340.9608631942038,2303.5609515672522,135.3282786164484,5735.965315402476,544.135795765307,0.20360421101006193,0.037004285797022474,-84.90263366699219,64.63973999023438,-36.32612991333008,65.39541625976562,-13.867815971374512,22.872535705566406,-15.565662384033203,36.293033599853516,-13.677165985107422,21.25946617126465,-9.251360893249512,19.171607971191406,-10.60749340057373,30.941091537475586,15.283121109008789,10.966403007507324,12.192987442016602,8.212597846984863,7.630862712860107,8.7965669631958,7.795117378234863,6.574160575866699,6.369691371917725,5.595067501068115,5.184874057769775,5.27739953994751,metal,metal.00013.wav
151.99908088235293,2877.3990222346356,306.71245070177616,2101.176611844931,185.21615410221892,5198.36856617647,591.6340471092059,0.18530764742163314,0.03667116973941921,-117.9197006225586,65.44175720214844,-51.43996047973633,74.10701751708984,-13.760527610778809,25.75345802307129,-13.13806438446045,32.225914001464844,-10.345248222351074,21.71337127685547,-7.802454471588135,12.349828720092773,-14.45273494720459,44.024288177490234,15.55981731414795,12.64599895477295,12.948501586914062,8.453333854675293,7.321431636810303,7.878305435180664,8.23255729675293,6.063092231750488,7.096166610717773,5.455108165740967,7.167304992675781,5.342391014099121,metal,metal.00014.wav
172.265625,2986.8234673152315,359.6905508050175,2458.9986179482075,166.1307500850038,5818.289817597475,616.5221137219787,0.16926541638448142,0.03596182954813649,-76.78498840332031,68.00348663330078,-11.247029304504395,76.36323547363281,-17.476348876953125,25.336973190307617,-17.900314331054688,20.368680953979492,-21.420488357543945,14.217724800109863,-15.76894474029541,12.524235725402832,-18.507431030273438,22.990758895874023,15.060163497924805,10.702022552490234,14.466472625732422,11.882606506347656,7.775543689727783,8.197874069213867,7.950451374053955,6.515502452850342,6.215507984161377,5.3290534019470215,4.641157150268555,5.389291763305664,metal,metal.00015.wav
92.28515625,2743.3971145568185,380.6946244388759,2140.557521316081,225.4476265016685,5129.2856505780765,765.5916605098629,0.17962174076044893,0.039744176785826056,26.69307518005371,79.79640197753906,-52.05575180053711,51.320682525634766,-16.361846923828125,22.011911392211914,-17.46108055114746,30.92519187927246,-15.979047775268555,16.12738800048828,-12.196157455444336,11.30388355255127,-12.446610450744629,19.778783798217773,18.23308563232422,15.292896270751953,14.233771324157715,12.700674057006836,10.900425910949707,11.219295501708984,10.70040512084961,8.498456954956055,8.375285148620605,6.795019626617432,7.174968719482422,7.091309070587158,metal,metal.00016.wav
107.666015625,2656.165733706924,444.67646165089235,2337.22755658765,172.85017212526313,5325.867795206076,733.2549669261567,0.15877568389609134,0.04686163387934967,-75.51750946044922,81.91142272949219,-22.08108139038086,69.87699890136719,-11.740438461303711,25.740245819091797,-18.518964767456055,27.0277099609375,-14.085997581481934,22.134109497070312,-12.107687950134277,14.951658248901367,-13.525077819824219,22.188234329223633,15.332321166992188,12.401528358459473,10.849905014038086,8.292120933532715,8.052088737487793,8.05830192565918,6.328291416168213,7.013849258422852,6.520415782928467,5.6337175369262695,5.522495269775391,5.476863861083984,metal,metal.00017.wav
99.38401442307692,2291.2788294344687,360.9451441879743,1583.4318016750553,185.4559963197059,3884.9098418150156,557.6327728822041,0.1803178816756966,0.039823299326319596,-76.3720703125,123.29144287109375,-89.89614868164062,76.445556640625,-21.269107818603516,22.295799255371094,-13.65000057220459,14.647890090942383,-6.320443153381348,9.922285079956055,-3.9226880073547363,5.398592948913574,-2.488511800765991,25.727041244506836,27.13129997253418,14.263437271118164,11.5743408203125,11.35830020904541,8.433594703674316,10.705178260803223,8.819382667541504,10.045937538146973,7.400716781616211,8.829389572143555,7.433005332946777,6.941047668457031,metal,metal.00018.wav
112.34714673913044,2699.597527581128,463.46340072136763,2324.236570543931,238.32377739432283,5385.400768551664,874.5829749612965,0.16150658197078174,0.047456000596404244,-89.329833984375,82.3569107055664,-23.258312225341797,68.10750579833984,-13.086759567260742,22.45479965209961,-18.52653694152832,26.232650756835938,-14.358574867248535,21.504411697387695,-13.878503799438477,12.481538772583008,-14.122218132019043,56.134605407714844,19.396617889404297,14.500792503356934,11.813355445861816,9.142416954040527,9.60869312286377,7.887920379638672,7.133573055267334,7.462619781494141,6.601118564605713,6.062570571899414,5.958681106567383,5.282249927520752,metal,metal.00019.wav
99.38401442307692,2658.2188462959766,434.95373934519074,2345.8279592545605,180.8733057695462,5358.7425964166505,769.3744781136359,0.152409131312887,0.04549509372384177,-75.018310546875,81.17256927490234,-20.199926376342773,68.30472564697266,-11.342597961425781,23.670305252075195,-19.834020614624023,24.183435440063477,-13.177371978759766,22.286407470703125,-11.556872367858887,13.553210258483887,-15.058012962341309,35.70624542236328,17.255130767822266,10.452935218811035,9.812482833862305,7.888163089752197,8.368640899658203,7.594498157501221,5.86152458190918,6.5293498039245605,6.7590718269348145,6.687114238739014,5.740177154541016,5.355597496032715,metal,metal.00020.wav
107.666015625,3046.7299311449274,400.56446928000673,2324.3903702115454,159.20290019187348,5735.348652464687,615.1604893160276,0.19161335381191952,0.050785613351194143,-76.2828598022461,61.76295852661133,-37.11274719238281,62.44001388549805,-14.831242561340332,34.567806243896484,-11.487005233764648,30.963096618652344,-12.27812385559082,22.313232421875,-7.511116981506348,17.84716033935547,-11.126255989074707,24.935319900512695,14.267586708068848,12.12353801727295,10.553248405456543,8.56524658203125,8.037909507751465,9.275557518005371,5.883358955383301,7.508057594299316,6.421679973602295,6.8704729080200195,5.379337310791016,5.883255481719971,metal,metal.00021.wav
135.99917763157896,2218.499205435564,301.90610837180725,2226.12293771312,135.43609895194248,4779.587765153347,493.7335239812729,0.10698310214299536,0.03212733487949699,-45.84393310546875,108.01372528076172,-11.740544319152832,66.3277587890625,-30.207605361938477,9.236700057983398,-25.772972106933594,21.877349853515625,-17.929054260253906,10.275842666625977,-14.119917869567871,18.74677085876465,-14.238831520080566,30.293548583984375,12.58243465423584,11.868265151977539,8.905425071716309,8.058915138244629,10.52304458618164,7.00667667388916,6.922647476196289,5.687923431396484,6.6311163902282715,6.175985813140869,5.561850070953369,5.402290344238281,metal,metal.00022.wav
143.5546875,2576.10753705241,378.4690141807217,2237.106952069191,236.45447642231773,5058.119414243904,650.0237130384826,0.13178756288699692,0.0415630192775949,-43.71674346923828,82.74609375,-29.634931564331055,70.41970825195312,-21.6125545501709,31.165260314941406,2.0789451599121094,28.88348960876465,-2.683551788330078,19.901939392089844,-6.940589904785156,19.136198043823242,-7.372360706329346,29.489444732666016,15.483382225036621,16.01420783996582,11.337767601013184,7.321871280670166,8.105730056762695,8.486419677734375,6.472445487976074,8.184228897094727,6.079192638397217,6.122864723205566,5.961288928985596,5.4626922607421875,metal,metal.00023.wav
112.34714673913044,2410.986411509785,459.55194824691847,2227.7060388833856,257.09534301890693,4950.420065487132,876.7639494555885,0.12833369110390866,0.04231652428962331,-16.70627784729004,94.11414337158203,-32.78630065917969,61.49044418334961,-10.10155200958252,34.223567962646484,-11.971186637878418,28.20022201538086,-15.321425437927246,19.325450897216797,-8.278708457946777,17.934833526611328,-7.455647945404053,17.05927085876465,16.91885757446289,14.352058410644531,13.801634788513184,7.333652496337891,8.24347972869873,8.559679985046387,7.105626583099365,7.388182640075684,7.554617404937744,7.003075122833252,6.355317115783691,6.930315971374512,metal,metal.00024.wav
135.99917763157896,2384.812609828754,517.8685785762581,2073.302486019001,343.2793769157319,4585.038941563467,1070.2149786415257,0.12610316793246903,0.044944668338700276,-120.1278076171875,91.28766632080078,-38.794960021972656,75.0037841796875,-3.8060123920440674,22.666488647460938,-8.123723983764648,23.654571533203125,-14.638493537902832,13.365053176879883,-9.405638694763184,13.70650863647461,-9.314507484436035,44.30460739135742,22.17109489440918,23.44136619567871,14.575408935546875,10.198781967163086,10.357732772827148,9.217723846435547,8.205267906188965,6.618124485015869,8.081526756286621,6.724583148956299,5.655920028686523,6.339266300201416,metal,metal.00025.wav
129.19921875,2871.3062606691374,249.86086399316017,2127.0201151316833,150.13389861473757,5187.1436340520995,318.29988033281,0.19822933799342105,0.043130432705475535,-61.475521087646484,71.7444839477539,-46.28823471069336,75.44221496582031,-18.52456283569336,35.95708465576172,-12.682559967041016,28.374231338500977,-9.363221168518066,14.51096248626709,-4.269454479217529,11.87000846862793,-16.039182662963867,23.040508270263672,11.976789474487305,10.026917457580566,9.210912704467773,6.962356090545654,6.735084533691406,5.836315631866455,5.2592549324035645,6.755856990814209,6.344666004180908,7.075795650482178,5.909117698669434,6.980938911437988,metal,metal.00026.wav
129.19921875,2398.412461241184,280.95552474902877,2218.776789877403,155.0624383952106,4866.8372375677245,609.6030404098317,0.12830912587074303,0.028415863847339663,-36.46259307861328,94.79668426513672,-36.610260009765625,55.00199508666992,-8.238860130310059,29.687299728393555,-13.684500694274902,28.724905014038086,-11.995235443115234,19.36692237854004,-15.665719032287598,13.938667297363281,-11.981067657470703,27.400808334350586,12.386514663696289,9.76419734954834,10.931459426879883,10.306793212890625,7.700828552246094,7.82524299621582,7.098794937133789,6.789843559265137,6.110177516937256,5.719749927520752,5.279459476470947,5.39516019821167,metal,metal.00027.wav
135.99917763157896,2789.300841643996,376.6427868963728,2247.55273231388,206.11724489494588,5345.842674420714,797.9173981903596,0.17996187475812694,0.03624211325026643,-28.08998680114746,84.03387451171875,-43.71615982055664,47.990970611572266,-22.455089569091797,19.917407989501953,-25.181150436401367,24.802288055419922,-13.120749473571777,24.66950225830078,-16.41937255859375,17.56419563293457,-15.417398452758789,13.526386260986328,14.1333646774292,13.265485763549805,8.329646110534668,7.226096153259277,6.444472789764404,7.820462703704834,5.836373329162598,5.755003929138184,6.6585307121276855,5.607236862182617,5.26344633102417,5.56572961807251,metal,metal.00028.wav
123.046875,2955.2644930453703,507.1591768822132,2478.4332031027843,174.4980276323885,5928.739149725474,667.9948464437698,0.16334179385158668,0.05784401945485649,-103.65834045410156,73.83582305908203,-16.12746810913086,53.154727935791016,-25.099674224853516,33.991573333740234,-13.641717910766602,25.99047088623047,-18.906932830810547,18.668743133544922,-12.777742385864258,9.54562759399414,-16.148778915405273,36.788124084472656,17.633705139160156,13.681866645812988,12.718271255493164,12.900879859924316,12.033551216125488,10.087214469909668,9.540755271911621,8.011433601379395,7.376069068908691,6.887093544006348,5.6549835205078125,6.880290508270264,metal,metal.00029.wav
129.19921875,1525.6954691515564,451.17272347903446,1868.4091444059852,369.8905128848097,3501.087162738245,1154.4214090412129,0.051203016157120744,0.017525483005144196,-77.45471954345703,130.8889617919922,-23.28746795654297,61.996238708496094,0.9075685739517212,30.532888412475586,-8.758488655090332,19.443262100219727,-2.227692127227783,13.108555793762207,-3.2997822761535645,8.93582534790039,-8.964678764343262,34.48634719848633,22.58909034729004,14.686525344848633,7.5910844802856445,8.9552583694458,6.89215087890625,6.945130348205566,7.05036735534668,6.41291618347168,6.8349199295043945,7.126253604888916,5.603116989135742,6.445474624633789,metal,metal.00030.wav
135.99917763157896,2566.910608201603,408.69753570504287,2408.617499805147,199.53268989469822,5444.5504108818695,760.4662891290174,0.12520937137190402,0.042488791984233026,-12.502531051635742,91.33016967773438,-23.0791015625,50.981163024902344,-12.106396675109863,30.916202545166016,-15.001935005187988,23.061729431152344,-14.281174659729004,23.065378189086914,-17.684673309326172,13.161979675292969,-15.200902938842773,28.295730590820312,14.801878929138184,12.771710395812988,12.805758476257324,9.812996864318848,7.313459873199463,10.501241683959961,7.275915622711182,8.079025268554688,8.502811431884766,7.241062641143799,6.398594856262207,7.37998104095459,metal,metal.00031.wav
117.45383522727273,2502.5342481859757,440.83661785454035,2133.9316278960073,276.02379458129604,4761.48787460091,934.7895242189737,0.14816085768188855,0.03936755997272909,-61.90703582763672,93.03636169433594,-39.967708587646484,56.14796447753906,-19.685197830200195,23.381887435913086,-7.644094467163086,17.719402313232422,-19.306636810302734,17.783296585083008,-13.095866203308105,14.30197811126709,-13.079706192016602,46.22834014892578,17.9285888671875,16.981340408325195,9.599991798400879,7.335229873657227,8.866849899291992,10.176409721374512,6.950900554656982,8.30022144317627,5.897947788238525,6.92611026763916,6.334210395812988,6.59081506729126,metal,metal.00032.wav
123.046875,2029.8387796734646,568.5392769772228,1929.5737681834808,296.15233768021994,4223.366128549487,829.8951746572243,0.10000733177728328,0.047871586088114135,-35.73134994506836,115.4668960571289,-40.63166427612305,75.38111114501953,-12.545452117919922,21.83925437927246,1.8210290670394897,15.60556411743164,-0.17317195236682892,10.234973907470703,-11.762731552124023,15.405224800109863,-12.47100830078125,44.04539108276367,28.106361389160156,14.45504093170166,10.134708404541016,10.05260181427002,8.67587947845459,11.659214973449707,8.778512954711914,8.475215911865234,6.060737133026123,5.07572603225708,5.477684497833252,4.768768310546875,metal,metal.00033.wav
161.4990234375,2707.5423665716226,664.737744329241,2235.0475160780124,267.9010624977483,5292.017999891157,991.1918991017625,0.16091248125483745,0.05765645595689141,-104.68675994873047,87.7356948852539,-33.24212646484375,48.45683288574219,-28.924985885620117,22.513729095458984,-24.994108200073242,20.53480339050293,-12.077210426330566,18.256620407104492,-15.190194129943848,10.294037818908691,-13.897688865661621,53.59919357299805,28.226337432861328,19.09928321838379,20.41241455078125,12.766663551330566,11.384146690368652,10.899120330810547,9.643584251403809,9.010953903198242,9.87909984588623,7.904412269592285,8.027454376220703,9.507820129394531,metal,metal.00034.wav
117.45383522727273,2836.947977795833,491.1733531520667,2339.3457327787883,290.67873116492694,5615.124379444417,850.5089746064713,0.1628051379885836,0.05653775135487852,13.47215461730957,78.02857971191406,-32.999122619628906,55.55011749267578,-9.963229179382324,35.41740798950195,-17.641218185424805,29.05707550048828,-11.254932403564453,14.00488567352295,-10.102362632751465,16.5273494720459,-8.494954109191895,43.56783676147461,18.596158981323242,20.114412307739258,10.790054321289062,7.624929428100586,8.871706008911133,9.199483871459961,8.497776985168457,8.460771560668945,9.288372993469238,7.064908504486084,8.664864540100098,5.807275295257568,metal,metal.00035.wav
143.5546875,2685.8291745827923,421.69353552120856,2317.5266104972716,185.96704457966518,5331.467761343847,737.9107841416688,0.16050318667763158,0.04887139682819978,-71.27533721923828,82.33836364746094,-30.173229217529297,56.46429443359375,-10.87507152557373,26.822750091552734,-15.808303833007812,25.34827423095703,-15.630502700805664,17.76871109008789,-13.0557279586792,14.628011703491211,-14.275041580200195,26.958478927612305,16.426836013793945,13.30683708190918,10.633172035217285,9.354619026184082,7.816246032714844,7.993106842041016,6.449718475341797,6.815668106079102,7.516141414642334,7.118594646453857,6.1850690841674805,6.900365352630615,metal,metal.00036.wav
135.99917763157896,2292.510290744662,419.3791857129215,2149.2658033816874,210.68207619782422,4819.912521315064,749.1880534352911,0.12365873826915634,0.04131511876307029,-79.07527160644531,106.81675720214844,-38.75978088378906,39.85444641113281,-26.75737762451172,32.46525955200195,-15.021737098693848,29.701921463012695,-11.37106990814209,13.770957946777344,-14.502705574035645,16.169477462768555,-3.062653064727783,18.185014724731445,14.807049751281738,11.618863105773926,7.975449085235596,6.6897687911987305,6.094310283660889,7.846125602722168,6.5859904289245605,6.760883808135986,6.775907039642334,7.024449348449707,6.738810062408447,7.905483722686768,metal,metal.00037.wav
95.703125,2690.651414951033,691.2398062780513,2118.467954400867,435.86013998345345,5088.035900009675,1297.6469162882504,0.14832790126741485,0.059041846333270094,-122.2348861694336,62.28791427612305,-34.47575378417969,75.65299987792969,6.277377605438232,22.031089782714844,-10.95864486694336,23.2354793548584,-12.284939765930176,5.612534523010254,-6.983781814575195,5.616976737976074,-14.398442268371582,105.76211547851562,26.53183364868164,24.035009384155273,15.52773380279541,13.013641357421875,18.919021606445312,9.99794864654541,17.39484977722168,9.242688179016113,15.699344635009766,7.602367877960205,11.977295875549316,6.958995819091797,metal,metal.00038.wav
117.45383522727273,2099.3502081908823,576.9030813611995,2062.5313354447185,368.23902105147914,4450.38142248573,1079.9584246711333,0.08829727409055728,0.04019643136162426,-99.77964782714844,102.1220703125,-23.655641555786133,63.082618713378906,-8.785432815551758,30.73992919921875,-9.646097183227539,14.164795875549316,0.37265703082084656,13.223106384277344,-10.096966743469238,9.193242073059082,-4.932151794433594,61.87267303466797,25.94263458251953,11.610029220581055,15.859579086303711,17.624210357666016,11.097853660583496,9.021488189697266,7.385899066925049,7.57513427734375,6.13625431060791,8.915011405944824,7.0238471031188965,6.15478515625,metal,metal.00039.wav
107.666015625,2709.5400662447228,457.8542612683631,2194.487062440739,241.841956207088,5081.527606031105,915.5491825278981,0.16644079249709753,0.046304033099206235,-74.11552429199219,80.12188720703125,-46.98442077636719,51.019859313964844,-9.1384916305542,31.765640258789062,-6.376152038574219,24.855520248413086,-19.142608642578125,20.790122985839844,-11.669212341308594,13.848666191101074,-16.4748592376709,28.268850326538086,16.8298282623291,15.436471939086914,9.289506912231445,8.111949920654297,9.429327964782715,9.961882591247559,6.811250686645508,7.96579122543335,6.7923688888549805,6.8007659912109375,5.682188510894775,5.93461275100708,metal,metal.00040.wav
117.45383522727273,2269.195809921602,368.61254545476453,1928.8258972738686,297.5013600020522,4186.549684506821,852.6695707823152,0.13738125544214397,0.032912748338111274,-100.42864990234375,104.687255859375,-57.25812530517578,56.59077453613281,-5.536773681640625,22.83633041381836,-6.167543411254883,23.09093475341797,-19.06918716430664,17.792306900024414,-13.767807960510254,9.958694458007812,-14.84881591796875,36.42410659790039,19.860898971557617,18.153837203979492,10.6220121383667,9.65655517578125,10.067052841186523,10.509502410888672,8.879830360412598,7.083708763122559,7.22135066986084,6.917023181915283,7.078603267669678,6.987612724304199,metal,metal.00041.wav
129.19921875,2463.4494582050966,350.99651047790064,2037.3001787840026,229.85358562621016,4547.580834734182,846.8242172121879,0.15180860584365324,0.03138911017468492,-93.5913314819336,89.8940200805664,-55.90269470214844,51.637325286865234,-5.558395862579346,28.777814865112305,-13.89287281036377,27.350772857666016,-15.316164016723633,22.82941246032715,-12.410712242126465,9.704985618591309,-19.730850219726562,26.505285263061523,15.28083324432373,12.462173461914062,7.456674575805664,8.191659927368164,8.468880653381348,7.558359622955322,7.429610252380371,7.810677528381348,6.729485511779785,6.3078532218933105,5.837323188781738,6.033308506011963,metal,metal.00042.wav
95.703125,2683.329925042629,588.4692820873673,2126.7478903554274,409.7967996057234,4972.6949307940695,1244.8414965642946,0.17731298676954335,0.06290043957582503,-110.87448120117188,83.18675994873047,-45.257423400878906,56.5964241027832,-7.492354393005371,19.979755401611328,-13.402860641479492,21.21897315979004,-15.71973991394043,18.087411880493164,-18.127010345458984,12.930389404296875,-17.241710662841797,66.38388061523438,24.67971420288086,29.907115936279297,13.119437217712402,13.614669799804688,11.36033821105957,12.85754680633545,9.24393367767334,9.53701114654541,7.451817989349365,6.643802165985107,6.2211785316467285,7.8790483474731445,metal,metal.00043.wav
117.45383522727273,2760.3423816837835,462.7111995761409,2242.7379917564754,277.49865211046773,5260.1848590484715,986.0967886432416,0.17124877551760836,0.04077768209285232,-86.27023315429688,76.75910949707031,-42.35627365112305,53.99910354614258,-8.3302583694458,29.407861709594727,-7.908730506896973,26.661462783813477,-14.234940528869629,18.466794967651367,-17.955867767333984,9.869915962219238,-19.038646697998047,29.709558486938477,19.646343231201172,16.928380966186523,9.83890438079834,8.776469230651855,9.119325637817383,10.09377670288086,7.484090328216553,8.915535926818848,6.742629051208496,6.412893772125244,5.724736213684082,6.1525115966796875,metal,metal.00044.wav
61.5234375,2389.4350405557316,604.904232379294,2027.283197639479,345.1353626206591,4448.281435184065,1111.4386374074415,0.1442818184017028,0.06215697131575126,-135.5176239013672,93.37061309814453,-43.314273834228516,59.227752685546875,-8.516593933105469,20.944652557373047,-6.532815933227539,21.88986587524414,-18.970129013061523,17.050317764282227,-15.88487720489502,11.082777976989746,-18.488880157470703,75.96585083007812,26.912565231323242,26.675430297851562,14.958769798278809,11.596002578735352,11.740578651428223,12.60183048248291,9.657580375671387,9.029568672180176,8.626667022705078,8.647958755493164,6.834671974182129,7.719743251800537,metal,metal.00045.wav
117.45383522727273,2795.6746741322545,309.1106570391674,2321.7588424214873,168.50286302846928,5455.575344215606,546.7082041685619,0.16373219209558823,0.03061478256156244,0.3734971880912781,79.70632934570312,-30.638967514038086,61.075767517089844,-17.464641571044922,26.69574546813965,-21.25828742980957,22.35318946838379,-13.023765563964844,17.867393493652344,-13.381072998046875,19.257633209228516,-10.976208686828613,18.342941284179688,13.604647636413574,10.3467378616333,9.796274185180664,7.157072067260742,7.794187545776367,6.9568586349487305,5.511573791503906,6.179686546325684,5.684045314788818,5.341577529907227,5.390104293823242,5.282019138336182,metal,metal.00046.wav
103.359375,2908.260266485554,392.34136519341524,2286.246871539177,246.42670705755125,5405.6423128204815,789.7573909565023,0.17811948227070434,0.0419342925437274,-1.9254101514816284,72.695556640625,-32.789642333984375,63.59203338623047,-18.557952880859375,25.872955322265625,-13.854104995727539,18.06438446044922,-11.945405960083008,19.6575927734375,-13.961471557617188,18.73766326904297,-11.190176010131836,21.864131927490234,17.48116111755371,15.588287353515625,10.552214622497559,8.350726127624512,8.003210067749023,8.908933639526367,7.444478511810303,7.3769073486328125,6.859674453735352,6.7190842628479,7.209657669067383,6.249599933624268,metal,metal.00047.wav
107.666015625,2889.2745891447994,289.32893924117764,2337.500799495277,199.5109449717343,5485.266831341912,630.43600301289,0.17660928732101394,0.027827149127935137,9.61259937286377,76.3458251953125,-31.27543830871582,56.88774490356445,-20.739660263061523,27.254444122314453,-16.64427947998047,19.372135162353516,-13.9225492477417,19.669509887695312,-16.064048767089844,17.490234375,-12.9599609375,20.74139404296875,12.514660835266113,11.986064910888672,10.659914016723633,9.100349426269531,7.834311485290527,7.987968444824219,7.3917236328125,6.906096935272217,6.458469867706299,6.4002532958984375,6.703824996948242,5.794852256774902,metal,metal.00048.wav
99.38401442307692,2980.160116271462,294.97243433532793,2297.4092335076393,191.47025042962187,5461.808639857053,591.6350501444825,0.19402490385545665,0.027590839471126585,10.011059761047363,74.12017822265625,-32.231590270996094,62.77232360839844,-23.324920654296875,30.02840805053711,-14.876240730285645,20.15312957763672,-12.14114761352539,19.180307388305664,-14.977438926696777,18.800048828125,-12.27863597869873,16.042882919311523,12.82811450958252,13.106926918029785,10.079813003540039,7.792864799499512,7.860208034515381,7.800622940063477,6.372035026550293,6.346169948577881,6.343737602233887,6.0587873458862305,6.6278557777404785,5.5470147132873535,metal,metal.00049.wav
112.34714673913044,2987.2017926625704,324.65469346032376,2408.7557346459994,238.24920412675672,5629.0576285253,720.0182632214642,0.17751366582817338,0.02933066742797598,16.498144149780273,71.17402648925781,-22.34383773803711,60.27359390258789,-18.556434631347656,27.622684478759766,-12.4092435836792,16.955913543701172,-8.733989715576172,17.861543655395508,-13.475232124328613,18.930727005004883,-11.02466106414795,20.430871963500977,13.278940200805664,13.791038513183594,11.196410179138184,9.730470657348633,8.227986335754395,8.9174222946167,7.348609924316406,7.821766376495361,7.182276248931885,7.385400772094727,7.079338550567627,6.814739227294922,metal,metal.00050.wav
107.666015625,3401.339372945473,425.98791960022675,2458.6986699147983,221.90934132512038,6163.937727511851,690.3635400352817,0.2284702738003096,0.048721283233463204,9.626441955566406,54.66244888305664,-21.025985717773438,60.16081619262695,-21.065937042236328,32.140621185302734,-15.826891899108887,21.457956314086914,-8.718100547790527,19.355714797973633,-12.387803077697754,19.743501663208008,-10.803767204284668,21.41148567199707,16.08148956298828,14.865793228149414,12.21329402923584,9.327725410461426,9.02991771697998,8.463777542114258,8.602928161621094,6.964868068695068,8.658456802368164,6.603665828704834,8.26126480102539,6.998815059661865,metal,metal.00051.wav
161.4990234375,2716.8331745213422,508.95153807286016,2208.6739200618445,355.7956871628839,5122.777356599507,1015.4916192854874,0.16221897373258515,0.04552426642134411,4.0075812339782715,83.27434539794922,-37.258846282958984,62.33454513549805,-14.855902671813965,23.40530014038086,-10.465683937072754,16.790586471557617,-7.9484052658081055,16.296947479248047,-11.256233215332031,13.319225311279297,-7.81800651550293,45.70741653442383,22.852447509765625,20.772804260253906,16.5728816986084,11.993284225463867,10.066869735717773,9.816435813903809,9.159383773803711,8.929083824157715,8.293628692626953,7.348145484924316,7.408377647399902,6.757544994354248,metal,metal.00052.wav
123.046875,2906.8537059020937,345.0483055539061,2374.6262223434837,216.2310869124205,5519.324958730408,667.7813872080844,0.17261573626160992,0.03428760584440443,4.940333843231201,75.07083892822266,-24.73708152770996,57.0108528137207,-21.782840728759766,26.0488338470459,-12.566024780273438,17.441984176635742,-10.243249893188477,18.605541229248047,-13.024873733520508,18.95309829711914,-9.702420234680176,18.475332260131836,13.088020324707031,12.925963401794434,10.718158721923828,8.854995727539062,8.290543556213379,8.4393310546875,6.764162063598633,7.425802230834961,6.494113445281982,7.139200687408447,6.398954391479492,6.598585605621338,metal,metal.00053.wav
123.046875,3114.329793935282,396.8193168235962,2411.5957201103206,192.53915369820965,5830.064746396091,680.2068835588009,0.19579171101006193,0.04071171129673747,1.1746387481689453,66.648681640625,-23.702896118164062,60.94436264038086,-18.885221481323242,29.74541664123535,-17.549291610717773,21.030996322631836,-11.19126033782959,18.80836296081543,-13.06593132019043,19.950944900512695,-10.563494682312012,18.551454544067383,13.86069107055664,12.915202140808105,9.73598861694336,7.9553141593933105,8.30026912689209,8.052255630493164,6.762246608734131,6.896210670471191,6.8531975746154785,6.163171768188477,6.40588903427124,5.579185485839844,metal,metal.00054.wav
172.265625,3108.6767565401215,328.05227641413506,2361.285861644137,215.73012860243475,5699.065538530379,635.755038167625,0.19692586892898606,0.033532613558509075,10.467679977416992,63.715049743652344,-28.434465408325195,62.60122299194336,-19.601041793823242,28.823448181152344,-15.230561256408691,19.29732894897461,-10.699569702148438,18.856491088867188,-12.712320327758789,18.030092239379883,-10.830204010009766,21.98960304260254,13.359086990356445,14.227252006530762,12.586430549621582,9.564705848693848,8.562785148620605,8.091056823730469,7.917299270629883,7.244385719299316,7.704575538635254,6.596762657165527,7.471556186676025,6.661919593811035,metal,metal.00055.wav
107.666015625,3010.8123920844464,352.42203041587356,2386.8322619411997,221.07551193620236,5633.407602221604,692.5297146163165,0.17932884759578174,0.034958637192691384,11.974039077758789,69.42491912841797,-23.26604461669922,60.7076301574707,-20.82064437866211,25.098285675048828,-16.19551658630371,15.557082176208496,-10.503490447998047,18.7784366607666,-13.38760757446289,17.373083114624023,-11.05994701385498,19.99114990234375,14.221780776977539,14.240273475646973,11.084953308105469,9.098779678344727,7.885867595672607,7.8431620597839355,8.189291954040527,7.458544731140137,8.026811599731445,6.565584659576416,7.133420944213867,6.017637729644775,metal,metal.00056.wav
129.19921875,2718.481020565502,494.9103439215778,2270.645535830712,311.80528733542025,5227.210058442579,995.5580614139358,0.14377388496517027,0.04153456396144725,-24.911848068237305,77.54362487792969,-30.417301177978516,68.36966705322266,-6.5246429443359375,24.694499969482422,-9.80585765838623,19.51862335205078,-11.461867332458496,18.59208106994629,-14.161356925964355,14.44835376739502,-5.9202141761779785,38.854248046875,20.69769287109375,17.906856536865234,12.974328994750977,9.383935928344727,8.52197551727295,10.428828239440918,8.659936904907227,8.293508529663086,7.575753211975098,6.79641580581665,7.254415512084961,7.278092384338379,metal,metal.00057.wav
143.5546875,2459.3807747248898,359.69513909818687,2221.3829014466087,208.81314794009356,5024.202952665441,801.6322608955717,0.1428422957381966,0.034063371145174125,-15.687385559082031,100.0982666015625,-37.590457916259766,45.97100067138672,-20.77373695373535,25.637006759643555,-18.643869400024414,26.51662254333496,-20.163169860839844,21.129619598388672,-13.64913272857666,10.978789329528809,-15.535992622375488,18.379215240478516,13.598681449890137,13.127217292785645,11.228865623474121,9.332348823547363,7.326930046081543,7.078005313873291,5.885647773742676,7.124575138092041,6.660345077514648,5.964277744293213,6.713752746582031,6.1818318367004395,metal,metal.00058.wav
99.38401442307692,2442.6700033077755,295.87733248608464,2102.9788876670614,173.82382110346714,4728.971404556889,608.7208878616681,0.14985396913699692,0.032892969553277515,-15.622626304626465,99.1316909790039,-45.62268829345703,55.0214729309082,-18.016517639160156,23.8904972076416,-19.60334014892578,27.334909439086914,-15.099960327148438,18.792261123657227,-16.151487350463867,9.215641021728516,-16.21818733215332,18.99273109436035,12.81077766418457,11.64542007446289,8.398442268371582,5.475198268890381,6.724118709564209,6.003735542297363,6.305768013000488,5.544669151306152,5.638742923736572,4.798644542694092,6.818447589874268,4.997323989868164,metal,metal.00059.wav
89.10290948275862,2315.8697989887996,338.9483509117249,2066.663280190379,192.71844049472233,4616.630417200803,648.3728869926706,0.13954412974071206,0.04014624339534633,-58.221923828125,105.82452392578125,-43.90766906738281,58.44156265258789,-18.440866470336914,27.96586036682129,-17.969337463378906,21.048120498657227,-15.550261497497559,13.395051002502441,-15.685903549194336,9.36444091796875,-15.323451042175293,23.826644897460938,14.424566268920898,14.058177947998047,6.965549468994141,7.500897407531738,7.186080455780029,6.1316375732421875,6.161526203155518,5.8738579750061035,5.572424411773682,4.973313331604004,5.153568267822266,5.6754560470581055,metal,metal.00060.wav
107.666015625,2709.5400662447228,457.8542612683631,2194.487062440739,241.841956207088,5081.527606031105,915.5491825278981,0.16644079249709753,0.046304033099206235,-74.11552429199219,80.12188720703125,-46.98442077636719,51.019859313964844,-9.1384916305542,31.765640258789062,-6.376152038574219,24.855520248413086,-19.142608642578125,20.790122985839844,-11.669212341308594,13.848666191101074,-16.4748592376709,28.268850326538086,16.8298282623291,15.436471939086914,9.289506912231445,8.111949920654297,9.429327964782715,9.961882591247559,6.811250686645508,7.96579122543335,6.7923688888549805,6.8007659912109375,5.682188510894775,5.93461275100708,metal,metal.00061.wav
117.45383522727273,2269.195809921602,368.61254545476453,1928.8258972738686,297.5013600020522,4186.549684506821,852.6695707823152,0.13738125544214397,0.032912748338111274,-100.42864990234375,104.687255859375,-57.25812530517578,56.59077453613281,-5.536773681640625,22.83633041381836,-6.167543411254883,23.09093475341797,-19.06918716430664,17.792306900024414,-13.767807960510254,9.958694458007812,-14.84881591796875,36.42410659790039,19.860898971557617,18.153837203979492,10.6220121383667,9.65655517578125,10.067052841186523,10.509502410888672,8.879830360412598,7.083708763122559,7.22135066986084,6.917023181915283,7.078603267669678,6.987612724304199,metal,metal.00062.wav
129.19921875,2463.4494582050966,350.99651047790064,2037.3001787840026,229.85358562621016,4547.580834734182,846.8242172121879,0.15180860584365324,0.03138911017468492,-93.5913314819336,89.8940200805664,-55.90269470214844,51.637325286865234,-5.558395862579346,28.777814865112305,-13.89287281036377,27.350772857666016,-15.316164016723633,22.82941246032715,-12.410712242126465,9.704985618591309,-19.730850219726562,26.505285263061523,15.28083324432373,12.462173461914062,7.456674575805664,8.191659927368164,8.468880653381348,7.558359622955322,7.429610252380371,7.810677528381348,6.729485511779785,6.3078532218933105,5.837323188781738,6.033308506011963,metal,metal.00063.wav
95.703125,2683.329925042629,588.4692820873673,2126.7478903554274,409.7967996057234,4972.6949307940695,1244.8414965642946,0.17731298676954335,0.06290043957582503,-110.87448120117188,83.18675994873047,-45.257423400878906,56.5964241027832,-7.492354393005371,19.979755401611328,-13.402860641479492,21.21897315979004,-15.71973991394043,18.087411880493164,-18.127010345458984,12.930389404296875,-17.241710662841797,66.38388061523438,24.67971420288086,29.907115936279297,13.119437217712402,13.614669799804688,11.36033821105957,12.85754680633545,9.24393367767334,9.53701114654541,7.451817989349365,6.643802165985107,6.2211785316467285,7.8790483474731445,metal,metal.00064.wav
117.45383522727273,2760.3423816837835,462.7111995761409,2242.7379917564754,277.49865211046773,5260.1848590484715,986.0967886432416,0.17124877551760836,0.04077768209285232,-86.27023315429688,76.75910949707031,-42.35627365112305,53.99910354614258,-8.3302583694458,29.407861709594727,-7.908730506896973,26.661462783813477,-14.234940528869629,18.466794967651367,-17.955867767333984,9.869915962219238,-19.038646697998047,29.709558486938477,19.646343231201172,16.928380966186523,9.83890438079834,8.776469230651855,9.119325637817383,10.09377670288086,7.484090328216553,8.915535926818848,6.742629051208496,6.412893772125244,5.724736213684082,6.1525115966796875,metal,metal.00065.wav
61.5234375,2389.4350405557316,604.904232379294,2027.283197639479,345.1353626206591,4448.281435184065,1111.4386374074415,0.1442818184017028,0.06215697131575126,-135.5176239013672,93.37061309814453,-43.314273834228516,59.227752685546875,-8.516593933105469,20.944652557373047,-6.532815933227539,21.88986587524414,-18.970129013061523,17.050317764282227,-15.88487720489502,11.082777976989746,-18.488880157470703,75.96585083007812,26.912565231323242,26.675430297851562,14.958769798278809,11.596002578735352,11.740578651428223,12.60183048248291,9.657580375671387,9.029568672180176,8.626667022705078,8.647958755493164,6.834671974182129,7.719743251800537,metal,metal.00066.wav
135.99917763157896,2254.451747982022,426.1423508917872,2070.908728642475,256.09187245390217,4381.173507643189,825.5999458547627,0.12015875943304953,0.03841475963498382,-82.50125885009766,97.3441162109375,-34.37358474731445,71.40592193603516,-3.2831826210021973,17.367372512817383,-9.023832321166992,16.011180877685547,-19.003856658935547,12.078761100769043,-9.568191528320312,13.949616432189941,-14.460562705993652,38.68496322631836,17.98457908630371,17.42698860168457,13.737236976623535,9.27588939666748,9.197813987731934,9.217803955078125,7.645685195922852,7.793827533721924,6.778283596038818,7.381631851196289,7.547255516052246,7.068292140960693,metal,metal.00067.wav
161.4990234375,2302.7150351085147,455.3913725765425,2069.410699884745,264.1206015343513,4598.97219064435,861.6403720479927,0.13075015419407895,0.0418494982610602,-99.92597198486328,106.37654876708984,-40.69356918334961,52.71699142456055,-20.75264549255371,25.27851676940918,-11.83483600616455,22.090795516967773,-12.473095893859863,13.77430248260498,-14.384913444519043,15.974963188171387,-11.7249755859375,61.73345184326172,22.206401824951172,16.769615173339844,11.760927200317383,14.951729774475098,10.342812538146973,10.15097713470459,8.14892864227295,8.665711402893066,7.5395073890686035,7.2608208656311035,6.909253120422363,6.405240058898926,metal,metal.00068.wav
161.4990234375,1741.2304486142502,426.4123631777504,2098.6378220485844,274.73359864852847,4110.21681274792,879.5386424169383,0.05379181380611455,0.02598138017131214,-111.63196563720703,111.15151977539062,-10.673633575439453,69.675048828125,-4.912428379058838,29.834531784057617,-10.388691902160645,21.257766723632812,-6.639108657836914,20.084321975708008,-7.234053134918213,16.228864669799805,-10.118009567260742,39.68113327026367,18.79007339477539,15.004061698913574,10.398025512695312,9.922600746154785,7.781175136566162,8.834816932678223,6.569272994995117,7.671962261199951,5.9004693031311035,6.169133186340332,6.9646220207214355,6.70305061340332,metal,metal.00069.wav
117.45383522727273,2742.97005055359,698.1091246529176,2450.8153919409297,318.20493329873506,5626.015980251064,1151.4900529422114,0.14287668706462847,0.06221136365525387,-197.24267578125,74.13582611083984,-10.73293399810791,54.719276428222656,-7.598918437957764,18.415987014770508,-18.87796974182129,11.60135269165039,-14.567999839782715,18.417076110839844,-16.479150772094727,12.569828987121582,-10.47082233428955,62.46429443359375,29.539188385009766,27.103801727294922,15.705574989318848,10.88322639465332,13.109472274780273,8.978507041931152,11.529297828674316,8.344440460205078,8.211419105529785,8.39573860168457,7.966204643249512,8.04552936553955,metal,metal.00070.wav
86.1328125,2808.0046134374647,508.4678276780027,2407.491842048223,209.59236920201934,5674.13235596459,795.5374186267095,0.15380519241002322,0.05464209441438135,-78.64667510986328,80.88037872314453,-24.58921241760254,47.0252799987793,-23.75067901611328,27.423234939575195,-17.42961883544922,22.27152442932129,-13.534701347351074,21.574050903320312,-11.100493431091309,15.586864471435547,-9.705411911010742,64.06353759765625,19.08905029296875,14.80460262298584,11.63354206085205,10.051323890686035,8.44522762298584,9.360708236694336,8.591270446777344,7.159951210021973,8.881875991821289,7.314116954803467,6.167123317718506,7.360692024230957,metal,metal.00071.wav
123.046875,2340.03096955969,351.7744667220858,2151.9911700360226,164.60559807692408,4708.263196443257,581.1244062346741,0.11682733588912539,0.03924978151689941,-35.211856842041016,93.95565795898438,-35.18496322631836,62.78997039794922,-11.732125282287598,26.993427276611328,-10.765925407409668,24.075376510620117,-13.050642013549805,13.600350379943848,-12.423314094543457,13.567938804626465,-12.2533597946167,19.337007522583008,15.385416030883789,11.364409446716309,9.991433143615723,7.067110538482666,5.9200119972229,6.987227439880371,5.5477681159973145,6.241124629974365,6.394541263580322,5.985916614532471,5.654648303985596,5.829442501068115,metal,metal.00072.wav
143.5546875,2642.032925778633,539.0793332753652,2461.1191861458697,326.209746198905,5566.866337920859,1108.108540117024,0.12134280367163312,0.04278340857391909,2.765819787979126,77.06904602050781,-17.56217384338379,57.96926498413086,0.7340003252029419,28.834630966186523,-7.862348556518555,27.621089935302734,-13.553444862365723,17.290193557739258,-7.578150749206543,13.043516159057617,-8.747499465942383,32.013675689697266,20.526947021484375,16.434717178344727,14.394777297973633,12.072335243225098,11.041067123413086,9.592121124267578,9.01855754852295,7.823247909545898,7.901834487915039,7.386563777923584,7.267323970794678,6.896183013916016,metal,metal.00073.wav
123.046875,2723.644292308425,610.9513332705817,2399.629391000356,273.0133101901854,5495.000105819466,915.3875096853604,0.13497272881191952,0.05791138186429692,-201.17037963867188,76.82514953613281,-14.830625534057617,68.75314331054688,-12.952949523925781,36.95549011230469,-10.982540130615234,23.68573570251465,-12.256572723388672,16.67241859436035,-11.068587303161621,15.556434631347656,-11.184572219848633,39.06687545776367,22.553808212280273,15.965006828308105,16.809146881103516,10.250956535339355,9.543322563171387,9.483077049255371,9.202091217041016,8.11419677734375,6.333637237548828,8.222723960876465,6.453765392303467,5.355320453643799,metal,metal.00074.wav
112.34714673913044,2068.6843930292544,624.2083033944785,2199.3695655238575,394.7875093093027,4439.356489151993,1356.2117249022692,0.08889326443982198,0.03932209341487458,-40.462825775146484,105.28376770019531,-14.121418952941895,54.854095458984375,-1.1847331523895264,20.078170776367188,-11.686579704284668,22.17769432067871,-10.237689971923828,14.195451736450195,-6.912578105926514,13.34514045715332,-9.254658699035645,57.314613342285156,24.488649368286133,21.810396194458008,12.494402885437012,10.979187965393066,10.983853340148926,8.446405410766602,10.571004867553711,6.794979095458984,7.943604469299316,7.149290084838867,6.363487243652344,6.417046546936035,metal,metal.00075.wav
143.5546875,2792.6902805308296,435.06992153430053,2250.7753981057467,311.3836126190787,5321.717820300406,854.2037333776622,0.16254058932372292,0.053563896863959425,-100.87203979492188,76.13174438476562,-29.54094696044922,69.70768737792969,-17.33968734741211,21.392005920410156,-12.921216011047363,22.00493812561035,-9.841376304626465,18.42426109313965,-12.037166595458984,8.981180191040039,-20.8742618560791,39.57701873779297,16.170385360717773,22.232559204101562,7.481205940246582,10.033609390258789,10.351524353027344,7.320001125335693,10.04733943939209,7.262570858001709,9.075451850891113,6.187145233154297,8.880472183227539,5.1784539222717285,metal,metal.00076.wav
151.99908088235293,2741.0869522297985,350.95887831849666,2302.1472961847467,206.60599289749476,5409.3672902960525,639.0543203487107,0.15998467129450464,0.034730606650250746,-42.029930114746094,86.99800109863281,-27.519882202148438,62.607791900634766,-27.020549774169922,32.348594665527344,-18.955394744873047,22.13898277282715,-14.33113956451416,19.516881942749023,-10.9707670211792,16.759538650512695,-12.395560264587402,23.059823989868164,14.107368469238281,15.242867469787598,11.908623695373535,10.47287368774414,8.5153169631958,9.09521198272705,5.675023078918457,7.050562858581543,6.98184871673584,6.717621326446533,7.604395389556885,7.76138162612915,metal,metal.00077.wav
99.38401442307692,2815.480455068502,603.3313913043006,2548.1294283251427,321.6697004911645,5898.380999963719,1113.0513835918962,0.13186541577979877,0.046354466994245974,-1.6504898071289062,73.40672302246094,-15.897675514221191,55.80284881591797,-1.921775460243225,34.024566650390625,-8.336319923400879,32.76787567138672,-9.721336364746094,20.836997985839844,-9.04139518737793,13.956027030944824,-9.598966598510742,35.5355339050293,20.552223205566406,17.171262741088867,14.649489402770996,10.042706489562988,10.99954605102539,10.167778968811035,9.860453605651855,8.89890193939209,7.458768367767334,7.418883800506592,7.525738716125488,6.841570854187012,metal,metal.00078.wav
123.046875,2710.046718960874,497.4285297847698,2264.0402290649054,260.3963779996499,5322.6094815753195,887.0611077594847,0.14390615929760062,0.04460432236376251,-74.93043518066406,79.14185333251953,-40.91248321533203,54.72062301635742,-9.683361053466797,37.261474609375,-14.976004600524902,20.9373722076416,-17.431297302246094,16.582231521606445,-11.095816612243652,15.470193862915039,-11.143388748168945,39.49907684326172,20.35201072692871,16.340795516967773,9.370261192321777,10.36622428894043,8.934744834899902,8.777806282043457,8.34245777130127,7.421493053436279,7.298416614532471,7.157719612121582,7.229488849639893,6.674779415130615,metal,metal.00079.wav
161.4990234375,2848.182022368144,557.1465748152863,2497.6560434938174,220.39892585608965,5930.589138538845,796.6199814903944,0.14412119956946595,0.053472713662802505,-73.53079223632812,74.63623809814453,-16.441614151000977,55.65842056274414,-7.735835075378418,36.544734954833984,-18.30474853515625,27.83493995666504,-11.930488586425781,20.06295394897461,-11.35605239868164,14.714357376098633,-7.291873455047607,46.7122917175293,18.717206954956055,15.37318229675293,11.256451606750488,9.446285247802734,8.751660346984863,7.884079456329346,6.848496913909912,6.907033443450928,7.072696685791016,7.354267120361328,5.969088554382324,7.325321674346924,metal,metal.00080.wav
151.99908088235293,2138.240246747415,311.28841269550765,1970.6705014339857,203.5688223234793,4201.149596223152,729.8703057991943,0.12199056997387771,0.02780910931415909,-19.13578224182129,118.84263610839844,-52.17037582397461,42.7120475769043,-21.577301025390625,27.6951847076416,-14.619277000427246,27.023914337158203,-17.13873863220215,18.976408004760742,-10.77082633972168,9.391385078430176,-4.6610589027404785,29.838279724121094,15.492213249206543,11.591302871704102,6.857572555541992,7.748234272003174,6.5218505859375,6.83671236038208,5.8038177490234375,5.952451705932617,6.3543877601623535,5.326749324798584,6.666236877441406,6.4663543701171875,metal,metal.00081.wav
123.046875,2378.392047570882,306.57760441161656,2092.439556858862,182.47580927903763,4748.562952756143,535.3150117600867,0.1413173616486068,0.03138005003061785,-57.683387756347656,101.43231964111328,-41.48524475097656,55.13059997558594,-23.349279403686523,28.151098251342773,-12.139104843139648,18.150203704833984,-15.429839134216309,11.888646125793457,-10.803694725036621,9.394469261169434,-12.284427642822266,27.860124588012695,14.473036766052246,13.40025520324707,10.443532943725586,8.01297378540039,7.6187872886657715,8.609479904174805,7.28623104095459,8.934351921081543,7.035791397094727,7.662575721740723,6.18770694732666,6.645998001098633,metal,metal.00082.wav
117.45383522727273,2340.7560584493326,543.9988048160636,2140.301219248904,301.36631488841834,4715.921483467976,1046.2329633091706,0.1229134668875774,0.04477491393495899,-29.364521026611328,101.90518951416016,-29.13861083984375,69.73786163330078,-16.19940948486328,19.44755744934082,-18.34846305847168,19.07645606994629,-18.298919677734375,15.284217834472656,-8.2564697265625,2.497313976287842,-14.802310943603516,31.548242568969727,25.684911727905273,14.779772758483887,11.119851112365723,7.831397533416748,7.145244598388672,7.3512067794799805,7.0218377113342285,7.055080413818359,7.370375156402588,7.110327243804932,7.029693603515625,5.534217834472656,metal,metal.00083.wav
151.99908088235293,2522.6734734695337,486.45628537568257,2276.0092934078225,340.31069845838056,5089.835889125387,1012.8171162172604,0.13858495186726005,0.0459573222247587,0.29729411005973816,94.16095733642578,-32.389198303222656,45.457828521728516,-15.206418991088867,25.88822364807129,-12.407600402832031,19.62569236755371,-6.809361934661865,17.237934112548828,-12.9938325881958,13.681172370910645,-8.694562911987305,43.894676208496094,20.21335220336914,16.43268585205078,13.070186614990234,11.786978721618652,9.855779647827148,11.426939964294434,8.768980979919434,8.374451637268066,8.155951499938965,8.650049209594727,6.795361518859863,7.754730701446533,metal,metal.00084.wav
103.359375,2647.051996452653,429.77182497598477,2256.5629950023,243.3243908916812,5304.93458845298,735.7915173555068,0.15778135884287925,0.039394280650209876,-46.61735153198242,86.81587219238281,-34.77482986450195,49.901302337646484,-18.186410903930664,28.723974227905273,-23.486286163330078,15.659388542175293,-8.936177253723145,10.59855842590332,-18.183574676513672,12.444950103759766,-13.55495548248291,39.040931701660156,20.037561416625977,15.282176971435547,11.694448471069336,9.032031059265137,7.761654376983643,9.602272033691406,8.516633033752441,11.329256057739258,8.880241394042969,7.935392379760742,7.257486820220947,6.572031497955322,metal,metal.00085.wav
123.046875,2629.0107378061284,463.88704740549383,2248.2361500739767,245.22117830173926,5189.310287617309,844.6120911710613,0.15904401182759287,0.04622086101012997,-96.30450439453125,90.98214721679688,-32.24460220336914,54.340145111083984,-23.049861907958984,27.70753288269043,-16.949060440063477,21.061527252197266,-18.193655014038086,22.60833740234375,-9.001288414001465,14.274060249328613,-11.000205993652344,35.29363250732422,17.19564437866211,17.885568618774414,11.212100982666016,11.264564514160156,10.013903617858887,9.472061157226562,7.578806400299072,7.043691158294678,8.28962516784668,6.937247276306152,6.972215175628662,6.899392604827881,metal,metal.00086.wav
95.703125,3338.669549044171,414.80344352225546,2697.0449706569257,214.01033491300436,6670.7596628289475,596.6103700337253,0.18681330725135448,0.043127939458850975,22.81381607055664,60.819091796875,-6.410772800445557,53.192283630371094,-13.250526428222656,27.924463272094727,-14.31942367553711,29.694120407104492,-17.342933654785156,20.313676834106445,-9.746160507202148,17.13395881652832,-8.265369415283203,27.287805557250977,16.182209014892578,16.276596069335938,15.321341514587402,12.684638023376465,9.930459976196289,10.347332954406738,11.076404571533203,8.49869441986084,9.295365333557129,8.56519889831543,7.870638847351074,6.795932769775391,metal,metal.00087.wav
117.45383522727273,1988.1097637793819,581.1640816681172,1986.987105802868,369.5697054582386,4148.1665832708495,1153.4752530480832,0.09242007606907894,0.046078544822066386,-129.7239227294922,104.04530334472656,-26.97124481201172,68.26852416992188,2.4256184101104736,22.60460090637207,-12.102456092834473,17.05898666381836,-5.673137187957764,13.6705904006958,-2.8124678134918213,5.3755269050598145,-3.0072357654571533,69.71202850341797,27.40814971923828,26.213003158569336,12.272899627685547,16.834293365478516,13.788033485412598,13.70757007598877,9.320587158203125,10.472977638244629,9.20590591430664,9.388442039489746,8.449158668518066,9.548783302307129,metal,metal.00088.wav
151.99908088235293,1443.9436096106106,384.50675488480573,1726.935516744757,233.27545968553397,3286.646792763158,702.9854598311964,0.046570013182082044,0.026461036518032114,-90.70469665527344,128.0314483642578,-34.76201629638672,73.75540924072266,4.335819244384766,28.097118377685547,-0.5283839702606201,17.35628890991211,4.389689922332764,12.314993858337402,2.270378828048706,5.679951190948486,-6.7684245109558105,45.989524841308594,14.449624061584473,12.720187187194824,9.76616096496582,10.36514663696289,5.916976451873779,7.529099941253662,6.634898662567139,9.952163696289062,6.603883743286133,7.331851005554199,7.317492961883545,5.967521667480469,metal,metal.00089.wav
89.10290948275862,2141.760929048819,475.1980637008336,2217.392132662726,252.2889512234976,4682.913349730312,898.2631455757955,0.08467824835526316,0.04223389435433258,-93.48880004882812,100.64778137207031,-23.369590759277344,52.49628829956055,-7.74951171875,39.587459564208984,-7.775391578674316,26.730106353759766,-12.477862358093262,11.733406066894531,-10.556070327758789,23.026805877685547,-9.961858749389648,30.071651458740234,19.380346298217773,15.042407989501953,10.607277870178223,6.876237392425537,7.140822887420654,7.405914783477783,5.915637969970703,6.992237091064453,6.708984851837158,6.248296737670898,7.847937107086182,7.737921714782715,metal,metal.00090.wav
92.28515625,2323.780312899506,465.26320110813157,2263.9213905015763,204.93340164633813,5018.994650825996,758.6484731312298,0.12008733129353716,0.04621244200679884,-96.65605926513672,101.724853515625,-16.843751907348633,47.31169509887695,-27.082908630371094,28.275732040405273,-17.2005558013916,21.652477264404297,-17.890527725219727,7.018766403198242,-14.618828773498535,15.222269058227539,-16.00571632385254,41.8042106628418,19.227624893188477,16.539077758789062,10.731048583984375,10.097620964050293,9.530476570129395,7.903937816619873,6.446740627288818,7.1661787033081055,7.252163887023926,8.574202537536621,6.736588478088379,6.78281831741333,metal,metal.00091.wav
117.45383522727273,2090.459458437368,413.7480158038904,2065.260132575707,269.60294200691754,4393.290101042473,840.7005725457851,0.09332936762287151,0.03304677934461374,-67.8962631225586,108.9341049194336,-33.84925842285156,50.50245666503906,-21.373014450073242,21.50031852722168,-14.890105247497559,11.634114265441895,-19.267108917236328,10.540525436401367,-13.92236042022705,5.562826156616211,-14.43623161315918,27.934627532958984,18.26516342163086,16.22344207763672,13.83700942993164,10.169046401977539,9.84349536895752,10.532866477966309,8.507379531860352,7.6374287605285645,7.3585920333862305,6.969440937042236,6.724137306213379,6.2075114250183105,metal,metal.00092.wav
172.265625,2644.8797461791337,293.73153036381746,2268.0800473393033,118.97279506732959,5176.952029012674,357.01748698208564,0.14164653577302633,0.039843251002779204,-104.97825622558594,80.70867156982422,-28.53383445739746,66.80076599121094,-20.70402717590332,29.119020462036133,-9.355721473693848,22.35357666015625,-12.043807983398438,13.592498779296875,-14.734193801879883,11.049199104309082,-15.269818305969238,21.56201934814453,12.061659812927246,9.875605583190918,8.282832145690918,8.885112762451172,6.569832801818848,8.315064430236816,6.782926082611084,6.460245132446289,4.903767108917236,4.923523426055908,5.4211578369140625,4.448352813720703,metal,metal.00093.wav
161.4990234375,2707.5423665716226,664.737744329241,2235.0475160780124,267.9010624977483,5292.017999891157,991.1918991017625,0.16091248125483745,0.05765645595689141,-104.68675994873047,87.7356948852539,-33.24212646484375,48.45683288574219,-28.924985885620117,22.513729095458984,-24.994108200073242,20.53480339050293,-12.077210426330566,18.256620407104492,-15.190194129943848,10.294037818908691,-13.897688865661621,53.59919357299805,28.226337432861328,19.09928321838379,20.41241455078125,12.766663551330566,11.384146690368652,10.899120330810547,9.643584251403809,9.010953903198242,9.87909984588623,7.904412269592285,8.027454376220703,9.507820129394531,metal,metal.00094.wav
151.99908088235293,2445.203639101959,505.91999886076627,2330.736927615811,236.1440006792324,5191.393608353086,913.5452609720045,0.12103592722039473,0.04877973941713198,-35.348392486572266,94.13723754882812,-24.249738693237305,43.305694580078125,-16.374916076660156,29.515817642211914,-5.852855205535889,28.46188735961914,-13.956537246704102,13.7386474609375,-9.201020240783691,15.596586227416992,-8.491606712341309,35.472496032714844,17.881425857543945,14.02135181427002,10.976984977722168,10.011099815368652,8.648987770080566,7.96311092376709,6.972908020019531,7.055236339569092,6.829270839691162,6.504958152770996,5.728048324584961,5.803880214691162,metal,metal.00095.wav
161.4990234375,2493.9383740127623,664.5283209934788,2286.39257382821,333.79061616581,5105.485794492551,1117.3038465834977,0.12823996529121517,0.05962516606316832,-51.58415222167969,86.15931701660156,-20.28268051147461,59.051578521728516,-10.889932632446289,27.533498764038086,-11.254170417785645,23.941713333129883,-11.557459831237793,13.293803215026855,-9.016420364379883,13.90733528137207,-10.74036693572998,54.73273468017578,27.092775344848633,25.760019302368164,21.157058715820312,13.5830717086792,13.141522407531738,9.611672401428223,7.853727340698242,7.204378604888916,7.900567054748535,6.760066509246826,6.478633880615234,6.046745300292969,metal,metal.00096.wav
112.34714673913044,1983.2971581753839,578.6431282905457,2112.1199113500784,256.82865863332376,4241.324353291892,1107.299110589122,0.08620620585816563,0.04458004966640147,-82.15792083740234,98.2918472290039,-16.52199935913086,68.44801330566406,1.445263385772705,29.869274139404297,-5.275089263916016,24.399490356445312,-10.475003242492676,14.404364585876465,-7.892159938812256,10.02022933959961,-8.503235816955566,71.68411254882812,17.338287353515625,27.554222106933594,11.829541206359863,9.411877632141113,7.080157279968262,8.431147575378418,8.010889053344727,7.414507865905762,5.882170677185059,7.5144758224487305,6.293381690979004,6.7330322265625,metal,metal.00097.wav
151.99908088235293,2241.4549321413824,626.4224874124562,2115.725579999044,358.5591852059385,4490.681178798616,1256.6978040312893,0.11576498403637771,0.06058348059520881,-95.33910369873047,92.06636047363281,-28.061176300048828,52.79628372192383,-3.018975019454956,25.395771026611328,-6.13599157333374,20.098093032836914,-10.22387409210205,12.411142349243164,-8.27039623260498,11.69328784942627,-9.26838493347168,80.39797973632812,20.799217224121094,31.509775161743164,9.694730758666992,11.70337963104248,11.146255493164062,11.199109077453613,9.274662971496582,8.228487968444824,8.38158893585205,6.870101451873779,6.515477657318115,7.3594770431518555,metal,metal.00098.wav
143.5546875,2375.5535392574907,563.1633746741918,2231.7505281706153,260.8789931139666,4898.312047243857,979.0735229900434,0.1080065275493421,0.05655816828667865,-66.66678619384766,88.3671646118164,-27.544342041015625,53.177696228027344,-9.20226001739502,27.95931625366211,-8.114094734191895,26.286819458007812,-8.2391357421875,12.685690879821777,-7.130959987640381,13.688373565673828,-8.364937782287598,45.99176025390625,20.551071166992188,20.252775192260742,13.882438659667969,12.840461730957031,11.036678314208984,10.495586395263672,8.176743507385254,8.28890609741211,8.285693168640137,7.414457321166992,7.2735915184021,6.0291852951049805,metal,metal.00099.wav
89.10290948275862,3422.09468148469,1039.6893659171515,3409.811125578918,404.75954112162606,7953.293574188516,1643.937712490267,0.12676680715460525,0.09723434236558502,-94.53428649902344,55.664608001708984,29.260526657104492,27.047908782958984,20.063941955566406,1.1709084510803223,12.9537992477417,-0.799309492111206,8.872952461242676,-0.6761955618858337,-5.338356971740723,2.220707416534424,-4.614716053009033,64.58919525146484,24.89487648010254,18.041988372802734,17.127925872802734,11.851547241210938,14.991183280944824,11.671795845031738,12.727351188659668,10.935026168823242,11.213363647460938,9.844407081604004,8.603485107421875,8.450550079345703,pop,pop.00000.wav
107.666015625,3702.928030369771,1184.989973000642,3431.802175141902,423.69059012727183,8073.092849778686,1635.8014764226612,0.14947642039957432,0.0990904806192522,-59.20097732543945,45.28543472290039,36.858238220214844,15.686738014221191,15.643389701843262,1.6743940114974976,7.2945380210876465,8.814742088317871,5.8260087966918945,7.992021083831787,-2.2828497886657715,1.8962290287017822,-0.9197742938995361,73.69122314453125,37.95975875854492,29.93229866027832,22.24529266357422,18.28618812561035,18.143081665039062,14.82310676574707,13.684898376464844,13.744674682617188,12.162303924560547,10.647727012634277,10.407205581665039,10.783090591430664,pop,pop.00001.wav
83.35433467741936,3213.5168358111127,1003.4363437078443,3269.5960671771636,327.2138691633024,7423.94677507619,1566.6738093176045,0.11886851780185759,0.07595188838513403,-59.60712432861328,62.98234176635742,31.122060775756836,16.928890228271484,8.904488563537598,10.815333366394043,10.561758995056152,5.165958881378174,5.408297538757324,6.159944534301758,2.2780191898345947,4.254538059234619,4.125680446624756,53.94974136352539,24.429201126098633,13.46163558959961,12.489437103271484,10.174481391906738,10.595751762390137,9.109978675842285,7.474096775054932,7.421083450317383,8.087242126464844,7.969396114349365,7.955168724060059,8.325390815734863,pop,pop.00002.wav
92.28515625,1837.191501891123,887.6745857172928,2067.0125708404385,639.6008104797735,3671.0694682118324,1775.5591638684657,0.08535171367066563,0.04578306200615873,-125.90678405761719,126.61827850341797,-23.186908721923828,36.22425079345703,20.962921142578125,-1.1735235452651978,16.486766815185547,-3.6612226963043213,6.520490646362305,9.33726978302002,-6.409656047821045,3.880194664001465,-7.941657066345215,52.409385681152344,35.06127166748047,22.519086837768555,19.202363967895508,11.929417610168457,13.496407508850098,10.220704078674316,9.47461223602295,9.602685928344727,8.904088020324707,8.387746810913086,7.745118618011475,7.616781711578369,pop,pop.00003.wav
107.666015625,2753.2217697518786,847.5640128840067,2861.4105412456793,386.58170469536987,5986.188802335285,1644.149454789096,0.12376304602844428,0.07141076175717492,-20.901945114135742,83.24166870117188,5.04695987701416,16.37078857421875,9.402538299560547,-0.5629182457923889,4.051513195037842,6.209601879119873,9.122196197509766,5.865447044372559,-3.5055267810821533,-0.6387332677841187,-3.172269582748413,35.73585510253906,22.314619064331055,19.500038146972656,13.12812614440918,10.190034866333008,11.506551742553711,8.798370361328125,6.975225448608398,7.145418167114258,7.065821170806885,6.0064311027526855,6.209941864013672,5.875482082366943,pop,pop.00004.wav
172.265625,2290.0859207010612,741.806483892933,2435.9183882963516,445.02272090226796,4748.004622798955,1622.6129749380993,0.10678053345104489,0.04953827779448168,-113.61810302734375,90.01456451416016,-5.541343688964844,25.595474243164062,2.601149797439575,3.1922523975372314,1.1311811208724976,6.143718242645264,2.789379835128784,-1.8761603832244873,-7.119990825653076,-3.4417920112609863,-5.911004543304443,141.11212158203125,21.335235595703125,28.846839904785156,14.019283294677734,10.068848609924316,12.175942420959473,9.770110130310059,11.33413314819336,10.237753868103027,11.184412002563477,9.457594871520996,9.077446937561035,7.838726043701172,pop,pop.00005.wav
92.28515625,2125.4079876587084,851.6687155538492,2673.9246329139587,461.86069736186505,4979.028225830834,1901.4783883952482,0.06769535785119969,0.052067686155297964,-169.15084838867188,94.64078521728516,24.504722595214844,27.413869857788086,11.641731262207031,14.895840644836426,4.234471797943115,12.369024276733398,10.702795028686523,5.126412868499756,-0.3423665463924408,1.2547649145126343,-4.157588481903076,70.08313751220703,24.04303741455078,18.80087661743164,13.444351196289062,7.86894416809082,10.245577812194824,7.955986022949219,6.538520812988281,6.076168537139893,6.700258731842041,7.5193023681640625,6.713002681732178,6.893470287322998,pop,pop.00006.wav
129.19921875,1968.4064522146039,941.887881674113,2326.80098776959,702.7524150760107,4127.166710254209,2289.405875862171,0.08234492913119196,0.048819085661004534,-224.45635986328125,107.30908966064453,-1.5683283805847168,13.870830535888672,8.12395191192627,-9.378747940063477,8.120474815368652,9.29403305053711,9.099869728088379,6.025224208831787,-6.6545023918151855,2.0728166103363037,6.202076435089111,60.656532287597656,44.83396530151367,26.29122543334961,25.90540313720703,13.48531436920166,14.625292778015137,11.97937297821045,11.525248527526855,10.709238052368164,13.35814094543457,13.34619140625,14.158051490783691,15.475923538208008,pop,pop.00007.wav
172.265625,2885.3303652171926,987.4226000600132,3009.780057474386,376.9317408250776,6430.294450222524,1707.497266163451,0.1213038772252322,0.08898516427038436,-52.448246002197266,74.02206420898438,12.697417259216309,24.50034523010254,21.107900619506836,1.9049276113510132,6.7965569496154785,4.719959735870361,8.40647029876709,8.24699592590332,-2.2676541805267334,-1.2025365829467773,-2.677809953689575,47.099369049072266,24.540912628173828,25.259944915771484,12.67566204071045,10.911174774169922,12.077205657958984,9.226964950561523,7.734011650085449,8.271236419677734,7.492031574249268,7.757853984832764,6.920858860015869,6.332576751708984,pop,pop.00008.wav
107.666015625,3279.967331808209,724.4008544388793,3026.3931113810377,316.39771238569375,6953.21628818571,1199.9508894828382,0.17281943873355263,0.06553407755010623,-35.29734802246094,61.24724197387695,14.059666633605957,28.661287307739258,4.329987525939941,-1.349921464920044,-0.7904129028320312,5.12253999710083,5.352399826049805,1.2215204238891602,-7.257073402404785,-0.5168179273605347,0.21715888381004333,53.14826583862305,18.74015235900879,20.820878982543945,16.019121170043945,12.560507774353027,11.950361251831055,8.502556800842285,7.777920246124268,7.681041717529297,7.977799415588379,8.47948169708252,6.508701801300049,6.882351398468018,pop,pop.00009.wav
107.666015625,1901.4116456876454,872.2784608851965,2421.1106771081168,571.0578721689689,4192.274649888738,2008.3583876139294,0.06621728666795666,0.04725199819682986,-111.13056182861328,103.09619140625,10.9099702835083,34.34892654418945,22.343650817871094,17.86838150024414,6.8071393966674805,6.333683013916016,5.488653182983398,0.6188138127326965,0.33940017223358154,3.825078248977661,2.0442042350769043,68.31272888183594,33.39732360839844,16.218915939331055,16.019643783569336,11.143806457519531,11.311408042907715,10.465018272399902,8.05587387084961,7.348584175109863,8.256988525390625,7.915541172027588,7.487182140350342,7.152750492095947,pop,pop.00010.wav
184.5703125,2200.799680588226,748.9059639926676,2579.825496215232,457.4854789436591,4627.663683817483,1775.7391425046126,0.08712532350522446,0.05341270035424552,-240.68592834472656,97.10967254638672,0.4066188633441925,-0.26895490288734436,-10.47899341583252,-15.741311073303223,1.3906447887420654,-17.873804092407227,-9.08908748626709,-8.767288208007812,-14.260693550109863,-5.50178337097168,-8.36895751953125,52.61603927612305,31.37331199645996,20.78118324279785,18.745498657226562,14.143851280212402,11.626193046569824,12.253580093383789,12.91751766204834,10.640185356140137,9.475496292114258,8.994140625,9.740020751953125,11.501980781555176,pop,pop.00011.wav
99.38401442307692,2679.2839905691167,761.4806041844988,2661.8102808791496,438.58740173406966,5533.6998718072755,1657.500294200046,0.12593423471362228,0.057999375041057045,-50.853858947753906,80.22756958007812,-9.293903350830078,20.294153213500977,12.10611343383789,6.784271240234375,6.279613494873047,3.4291553497314453,-3.9568374156951904,2.5745725631713867,-5.706396102905273,0.48411130905151367,-0.5719529986381531,47.23695755004883,25.70577621459961,20.39484977722168,12.46953296661377,12.503915786743164,10.404472351074219,8.867077827453613,8.702564239501953,8.546565055847168,10.353316307067871,7.585808277130127,8.036127090454102,8.06944465637207,pop,pop.00012.wav
143.5546875,2150.085229874043,996.2708973524532,2917.6059092800347,489.49232212808363,5224.360075676035,2593.472212269996,0.05165917364067337,0.039822200395237636,-161.6541290283203,85.56669616699219,53.27549362182617,32.21720886230469,27.1954402923584,11.300174713134766,7.896171569824219,8.764694213867188,1.2665905952453613,13.211441040039062,0.0675891637802124,4.826746463775635,3.1036128997802734,71.40296173095703,29.37738800048828,21.711931228637695,16.9910831451416,9.052095413208008,13.14598560333252,9.876148223876953,10.523153305053711,9.5103120803833,11.915366172790527,10.536409378051758,7.879328727722168,9.238662719726562,pop,pop.00013.wav
117.45383522727273,1997.9771683248648,527.9996473585622,2291.3767266632785,356.0248542941623,4139.38330304881,1325.6860140210572,0.0880610699255031,0.03587671137964071,-135.3231201171875,107.81954193115234,-13.443976402282715,19.020700454711914,8.79883098602295,12.496943473815918,1.0323983430862427,11.318428993225098,2.543212413787842,1.2272974252700806,-6.39171028137207,5.854485988616943,2.88142991065979,38.98388671875,19.78873634338379,21.5800838470459,16.763460159301758,12.858824729919434,9.618504524230957,12.067171096801758,9.295811653137207,7.274319648742676,7.333885669708252,7.502233505249023,6.936276912689209,6.526021957397461,pop,pop.00014.wav
103.359375,3207.220332891123,917.9528105558247,3125.8917931551077,358.1090690827505,7019.807552184114,1561.233890794225,0.14158379994678794,0.08348704875700591,-45.75362014770508,65.2761459350586,12.941987037658691,14.516027450561523,7.018110275268555,4.4085187911987305,6.614441394805908,3.29875111579895,7.736769676208496,4.059378147125244,3.6551008224487305,2.6030385494232178,4.055315017700195,65.9845962524414,24.050003051757812,21.2894229888916,16.181419372558594,10.648197174072266,13.641645431518555,12.281798362731934,9.311925888061523,8.78024959564209,8.791245460510254,7.101800441741943,7.7046356201171875,7.614699840545654,pop,pop.00015.wav
107.666015625,3490.329748964607,955.841728519582,3205.8190593470636,345.55544493291234,7499.387985560178,1545.6364531540887,0.15341592794601394,0.08587397567031377,-97.0082015991211,51.78600311279297,18.738693237304688,20.48166275024414,5.610452651977539,3.5735023021698,5.57228946685791,0.7373949885368347,7.336127281188965,1.6588529348373413,-2.7012627124786377,-0.44397425651550293,-1.0818588733673096,80.70665740966797,24.823740005493164,20.68486785888672,17.1895809173584,12.520248413085938,13.89914321899414,12.055169105529785,11.920443534851074,10.801095962524414,8.648101806640625,10.210402488708496,9.502669334411621,7.639265060424805,pop,pop.00016.wav
107.666015625,2789.1243751604316,611.1182482322173,2795.4017589510063,416.2201382999899,6112.05470790804,1356.2584261058735,0.12622977336493807,0.05007069434081561,-53.12335968017578,78.31343841552734,2.2469546794891357,18.838302612304688,3.864590883255005,2.514279842376709,-3.7991859912872314,6.814704895019531,-0.8102047443389893,8.754905700683594,-4.800524711608887,-2.1519949436187744,1.2861206531524658,30.279773712158203,20.37066650390625,28.82651710510254,14.730525970458984,12.805834770202637,11.493013381958008,8.815631866455078,10.47785758972168,7.972328186035156,7.942081451416016,7.742353439331055,6.846826076507568,6.176399230957031,pop,pop.00017.wav
123.046875,3433.92215467519,916.1818670639261,3405.627632829895,303.2372354670128,7932.5853660748835,1245.7198828667476,0.12773467734133126,0.07461155724662408,-48.95814514160156,62.637794494628906,34.225830078125,12.313788414001465,16.560747146606445,8.622407913208008,8.767117500305176,5.245012283325195,6.7942399978637695,9.059274673461914,-4.085325241088867,-0.7463064789772034,-0.3756467401981354,46.87895965576172,21.44174575805664,21.343170166015625,16.62044906616211,10.311507225036621,12.417170524597168,10.185498237609863,9.190916061401367,8.716751098632812,9.288530349731445,7.6429901123046875,7.640413761138916,6.520731449127197,pop,pop.00018.wav
92.28515625,3130.9812160844167,1095.436706078153,2944.782384135563,438.4423239391167,6552.402045187935,1844.7001540464464,0.15605347813467493,0.10766473333368086,-25.156341552734375,70.81893157958984,2.9392478466033936,7.554466247558594,1.459619402885437,2.8461227416992188,1.9075498580932617,-6.825979709625244,0.29145100712776184,-1.9537078142166138,-6.651635646820068,-0.2439810037612915,-0.7550277709960938,62.293941497802734,28.746152877807617,21.555387496948242,17.271482467651367,14.102163314819336,15.778701782226562,11.391876220703125,10.191722869873047,11.093761444091797,9.892241477966309,8.997407913208008,7.615762710571289,8.240081787109375,pop,pop.00019.wav
107.666015625,3487.4996203779583,817.230845854989,3132.2284173757953,287.25644282349344,7444.24665232561,1303.7236734512069,0.17974985789957432,0.08198335622865997,13.536641120910645,58.196353912353516,-2.2051024436950684,5.008135795593262,8.070771217346191,-0.479264497756958,4.105179309844971,2.258924961090088,4.293473720550537,3.586092472076416,-0.5052728056907654,2.421469211578369,1.8804908990859985,57.27313232421875,19.893898010253906,17.67882537841797,13.80813980102539,11.241044998168945,11.944673538208008,9.24446964263916,10.309024810791016,9.216506958007812,9.205240249633789,7.8682169914245605,7.533008575439453,7.861659049987793,pop,pop.00020.wav
99.38401442307692,3502.139027387522,904.0858143860261,3026.937586569852,392.1577223619677,7199.581465115857,1567.5347206689746,0.1870177655766254,0.08869752106767362,-23.23011016845703,53.81916427612305,-0.6900111436843872,14.726738929748535,4.871845722198486,6.730589866638184,4.845880031585693,4.945091247558594,4.26452112197876,3.1102585792541504,2.549565076828003,2.987947463989258,4.636329650878906,83.14923858642578,28.88776206970215,18.764759063720703,12.19254207611084,11.940741539001465,11.653141021728516,9.04188346862793,8.551549911499023,8.812542915344238,8.871914863586426,6.349839687347412,8.018820762634277,6.4025044441223145,pop,pop.00021.wav
103.359375,3206.199866093883,915.3078266879843,3126.2162445699487,358.16159195450535,7019.440887734617,1567.560674753165,0.14153920460042568,0.08343343157514205,-45.717811584472656,65.28741455078125,12.934513092041016,14.516592025756836,7.038323879241943,4.395020961761475,6.6337785720825195,3.3018980026245117,7.729786396026611,4.070034980773926,3.668118476867676,2.6062710285186768,4.049002170562744,65.84353637695312,24.01433563232422,21.27996063232422,16.19000244140625,10.640281677246094,13.630265235900879,12.244917869567871,9.32578182220459,8.79740047454834,8.800302505493164,7.126476287841797,7.683261394500732,7.600321292877197,pop,pop.00022.wav
103.359375,3759.8089732129138,1208.2547412632277,3293.7281764334216,424.24250558113954,7855.135834401606,1795.8613441957934,0.17767428466041021,0.1002428898996104,-44.28742599487305,51.32791519165039,24.99048614501953,12.160305976867676,10.87307357788086,7.612086772918701,8.211469650268555,-0.7733293771743774,5.946743965148926,4.761636257171631,-2.508432626724243,1.3215402364730835,-1.946599006652832,68.36111450195312,31.34282875061035,27.001953125,19.6402530670166,13.328296661376953,14.08155345916748,11.536487579345703,10.156928062438965,11.064661979675293,9.503276824951172,8.408411979675293,8.445813179016113,8.326799392700195,pop,pop.00023.wav
117.45383522727273,3301.8647028211412,893.3471712190194,3175.6669505910377,354.75158608234557,7302.64750855626,1530.5484894331205,0.14452671488003097,0.08253261216542591,-40.83016586303711,61.52112579345703,9.867293357849121,10.096549987792969,8.454961776733398,5.366854190826416,8.3766508102417,3.5050008296966553,8.251043319702148,5.880058288574219,-0.10423888266086578,-0.5703608989715576,0.5514452457427979,62.34457778930664,23.896560668945312,20.21487045288086,18.788497924804688,13.106618881225586,14.18265151977539,10.858031272888184,10.690986633300781,9.632530212402344,9.744565963745117,8.600013732910156,8.632116317749023,7.3998332023620605,pop,pop.00024.wav
151.99908088235293,2928.6503834649243,1257.9664842880945,3201.0195484910073,541.6163844382222,6817.467109042424,2372.3484650011796,0.10574085719814241,0.08759545864588295,-106.8328628540039,81.01405334472656,47.822872161865234,13.640558242797852,13.000601768493652,6.895191669464111,7.581347942352295,-2.6333248615264893,-2.49831223487854,1.8714977502822876,-5.139432907104492,-2.7431228160858154,-3.6675772666931152,71.48497772216797,35.26947021484375,23.430381774902344,15.559965133666992,11.218592643737793,13.999045372009277,11.014925003051758,10.033035278320312,12.15631103515625,10.098959922790527,9.013422966003418,7.489660739898682,7.8704729080200195,pop,pop.00025.wav
75.99954044117646,2526.130442686517,1004.7266363013686,2848.670626274591,525.6454918464046,5554.674744975087,2227.474448725628,0.10354207986648607,0.06235762847890135,-73.36741638183594,97.46427917480469,16.87055015563965,-0.5790376663208008,7.180088996887207,4.872416973114014,0.7465053796768188,-5.550016403198242,0.9903746843338013,4.916617393493652,-5.835443496704102,-4.92141580581665,-0.030956445261836052,64.5269775390625,28.374961853027344,23.200817108154297,16.156267166137695,16.342844009399414,13.286739349365234,11.831114768981934,12.63792610168457,10.788674354553223,9.964783668518066,8.862027168273926,9.272420883178711,8.476359367370605,pop,pop.00026.wav
83.35433467741936,2682.713194799874,897.5989805971124,2924.230379942181,436.79512877802455,5957.288977088574,1974.211235090466,0.1019147276509288,0.05316040356220532,-75.36612701416016,83.33488464355469,10.703895568847656,14.45510196685791,14.244521141052246,7.410257339477539,5.279713153839111,-0.40012580156326294,5.717756271362305,3.3618035316467285,-2.5211021900177,-4.227081298828125,-1.8455220460891724,68.25373077392578,28.665206909179688,18.708219528198242,14.754899978637695,12.042403221130371,11.473532676696777,10.525826454162598,9.927787780761719,10.001590728759766,8.405488967895508,7.8711957931518555,8.066229820251465,7.751453876495361,pop,pop.00027.wav
99.38401442307692,2946.5774176287164,847.4143529913664,3051.63637253713,403.24977150732684,6656.151417829673,1697.8498027184355,0.1212698638254644,0.05813059690475291,-45.638736724853516,74.70451354980469,15.980230331420898,14.800469398498535,8.992414474487305,8.204231262207031,5.686349391937256,5.25449275970459,5.396808624267578,2.4352223873138428,0.7794389724731445,1.174706220626831,-2.3591649532318115,58.072200775146484,22.12896156311035,16.865333557128906,16.194110870361328,10.484823226928711,10.732841491699219,8.088249206542969,7.332888603210449,8.929600715637207,7.193604946136475,7.299777984619141,6.984567642211914,7.105540752410889,pop,pop.00028.wav
161.4990234375,2988.85797981166,819.5208567516285,3143.032661235072,382.78893703840987,6919.399826002564,1609.9436719763416,0.11157037599167957,0.05516761840122668,-40.52484130859375,73.47651672363281,22.62272071838379,12.3551025390625,14.860798835754395,8.94628620147705,5.305812835693359,9.025768280029297,2.0851216316223145,4.303849697113037,-3.1314620971679688,1.8446420431137085,2.0324933528900146,55.59236145019531,26.060890197753906,19.67798614501953,15.392560958862305,11.098209381103516,11.199151039123535,7.9127516746521,8.65495491027832,8.035134315490723,9.328736305236816,8.125429153442383,7.568503379821777,6.865235805511475,pop,pop.00029.wav
95.703125,3070.6451711304394,780.6889583730654,2975.8591939206276,353.70248458760653,6652.968103745405,1510.7491763894745,0.14873984133126936,0.06785776800372194,-18.171194076538086,72.29644012451172,-4.8672308921813965,-0.3595810532569885,1.6975715160369873,-0.9182093143463135,-1.3221728801727295,-0.34197285771369934,0.6473230123519897,-0.18098029494285583,-1.2175111770629883,-1.0574640035629272,2.519505262374878,57.778263092041016,22.349441528320312,17.08220672607422,15.12605094909668,10.442977905273438,11.597796440124512,8.989044189453125,9.422674179077148,10.430055618286133,8.47562313079834,8.875635147094727,7.953417778015137,6.356029510498047,pop,pop.00030.wav
95.703125,3111.0610992009765,779.6989860357453,2992.1921120372886,346.90979796364746,6745.27587890625,1478.1482466667355,0.15291026206946595,0.06874453079058775,-18.854591369628906,71.32852172851562,-3.743232488632202,-1.3965916633605957,0.7103475332260132,-1.049136757850647,-1.052406668663025,-0.24947147071361542,0.6239636540412903,0.42929914593696594,-1.4892839193344116,-1.0790832042694092,2.4154279232025146,58.11324691772461,22.26810073852539,16.854276657104492,15.726243019104004,11.133482933044434,11.935020446777344,9.300848007202148,9.798742294311523,10.93466854095459,8.958645820617676,9.20896053314209,8.447274208068848,6.865727424621582,pop,pop.00031.wav
95.703125,4225.564575455603,1279.9727927644924,3404.2193029459822,324.4462952499927,8483.032037599169,1449.3885849335638,0.22873671209849072,0.1366127977782069,-113.16950225830078,41.58814239501953,21.516307830810547,11.092116355895996,17.44065284729004,0.6074315905570984,3.0293283462524414,0.08450862765312195,3.4569809436798096,0.29064029455184937,0.6160154342651367,1.255563735961914,2.8942456245422363,78.71343994140625,29.644670486450195,24.945077896118164,20.328977584838867,15.414103507995605,14.610729217529297,11.431543350219727,12.274307250976562,12.223600387573242,9.628684043884277,9.176615715026855,8.607768058776855,8.535590171813965,pop,pop.00032.wav
99.38401442307692,2835.0593021892837,661.715013342013,2731.7531718304963,404.98560711205647,5945.014051313371,1437.9361523976654,0.13706266326431887,0.049297444635297116,-69.0019302368164,73.7699966430664,-12.468981742858887,9.53662395477295,-0.04561026766896248,12.718271255493164,3.165060043334961,-0.08465765416622162,2.5223581790924072,2.8746747970581055,-1.6729779243469238,-3.025171995162964,1.6149282455444336,95.91797637939453,22.274757385253906,22.896923065185547,15.886490821838379,13.19715690612793,15.288372993469238,11.656854629516602,12.761018753051758,10.502580642700195,7.566196441650391,8.522183418273926,9.790412902832031,6.65651798248291,pop,pop.00033.wav
95.703125,3141.655140286262,1030.2022539743311,3230.4022459601906,355.03158623073676,7237.0312386622,1699.0163705642033,0.131055518938661,0.08485049866428761,-59.5895881652832,77.30937194824219,26.367233276367188,3.1743202209472656,6.7570414543151855,-0.06425405293703079,-0.6247923374176025,-0.6904833316802979,4.141959190368652,-0.44033706188201904,-4.541955947875977,-3.561495780944824,-2.203064441680908,67.19017791748047,27.42001724243164,20.140562057495117,16.768964767456055,13.86637020111084,15.851675987243652,11.85561466217041,10.409627914428711,10.4288911819458,9.499360084533691,8.658613204956055,7.342874050140381,7.683871746063232,pop,pop.00034.wav
107.666015625,3194.1768682916545,729.4969605563456,3052.8892510243627,329.4862560964096,6993.782709552776,1454.6310801300863,0.15937998863196595,0.06434464116516651,24.466630935668945,68.96240997314453,-4.211300373077393,-1.0326181650161743,5.249466896057129,2.9858522415161133,4.336798191070557,4.287288665771484,6.422605037689209,3.630784511566162,0.11548248678445816,-0.0002351412404095754,2.0697717666625977,55.06078338623047,20.378768920898438,17.78660011291504,14.467451095581055,10.757279396057129,11.134644508361816,8.782444953918457,8.661221504211426,8.077998161315918,8.001150131225586,7.1089959144592285,7.569021701812744,6.763656139373779,pop,pop.00035.wav
99.38401442307692,2944.4779985642813,1120.7050995774084,3162.425540413327,462.7378918875193,6877.916743511755,2043.1801617109793,0.1151153281008127,0.09077523071222171,-44.21401596069336,76.17581176757812,22.921127319335938,16.81614112854004,22.998910903930664,3.2665929794311523,6.908667087554932,0.10313864052295685,6.495676517486572,6.542088985443115,0.8544855713844299,2.7243902683258057,4.51695442199707,66.939453125,28.591228485107422,22.553186416625977,17.18918228149414,12.9129638671875,15.276001930236816,10.578232765197754,8.969620704650879,7.990081310272217,9.72343635559082,6.746912002563477,6.665082931518555,7.162281036376953,pop,pop.00036.wav
103.359375,3236.3834897605984,794.3654006906496,2953.665320076075,408.5380437187358,6698.901159327835,1494.690606922149,0.16482477808146284,0.06194899609210134,4.8043212890625,64.50390625,-2.501272439956665,10.419498443603516,3.24208927154541,7.8209686279296875,3.101567029953003,1.405525803565979,6.7450032234191895,4.88483190536499,3.2736434936523438,1.747771143913269,3.331663131713867,63.504058837890625,22.887861251831055,27.23341178894043,15.820560455322266,10.889756202697754,12.687178611755371,9.616703987121582,10.791540145874023,9.782946586608887,9.526392936706543,8.331892967224121,8.223913192749023,7.3632893562316895,pop,pop.00037.wav
92.28515625,3267.580275537532,866.6330088831471,3014.383904612794,340.2519633588189,6921.308147796536,1467.3595596616353,0.14652330144640094,0.07452642432824119,-15.679173469543457,59.26908493041992,-1.5834022760391235,12.570526123046875,8.758745193481445,3.9658687114715576,2.0486032962799072,4.232300758361816,4.989131927490234,2.9016716480255127,2.3270890712738037,1.994311809539795,1.7193478345870972,63.17884063720703,23.550657272338867,18.496910095214844,12.534592628479004,11.072176933288574,10.017736434936523,8.29502010345459,8.913214683532715,8.396166801452637,7.912354469299316,7.251798152923584,7.689515590667725,7.369184494018555,pop,pop.00038.wav
83.35433467741936,3934.6043578715803,1048.5563858384355,3509.582338482005,351.4382701026472,8525.24844898897,1313.6903302522123,0.18717800648219815,0.10335570101726092,-19.479713439941406,51.92008972167969,37.00408172607422,13.116384506225586,14.590093612670898,3.207625389099121,15.297412872314453,-0.779464840888977,7.2424235343933105,10.393446922302246,-0.37440061569213867,6.230769157409668,-1.188515305519104,63.56332015991211,24.688247680664062,25.912729263305664,19.196744918823242,16.247526168823242,14.782655715942383,10.638873100280762,10.605027198791504,9.7802734375,9.639596939086914,8.53530502319336,8.885072708129883,7.414071083068848,pop,pop.00039.wav
129.19921875,1962.259860440553,511.21086195743004,2325.3182258713837,423.50402889521524,3821.2268935637576,1364.071351699065,0.0958112120259288,0.0384322173955777,-76.91657257080078,113.29569244384766,-6.219377040863037,19.946250915527344,15.115961074829102,-3.2893810272216797,4.789510726928711,1.0169309377670288,2.2929258346557617,-0.011468444019556046,-3.762733221054077,4.241213798522949,2.286330223083496,75.98616027832031,21.143749237060547,19.955604553222656,11.483431816101074,9.999189376831055,11.982425689697266,8.754663467407227,7.614222049713135,7.366936206817627,7.419275283813477,6.6786932945251465,8.22681999206543,9.731163024902344,pop,pop.00040.wav
107.666015625,2053.894371276876,828.5668897395091,2559.593930825625,397.6317774348078,4508.014407320288,1852.3023952469714,0.0753657574255031,0.055286892803981746,-204.7529754638672,101.60511779785156,26.38422393798828,9.18571949005127,10.460927963256836,5.108919143676758,-9.447197914123535,9.308316230773926,-12.491375923156738,-2.496669292449951,6.212447166442871,-9.488957405090332,-2.560032844543457,57.08597183227539,28.888463973999023,23.72492218017578,14.020689964294434,18.24578094482422,13.689068794250488,14.809242248535156,11.120047569274902,11.826024055480957,11.00576114654541,11.29609489440918,9.765374183654785,10.819413185119629,pop,pop.00041.wav
92.28515625,3002.6169823427717,891.3268703473714,2972.7827670259026,422.9880671982456,6445.919355740857,1796.0608103285517,0.14374780802534828,0.07551759320047853,-37.0710334777832,68.84185028076172,10.511308670043945,23.959775924682617,15.370537757873535,3.5479140281677246,11.677659034729004,2.9124515056610107,2.545921564102173,4.750341415405273,-1.5888675451278687,2.5664658546447754,-1.017067790031433,53.58881759643555,26.49188995361328,21.463869094848633,14.107497215270996,11.666363716125488,12.463334083557129,12.363825798034668,9.904220581054688,9.2691068649292,10.87397289276123,7.221292018890381,7.351534366607666,7.023037910461426,pop,pop.00042.wav
135.99917763157896,2703.2416682609646,1065.1892388797723,2725.9617319867466,478.4909684948547,5776.106739339445,1883.6254082950918,0.1032971833881579,0.07288589019101249,-50.89095687866211,68.04222869873047,12.08259391784668,36.31442642211914,8.64687728881836,19.502784729003906,10.722350120544434,12.312873840332031,1.6614351272583008,10.164873123168945,4.839787483215332,1.6969051361083984,2.731235980987549,47.966190338134766,32.60898971557617,18.941165924072266,17.669763565063477,14.76095962524414,12.016830444335938,9.469844818115234,8.59931468963623,9.0051851272583,8.60351276397705,7.59541654586792,7.073185920715332,6.9082794189453125,pop,pop.00043.wav
117.45383522727273,3143.535196698567,783.977456854695,3016.4276117711397,340.3657280022855,6689.351217075029,1528.0443067390704,0.135637501814048,0.07431593239031764,-47.93827819824219,54.15921401977539,-4.00504207611084,21.51289939880371,13.886649131774902,6.00395393371582,13.755339622497559,1.0669995546340942,6.722087860107422,6.232227802276611,1.6225082874298096,0.45345956087112427,2.4148380756378174,56.36447525024414,22.846893310546875,26.358062744140625,17.31280517578125,13.544306755065918,15.399080276489258,13.03805923461914,11.971299171447754,9.213332176208496,9.94119930267334,8.136296272277832,8.010660171508789,8.99366569519043,pop,pop.00044.wav
117.45383522727273,2842.6607931089798,1080.5468293981023,3039.1056726884412,577.8457514203352,6479.344153625677,2459.5487890072704,0.12498941805340558,0.08603753371603301,-71.6150131225586,81.1212387084961,16.355663299560547,8.950535774230957,13.818387031555176,-0.7371724843978882,12.522272109985352,-0.6393705010414124,3.0430490970611572,3.054753541946411,-3.212191343307495,-1.3185769319534302,-0.6402586102485657,73.73636627197266,33.603904724121094,31.322946548461914,19.985492706298828,15.701512336730957,16.48430824279785,14.857587814331055,12.480363845825195,11.254595756530762,11.222677230834961,10.967267990112305,8.69420051574707,8.602606773376465,pop,pop.00045.wav
117.45383522727273,2838.0210737706198,1082.7256265402818,3045.7558870993503,578.8550395052501,6485.7024485112715,2460.3495326464026,0.12218028915924922,0.08498150318899325,-72.17291259765625,81.31210327148438,16.729719161987305,8.680574417114258,14.163569450378418,-1.0486611127853394,12.839071273803711,-0.5343492031097412,3.1377692222595215,3.1529664993286133,-3.4740798473358154,-1.1388002634048462,-0.6851626038551331,73.68394470214844,32.998313903808594,31.827281951904297,20.118610382080078,15.755047798156738,16.26386833190918,14.88723087310791,12.651490211486816,11.466231346130371,11.082728385925293,10.956467628479004,8.696066856384277,8.522594451904297,pop,pop.00046.wav
112.34714673913044,3149.97113080032,909.593489435534,3220.089949254964,367.3880609477658,7291.955906540247,1753.1582609496027,0.12735523897058823,0.06973665898059997,-45.06425476074219,69.78575897216797,11.866147994995117,8.177107810974121,12.603080749511719,7.750250816345215,11.309998512268066,0.258507639169693,9.659319877624512,2.8038880825042725,3.8585238456726074,-0.8353043794631958,2.1194326877593994,59.482147216796875,28.82413673400879,20.103069305419922,18.375333786010742,14.266875267028809,16.10184669494629,11.136587142944336,11.399487495422363,10.672450065612793,9.24470043182373,8.711113929748535,8.025198936462402,9.098639488220215,pop,pop.00047.wav
129.19921875,4052.8886703211056,1049.7294093449768,3426.219519828341,391.51564633592864,8382.25764696812,1543.1204011000616,0.21071452326818885,0.09231647542984274,-52.64915084838867,47.78274154663086,13.455156326293945,2.2134273052215576,13.251046180725098,9.133875846862793,14.447653770446777,0.8738371133804321,9.45965576171875,7.004076957702637,-0.6928577423095703,1.7276201248168945,8.496527671813965,53.381927490234375,21.983036041259766,20.836496353149414,13.186380386352539,11.798639297485352,9.022964477539062,9.674532890319824,9.313042640686035,9.183043479919434,9.399415969848633,7.6448516845703125,8.189732551574707,8.344388008117676,pop,pop.00048.wav
58.72691761363637,1987.8719219449235,1048.4513377885396,2579.9699093585987,644.9969911020353,4265.424207563371,2565.88110093348,0.06614018962848298,0.06136431114768753,-170.92262268066406,105.92536926269531,31.060644149780273,22.226055145263672,12.814610481262207,-5.166970252990723,11.237102508544922,-2.1054718494415283,-0.1724931001663208,5.078826427459717,-11.541210174560547,-3.624070644378662,1.391101360321045,72.99459075927734,38.288082122802734,30.61623191833496,19.626834869384766,15.396208763122559,19.210010528564453,15.993837356567383,14.980140686035156,11.45868968963623,12.347774505615234,10.878942489624023,10.92396068572998,9.533090591430664,pop,pop.00049.wav
143.5546875,3046.2397998563833,1173.1994007513213,3095.3865062358905,432.6132611393528,6630.418240101345,1965.491533121023,0.1186580126499613,0.08799772591675754,-78.19249725341797,65.99214172363281,24.578516006469727,25.65282440185547,13.85488224029541,3.600048065185547,16.225540161132812,0.5925538539886475,3.325775384902954,4.160470008850098,2.712695837020874,3.649890899658203,1.3959064483642578,64.29338836669922,33.26450729370117,30.66288948059082,19.095691680908203,15.245534896850586,16.957950592041016,13.595918655395508,12.246238708496094,10.523064613342285,10.002288818359375,9.854171752929688,9.09556770324707,8.155746459960938,pop,pop.00050.wav
112.34714673913044,4156.136801574854,1032.4801270459143,3451.227813998198,363.2782453384854,8676.447534708785,1425.9988113201655,0.23004509420955882,0.1115601856803759,-14.170113563537598,44.39023971557617,12.68057632446289,10.152087211608887,11.25930118560791,3.9758951663970947,12.507779121398926,-2.171722412109375,10.705039978027344,2.2852632999420166,5.033559322357178,-0.8662654757499695,3.8058700561523438,55.35346221923828,26.78571128845215,18.341176986694336,16.375633239746094,13.101547241210938,13.579194068908691,11.031136512756348,10.006121635437012,9.70200252532959,8.55117416381836,7.7146806716918945,7.518006801605225,8.941205024719238,pop,pop.00051.wav
103.359375,3662.9266594641513,1023.5826094860564,3276.4112530558,393.51499716907347,7776.786308170472,1609.5085929843567,0.15600737108165635,0.10369340003104864,-39.98735046386719,35.583213806152344,8.93850040435791,15.0822172164917,15.20681381225586,10.572661399841309,21.824983596801758,10.004446029663086,13.97350025177002,16.557458877563477,1.4647634029388428,3.2635626792907715,0.06211220100522041,61.872047424316406,24.10787582397461,22.37133026123047,20.55558967590332,16.249353408813477,16.744396209716797,13.429131507873535,12.522893905639648,10.191015243530273,10.014578819274902,10.588908195495605,8.729899406433105,9.123517990112305,pop,pop.00052.wav
161.4990234375,2639.59187801044,1015.9311431155714,2753.5605024541996,514.864694754682,5626.524310510594,2051.660889486518,0.10700086469620743,0.09702451420472964,-145.92575073242188,62.535240173339844,-23.1148681640625,-18.786008834838867,-14.782012939453125,-28.421491622924805,3.134416103363037,-24.94000244140625,-13.637031555175781,-4.607389450073242,-24.383533477783203,-15.806172370910645,-17.455078125,66.4439926147461,40.592628479003906,42.26918411254883,23.348573684692383,21.29298973083496,15.662552833557129,15.156932830810547,16.3200740814209,15.78902816772461,14.362966537475586,12.998922348022461,10.856328010559082,12.364530563354492,pop,pop.00053.wav
129.19921875,3498.3579746722603,1173.369755123734,3295.5183653344498,396.871833976285,7664.611986473249,1764.676690342747,0.13602223115808823,0.09140449231594258,-46.7030143737793,55.87751388549805,26.120210647583008,16.54320526123047,7.104526996612549,-3.3266866207122803,9.256010055541992,-0.8715932965278625,8.313572883605957,7.148099422454834,-0.5387219190597534,1.7517584562301636,-1.8377469778060913,66.27014923095703,30.757108688354492,23.69942855834961,15.671184539794922,14.587162017822266,18.108234405517578,13.761618614196777,10.253114700317383,10.935880661010742,11.248845100402832,11.077547073364258,9.048454284667969,8.819047927856445,pop,pop.00054.wav
103.359375,3940.3499208914445,1162.587795806774,3361.504206090715,313.394186037969,8259.450056235488,1196.3921352169589,0.16739883659055727,0.1340251424355649,-56.0911865234375,36.46816635131836,11.945320129394531,-6.441751480102539,3.778162717819214,5.2841572761535645,3.394784450531006,4.265097618103027,7.993917465209961,5.8644280433654785,1.5971134901046753,4.861390113830566,0.4924771189689636,70.64935302734375,34.00102233886719,25.290115356445312,21.99197006225586,19.625858306884766,17.512374877929688,12.96296501159668,14.755697250366211,11.857970237731934,12.538739204406738,10.568184852600098,10.344464302062988,10.409398078918457,pop,pop.00055.wav
89.10290948275862,3681.430351016257,1462.3320395313963,3221.829158023403,482.26338315001016,7566.579245930486,2155.747427551291,0.14562421391253869,0.13077850513533304,-80.39633178710938,35.96251678466797,20.40726661682129,26.376535415649414,17.379703521728516,4.580235958099365,13.489165306091309,3.6187565326690674,7.324075222015381,5.479913234710693,3.9538543224334717,5.313695907592773,3.5346319675445557,77.74699401855469,41.019832611083984,29.62041473388672,21.16563606262207,15.643430709838867,14.919622421264648,12.681516647338867,11.7300443649292,11.731486320495605,11.861949920654297,10.561568260192871,10.238905906677246,10.454733848571777,pop,pop.00056.wav
103.359375,3672.6739422013616,1033.5953630335036,3279.7424058326787,402.5479886362256,7783.686266447368,1631.52824609348,0.15406445010158668,0.10243915143345804,-39.691375732421875,33.95167541503906,9.604388236999512,16.657577514648438,14.90616226196289,11.198782920837402,21.502826690673828,9.886200904846191,14.732352256774902,15.628254890441895,2.0403950214385986,2.579495906829834,0.35728561878204346,62.874507904052734,24.44597816467285,22.9344482421875,20.48895263671875,15.611289978027344,15.547722816467285,12.896657943725586,12.237979888916016,9.799872398376465,9.295985221862793,9.711287498474121,8.453936576843262,9.214375495910645,pop,pop.00057.wav
99.38401442307692,2940.0005210928985,1289.731079422966,2629.4641540033667,546.0192095810241,5750.6902263629545,2204.9440863939603,0.14575422068498453,0.10831296937395703,-87.72349548339844,64.30924987792969,-12.97658634185791,16.03264617919922,0.48616600036621094,0.40709489583969116,4.431544780731201,-2.723747491836548,-0.30932483077049255,-0.049745164811611176,-5.9292988777160645,-4.2699689865112305,-3.509701728820801,73.62454223632812,45.21534729003906,26.987340927124023,20.17856216430664,15.879156112670898,13.491313934326172,11.717214584350586,11.607643127441406,10.389350891113281,10.024211883544922,9.23943042755127,8.92879581451416,8.524794578552246,pop,pop.00058.wav
89.10290948275862,3727.2488351836582,1448.2872267287696,3223.867461789819,468.5629919605026,7633.178843211833,2116.7144220102086,0.14478748427825078,0.12835208210972282,-77.94188690185547,32.36495590209961,20.07725715637207,27.63348388671875,16.262773513793945,5.319163799285889,13.481538772583008,3.5032267570495605,7.344143867492676,5.271801948547363,4.001197814941406,5.271228790283203,3.752624988555908,78.43608093261719,41.633880615234375,29.1519775390625,20.476806640625,14.894384384155273,14.54846477508545,12.2927827835083,11.31946086883545,11.44056224822998,11.940817832946777,10.546060562133789,10.206476211547852,10.162226676940918,pop,pop.00059.wav
129.19921875,3498.3579746722603,1173.369755123734,3295.5183653344498,396.871833976285,7664.611986473249,1764.676690342747,0.13602223115808823,0.09140449231594258,-46.7030143737793,55.87751388549805,26.120210647583008,16.54320526123047,7.104526996612549,-3.3266866207122803,9.256010055541992,-0.8715932965278625,8.313572883605957,7.148099422454834,-0.5387219190597534,1.7517584562301636,-1.8377469778060913,66.27014923095703,30.757108688354492,23.69942855834961,15.671184539794922,14.587162017822266,18.108234405517578,13.761618614196777,10.253114700317383,10.935880661010742,11.248845100402832,11.077547073364258,9.048454284667969,8.819047927856445,pop,pop.00060.wav
95.703125,2949.270014966028,1168.9591584098973,2908.876601117744,532.9376303318071,6067.7883089142315,2241.645102236061,0.11195132606907894,0.08741418361769308,-65.1854476928711,65.4745101928711,4.127747535705566,32.74247360229492,16.918561935424805,-5.8376946449279785,14.960991859436035,-0.24383577704429626,9.038333892822266,8.441268920898438,-6.576153755187988,-4.484363555908203,-2.6280577182769775,50.84254837036133,33.73363494873047,26.10863494873047,19.717182159423828,15.171616554260254,18.211978912353516,12.291873931884766,12.041298866271973,12.225996971130371,12.504765510559082,9.834235191345215,8.171102523803711,8.778903007507324,pop,pop.00061.wav
161.4990234375,2468.498529319245,558.4235712570307,2625.1515768457407,351.5752754477661,5481.816852203464,1267.1368243186332,0.09820877878289473,0.03577884501724589,-6.926640033721924,68.88017272949219,3.7705867290496826,28.195871353149414,2.293225049972534,13.625752449035645,1.0469883680343628,6.0046467781066895,2.7504959106445312,15.018391609191895,-8.786577224731445,0.7954419255256653,-7.219668388366699,39.80280303955078,22.303665161132812,22.68771743774414,15.503458023071289,13.4027738571167,12.250885963439941,10.655037879943848,12.142552375793457,12.395137786865234,14.032780647277832,13.714873313903809,12.929704666137695,12.96691608428955,pop,pop.00062.wav
80.74951171875,1826.5420467927368,583.2940420706718,2294.444461991146,457.0091836227379,3796.335377412684,1685.655012791442,0.07464656298374613,0.025637080539983016,-125.9814224243164,117.33393096923828,-0.0722922682762146,10.211121559143066,4.490170001983643,2.18886661529541,-3.63608455657959,3.376340866088867,1.737519383430481,4.551118850708008,0.8427296876907349,2.4246017932891846,-3.112574815750122,45.55116653442383,24.42949104309082,17.26431655883789,14.457426071166992,11.893839836120605,11.67538833618164,10.235020637512207,10.501570701599121,8.915644645690918,8.430843353271484,8.575002670288086,8.325170516967773,8.199466705322266,pop,pop.00063.wav
129.19921875,3647.8594016331967,1043.5802529678017,2886.6604007045057,433.87355858951094,7112.756990131579,1528.6771491788468,0.205950001814048,0.11147007658987343,-88.45124816894531,34.333656311035156,-11.282462120056152,2.2004079818725586,-4.858425140380859,-6.127730369567871,0.3310779631137848,2.440187931060791,-8.177470207214355,5.635986328125,-9.3944091796875,-7.359539031982422,-3.9459164142608643,96.3078384399414,38.48298645019531,28.93631935119629,18.82230567932129,13.948355674743652,20.023000717163086,14.026768684387207,10.586729049682617,16.909875869750977,11.786229133605957,12.829051971435547,10.590404510498047,12.439919471740723,pop,pop.00064.wav
117.45383522727273,2518.6680120349943,760.1870113877194,2683.946956917925,397.25154113580885,5496.225098412104,1586.5160218493313,0.10014338537635449,0.06023898969619625,-111.61652374267578,85.57909393310547,3.515357494354248,16.35746955871582,2.205944776535034,5.980132102966309,-5.045757293701172,-3.962523937225342,-0.09616854041814804,1.5746028423309326,-5.793351173400879,-5.087190628051758,-0.20802831649780273,69.69513702392578,27.927257537841797,17.369762420654297,16.952892303466797,15.479386329650879,11.138311386108398,12.577305793762207,9.404693603515625,10.928711891174316,9.587990760803223,9.92379379272461,8.104610443115234,8.72713565826416,pop,pop.00065.wav
80.74951171875,2844.070407885239,953.5933561802592,3219.148147976031,436.9323562868889,6839.566975407556,1982.2355596722398,0.09974656237906347,0.0544008387510597,-63.63505554199219,79.04566192626953,42.744022369384766,16.095537185668945,15.268360137939453,10.78914737701416,13.311583518981934,3.6857290267944336,4.92832612991333,10.677057266235352,-0.012671975418925285,3.480308771133423,3.4220938682556152,60.386863708496094,28.750808715820312,25.028656005859375,14.535032272338867,13.182616233825684,12.191261291503906,11.272436141967773,9.856542587280273,10.003786087036133,10.398938179016113,8.929573059082031,9.131060600280762,8.617561340332031,pop,pop.00066.wav
112.34714673913044,3889.787116785757,1024.7184776080483,3271.6627619560186,313.4302387485187,8057.209612489116,1277.82862294702,0.19104230662248453,0.11539418739104917,-52.5379753112793,37.49602127075195,14.121390342712402,18.18031120300293,16.78276824951172,5.95809268951416,6.432402610778809,2.7082066535949707,-0.44743841886520386,3.2196102142333984,-3.928455352783203,1.5937503576278687,0.29058215022087097,52.11351776123047,27.876596450805664,21.777366638183594,15.007811546325684,12.426166534423828,14.02653694152832,11.502769470214844,10.845087051391602,10.278704643249512,9.958032608032227,9.89277458190918,9.30277156829834,9.761544227600098,pop,pop.00067.wav
129.19921875,3262.9124447410586,1108.6680145667733,2930.999781412338,439.0095614401549,6714.734396919746,1881.212100626662,0.15505650759481424,0.10557602048645401,-29.26038932800293,53.86872482299805,-1.7002240419387817,15.506246566772461,1.0880837440490723,0.543964684009552,4.902141094207764,-3.222588300704956,-1.6917724609375,2.2325522899627686,-7.122958660125732,-5.9894914627075195,-2.980396270751953,56.47330093383789,37.647220611572266,22.533565521240234,20.718090057373047,21.060781478881836,18.69355583190918,12.929069519042969,11.18968677520752,11.384503364562988,12.044819831848145,9.212841987609863,9.378534317016602,8.842297554016113,pop,pop.00068.wav
107.666015625,2327.9956325128483,571.0905287457952,2516.8257860719295,280.03742952815,4930.953516532024,1099.4696422663942,0.09549942252805728,0.051514945594883295,-30.211868286132812,88.44852447509766,-6.587007999420166,32.78564453125,8.500259399414062,8.388699531555176,2.04252028465271,6.8641839027404785,3.5769941806793213,2.720842123031616,1.294276237487793,3.29060697555542,1.5695496797561646,47.89326477050781,22.53129768371582,16.833080291748047,9.824921607971191,7.851471424102783,7.63381290435791,8.807304382324219,7.580271244049072,6.967376232147217,6.775491237640381,6.333983421325684,6.0593671798706055,5.121210098266602,pop,pop.00069.wav
123.046875,3142.2532583222696,1005.614854975292,3001.708558953997,547.0256521584498,6825.458727384868,1881.6911632539911,0.13644399731520898,0.08527817711769424,-91.8537368774414,56.674156188964844,13.763751983642578,15.050705909729004,0.9011204242706299,-4.079192638397217,-0.22235457599163055,0.5639135837554932,-4.600769996643066,-2.616190195083618,-2.761265993118286,-3.0964155197143555,1.7973816394805908,98.32369995117188,27.32868194580078,28.385093688964844,20.06884765625,15.898468017578125,15.68589973449707,13.11112117767334,11.010969161987305,10.935924530029297,10.175644874572754,9.514545440673828,9.121893882751465,8.534893035888672,pop,pop.00070.wav
112.34714673913044,3889.787116785757,1024.7184776080483,3271.6627619560186,313.4302387485187,8057.209612489116,1277.82862294702,0.19104230662248453,0.11539418739104917,-52.5379753112793,37.49602127075195,14.121390342712402,18.18031120300293,16.78276824951172,5.95809268951416,6.432402610778809,2.7082066535949707,-0.44743841886520386,3.2196102142333984,-3.928455352783203,1.5937503576278687,0.29058215022087097,52.11351776123047,27.876596450805664,21.777366638183594,15.007811546325684,12.426166534423828,14.02653694152832,11.502769470214844,10.845087051391602,10.278704643249512,9.958032608032227,9.89277458190918,9.30277156829834,9.761544227600098,pop,pop.00071.wav
117.45383522727273,2569.255822724336,634.3898918712331,2559.52936247521,417.7361603148995,5351.900971120356,1494.0979660617786,0.13165642233455882,0.0510417805484458,9.675073623657227,88.8260726928711,-20.29368019104004,5.1013054847717285,-2.917802095413208,-0.18818102777004242,0.3274818956851959,1.604320764541626,-2.2592055797576904,-0.9406509399414062,-6.212249279022217,-2.9767894744873047,-1.8151838779449463,46.41845703125,28.384328842163086,17.13142204284668,13.709638595581055,10.917518615722656,9.436493873596191,9.818373680114746,7.884111404418945,7.231013774871826,8.026522636413574,7.281336784362793,6.818095684051514,6.149150848388672,pop,pop.00072.wav
129.19921875,3671.2604882708424,937.0246795761713,3295.553788823971,333.3961293001645,7879.044023165393,1286.8252011674888,0.16189735814144737,0.08461007200126341,-8.531340599060059,54.25175476074219,20.96331024169922,13.099079132080078,9.721153259277344,6.01505184173584,10.720785140991211,6.102119445800781,0.6942644715309143,5.00238561630249,-3.4498136043548584,0.8725568056106567,-1.93904709815979,55.02736282348633,23.10773468017578,20.575761795043945,13.011524200439453,10.34862995147705,11.043411254882812,9.928481101989746,8.2119140625,8.241311073303223,9.336304664611816,8.607124328613281,7.26969051361084,7.936915397644043,pop,pop.00073.wav
83.35433467741936,3419.3447490583962,1252.649738892475,3368.7113595438686,402.24854531449114,7789.061233945676,1835.83054465652,0.1308480372000774,0.10671303271369453,-93.63922119140625,59.690269470214844,32.07737731933594,13.127490043640137,13.270319938659668,-6.869358539581299,2.3390274047851562,-7.887984752655029,2.2946646213531494,4.487583637237549,-4.040566444396973,2.6735634803771973,-3.086395263671875,65.22879791259766,35.96247482299805,24.096616744995117,22.074066162109375,15.436902046203613,18.99683380126953,14.93292236328125,15.97413444519043,12.259510040283203,12.092626571655273,12.915273666381836,11.047422409057617,9.938515663146973,pop,pop.00074.wav
95.703125,3645.470694057959,969.7527249662887,3200.7208510864684,313.4771004725805,7658.53702320772,1273.7772567098514,0.15924053369291796,0.09825617698213585,-68.85472106933594,40.457462310791016,25.354524612426758,35.76828384399414,13.383127212524414,2.8213696479797363,12.759581565856934,4.48354434967041,3.357187509536743,10.026521682739258,-2.375098466873169,2.9945144653320312,-1.8024030923843384,56.88771438598633,25.77576446533203,18.065160751342773,17.092761993408203,13.016623497009277,13.800984382629395,11.705869674682617,9.752758026123047,9.470382690429688,9.150654792785645,9.240365982055664,8.192708015441895,9.479772567749023,pop,pop.00075.wav
215.33203125,3544.132839481264,967.8218370210268,3311.301496368,396.9409994447981,7780.519618928986,1628.051192507132,0.14281924221168732,0.08201173828453147,-38.288414001464844,47.80237579345703,20.052776336669922,23.84808921813965,19.795454025268555,13.665191650390625,14.684334754943848,4.572096347808838,7.713704586029053,8.956254959106445,5.42100191116333,1.1439083814620972,1.0811883211135864,67.64142608642578,25.418603897094727,20.147268295288086,17.01503562927246,15.719467163085938,15.513419151306152,10.711771965026855,9.948593139648438,8.924386978149414,9.503460884094238,7.10090970993042,6.54971981048584,7.3222432136535645,pop,pop.00076.wav
112.34714673913044,4037.153770826656,1137.7191375888099,3342.3644138556137,329.4029906962062,8331.4746207128,1382.60336751614,0.21392576613293343,0.11606557221244702,-34.209938049316406,40.39930725097656,17.510662078857422,13.42147159576416,13.2406005859375,7.449265003204346,18.18345832824707,2.7254276275634766,4.339627742767334,5.8252973556518555,-1.125758171081543,3.1106064319610596,2.4149975776672363,70.9094467163086,30.60845947265625,22.24101448059082,16.210025787353516,11.786317825317383,10.883463859558105,11.177122116088867,8.971407890319824,8.489418029785156,10.007192611694336,8.948469161987305,8.49690055847168,8.150874137878418,pop,pop.00077.wav
103.359375,3124.14935420786,972.9570316316733,2970.2727587674012,471.098570417519,6618.043314930825,1892.6492165038558,0.14272098127902477,0.09283304265737555,-42.77943420410156,62.79966735839844,4.760207653045654,24.068391799926758,9.64216136932373,-1.8881843090057373,9.252785682678223,-2.969123125076294,3.1815617084503174,5.934004306793213,-4.773739337921143,3.019498348236084,-1.240799903869629,67.9239730834961,32.246299743652344,26.307676315307617,18.578994750976562,16.60727882385254,15.438838958740234,14.046732902526855,11.210792541503906,11.427427291870117,10.549777030944824,9.856783866882324,9.253277778625488,8.38814926147461,pop,pop.00078.wav
112.34714673913044,1995.3281824967328,977.4697902819355,2425.0406811254434,556.7937545248911,4383.806825053212,1981.2543566774273,0.07255095963138544,0.07490883312033969,-273.28631591796875,103.14757537841797,8.722428321838379,31.69770050048828,12.511966705322266,3.492265462875366,3.939650297164917,-0.16230221092700958,-3.9216830730438232,3.2304422855377197,-6.373683929443359,-1.5361915826797485,-3.2130470275878906,86.0329818725586,34.6728401184082,22.627241134643555,13.940790176391602,10.335474014282227,13.713993072509766,8.549172401428223,8.04502010345459,8.56192398071289,7.7372283935546875,6.51006555557251,7.070916652679443,5.802968502044678,pop,pop.00079.wav
112.34714673913044,3151.445800513278,911.0488503451962,3220.4070745387885,368.22242790682685,7293.239232113487,1755.4569690306985,0.1275974899622678,0.06983669051193582,-44.972015380859375,69.76532745361328,11.851114273071289,8.137467384338379,12.623069763183594,7.798754692077637,11.307398796081543,0.19175654649734497,9.630409240722656,2.842668294906616,3.8571951389312744,-0.8326628804206848,2.1378021240234375,59.46461486816406,28.84046745300293,20.173131942749023,18.400344848632812,14.286171913146973,16.13156509399414,11.142199516296387,11.323833465576172,10.640457153320312,9.274187088012695,8.699971199035645,8.024008750915527,9.092288970947266,pop,pop.00080.wav
143.5546875,2246.9998668388666,710.3990174574898,2684.4523036223895,443.3161884340348,5155.910489581318,1723.0171580527137,0.08601724252612229,0.04229347117417399,-137.73312377929688,100.24317932128906,14.383044242858887,15.40381145477295,2.3205363750457764,-1.081811547279358,-2.106971502304077,-1.6870852708816528,-5.311201095581055,-1.784702181816101,1.748408555984497,-6.183539867401123,-3.0364272594451904,62.248531341552734,25.013261795043945,20.0091495513916,18.49704933166504,15.152515411376953,11.295534133911133,12.087756156921387,8.916868209838867,11.232406616210938,10.120052337646484,9.705567359924316,8.525162696838379,8.540506362915039,pop,pop.00081.wav
129.19921875,3168.3771358678678,791.5148850162831,3341.5360777099304,288.53325049009646,7555.42098006966,1300.3243228805447,0.1003391513883514,0.05975121796205029,-62.04381561279297,64.23981475830078,29.874727249145508,23.244829177856445,16.247188568115234,7.438479423522949,8.871021270751953,6.4075446128845215,7.394821643829346,3.0163872241973877,1.487842082977295,2.975710868835449,1.8600913286209106,50.00823974609375,21.058605194091797,13.784273147583008,10.125138282775879,10.052916526794434,10.171747207641602,7.7806243896484375,8.177472114562988,7.281885623931885,7.966479778289795,6.407523155212402,6.270001411437988,6.220590114593506,pop,pop.00082.wav
123.046875,2489.577623717522,742.5360475560685,2941.99075457532,455.07810233348806,5977.07219079552,1743.2647838148318,0.08429578657120743,0.04035524591315496,-104.4753189086914,86.85540771484375,28.76275062561035,26.635526657104492,8.927456855773926,5.674565315246582,7.759279727935791,0.46634581685066223,6.630064010620117,6.563311576843262,0.37748363614082336,2.1488523483276367,-0.019938135519623756,45.67570114135742,22.556291580200195,18.750905990600586,16.74127960205078,15.404425621032715,12.395870208740234,9.851663589477539,9.82113265991211,8.800313949584961,9.934540748596191,9.304469108581543,8.152048110961914,8.534920692443848,pop,pop.00083.wav
99.38401442307692,3262.336283566903,1613.3248762755131,3046.9965393068346,688.4888386778695,6827.983712116631,2868.488688603094,0.13586614744582043,0.11821614924974304,-112.39599609375,59.759735107421875,14.483948707580566,19.19007110595703,15.127423286437988,-3.211503267288208,6.109609127044678,-6.668193817138672,1.4637219905853271,-1.1876869201660156,-1.2330448627471924,-0.758741557598114,1.8843270540237427,70.89734649658203,48.26494598388672,30.287540435791016,16.226228713989258,17.71708106994629,15.87592887878418,14.147208213806152,12.599379539489746,12.687443733215332,11.764971733093262,11.532204627990723,10.01747989654541,10.269611358642578,pop,pop.00084.wav
117.45383522727273,2516.4589514571976,1023.4275279600389,2465.640306694536,626.4819245306977,5087.48590333543,2122.5874366180988,0.1220960115131579,0.07674440495887433,-81.77599334716797,78.6092758178711,-17.26093292236328,24.51177406311035,8.410554885864258,2.144618272781372,5.520015239715576,1.9346674680709839,8.799278259277344,-0.1222967877984047,0.4954398572444916,4.642273902893066,2.3893165588378906,84.58856964111328,41.179412841796875,33.06412124633789,17.36254119873047,16.456520080566406,14.083282470703125,14.917074203491211,10.743086814880371,11.123784065246582,9.958932876586914,8.384025573730469,8.02270221710205,8.812604904174805,pop,pop.00085.wav
129.19921875,3594.167118271268,722.3497338115999,3170.8583483099096,252.09226320047748,7634.353836106811,1066.9004072330738,0.18523244001547987,0.07679396298969991,-50.44928741455078,56.416481018066406,12.563282012939453,11.288338661193848,-2.739751100540161,1.3628129959106445,4.539969444274902,-0.9632134437561035,2.289421558380127,2.7384727001190186,-1.9891647100448608,2.5949509143829346,-4.0203375816345215,41.68366241455078,18.905410766601562,13.112893104553223,13.073721885681152,9.411330223083496,10.787100791931152,8.833916664123535,8.71607780456543,8.468236923217773,8.214362144470215,7.383575916290283,7.300402641296387,7.002165794372559,pop,pop.00086.wav
103.359375,3587.4721810924966,972.5589751764932,3336.2277931206263,331.3178763572155,7947.001945566467,1286.110940691189,0.1464783281733746,0.08836463346109234,-47.05376052856445,55.78174591064453,27.61712646484375,19.19342803955078,15.186062812805176,3.1757607460021973,5.627553462982178,1.6121147871017456,4.148367881774902,1.6211522817611694,-1.587005853652954,-3.0055181980133057,-7.636995315551758,43.4896354675293,26.670452117919922,20.826622009277344,15.309707641601562,10.529546737670898,12.735674858093262,9.428787231445312,9.98081111907959,9.339195251464844,7.771651744842529,8.65607738494873,6.780391693115234,8.34130573272705,pop,pop.00087.wav
99.38401442307692,3510.9284752203253,1150.70622700234,3148.809837219885,419.0641888904073,7257.397782175164,1946.9433567510525,0.17203410712558048,0.1055784682183664,-42.68938064575195,54.88202667236328,17.061819076538086,19.76453971862793,6.852839946746826,2.7781906127929688,11.820236206054688,1.2058560848236084,7.93871545791626,1.1382529735565186,-4.071281909942627,0.13736186921596527,-4.236570358276367,89.41024780273438,33.37063980102539,21.087587356567383,18.309032440185547,13.992018699645996,16.060579299926758,12.533038139343262,11.107810974121094,9.697848320007324,9.847017288208008,8.409517288208008,7.934170246124268,8.378362655639648,pop,pop.00088.wav
99.38401442307692,3401.2336884828965,1119.578897286797,3070.3590067421464,464.2775865087791,7052.665686828802,1969.8202219663171,0.16573822682856038,0.09891643065449823,-47.68193435668945,55.53718948364258,19.17885971069336,24.482961654663086,4.039877891540527,1.5440773963928223,6.966500759124756,-1.0461180210113525,3.082868814468384,1.795280933380127,-3.03511905670166,1.9345390796661377,-4.678550720214844,89.36140441894531,34.97943115234375,25.197612762451172,18.010709762573242,12.87684440612793,16.720033645629883,12.44990348815918,11.182172775268555,10.994794845581055,9.158175468444824,9.95802116394043,9.15562629699707,9.051362037658691,pop,pop.00089.wav
103.359375,3603.429553551326,967.9418147157721,3334.0083043535483,332.59599416439727,7959.451870283475,1265.7865114742262,0.14755995428599072,0.08846918969243606,-44.72324752807617,55.059226989746094,27.137182235717773,19.502979278564453,14.696993827819824,3.204047203063965,5.509529113769531,1.4237080812454224,4.496978759765625,1.3679070472717285,-1.6663117408752441,-3.534416675567627,-7.9148335456848145,43.74986267089844,26.195844650268555,20.935964584350586,15.078904151916504,10.796006202697754,12.81887149810791,9.48042106628418,9.94526195526123,9.272295951843262,7.71155309677124,8.648557662963867,6.737419128417969,8.311955451965332,pop,pop.00090.wav
117.45383522727273,3696.287748409418,877.7518842986608,3246.71775600717,348.7008362691968,7871.152404218266,1240.9513568123614,0.1668300569611068,0.09941433929321998,-8.406137466430664,42.00487518310547,8.297646522521973,17.972023010253906,14.039093017578125,7.345696926116943,5.725320816040039,-1.8997341394424438,4.603677272796631,2.0709261894226074,-1.0726747512817383,-0.6631825566291809,-2.4345152378082275,55.24052810668945,21.486536026000977,24.456010818481445,18.168731689453125,14.955220222473145,15.054895401000977,12.853076934814453,10.243962287902832,10.02885913848877,8.303540229797363,8.09694766998291,8.040436744689941,7.295742988586426,pop,pop.00091.wav
107.666015625,3271.2458605975758,931.6883723681627,2989.851208660016,473.3480780089569,6883.5083763665825,1696.0407364480402,0.14535890939434984,0.07793121615609189,-25.935338973999023,60.87203598022461,6.071952819824219,17.71719741821289,5.132510185241699,10.431290626525879,2.450117349624634,4.924422264099121,8.108928680419922,3.8508596420288086,-0.18614745140075684,7.252810478210449,4.946840286254883,56.464515686035156,27.549793243408203,26.0933895111084,15.169331550598145,13.374207496643066,11.371493339538574,10.69318675994873,10.019925117492676,9.873549461364746,10.295499801635742,8.754676818847656,7.93006706237793,9.276280403137207,pop,pop.00092.wav
135.99917763157896,3258.8665238179296,626.4220436445214,3144.2281341811336,262.24368591320643,7268.872712787829,975.6342949947621,0.1316624691611842,0.05899813120011993,-20.228376388549805,57.7734489440918,16.77764892578125,18.24957847595215,8.958151817321777,14.899964332580566,2.669635772705078,3.752622127532959,1.1145035028457642,1.8456721305847168,-5.980838298797607,-3.6137545108795166,-3.6554596424102783,35.74537658691406,19.20936393737793,18.44624900817871,11.943984985351562,10.37533187866211,11.671761512756348,8.960855484008789,8.824468612670898,8.549851417541504,7.432008266448975,6.996672630310059,6.843764305114746,7.0848164558410645,pop,pop.00093.wav
151.99908088235293,2806.432725529733,899.7542289646402,2857.788083353668,527.9872570848191,6102.421432825803,2024.3275756096361,0.12854835344910992,0.059247529474173964,-42.26880645751953,82.17974853515625,-2.2469732761383057,19.916231155395508,13.862177848815918,0.8657801151275635,7.920979976654053,-0.7182552814483643,6.87735652923584,-1.9071584939956665,-4.687560558319092,-3.164194107055664,-2.9416699409484863,52.37480163574219,29.913650512695312,19.6771183013916,13.866059303283691,10.965286254882812,13.30778980255127,10.476832389831543,9.502274513244629,8.06404972076416,9.043771743774414,7.833616733551025,7.902188301086426,8.137539863586426,pop,pop.00094.wav
103.359375,3046.1865869262933,985.8321226983294,3306.415151404711,443.1230695477843,7384.438680642898,1879.17640534721,0.10639353654702012,0.06583206529646518,-36.62918472290039,73.09261322021484,39.12303924560547,20.328523635864258,12.493546485900879,2.1519131660461426,11.737693786621094,-2.4324147701263428,6.64672327041626,3.182790994644165,-5.380570888519287,-3.14936900138855,-5.775080680847168,56.40973663330078,29.32013511657715,22.160991668701172,18.229740142822266,13.007393836975098,13.456992149353027,11.03001880645752,11.196683883666992,11.27093505859375,8.791183471679688,9.318605422973633,8.800877571105957,8.362703323364258,pop,pop.00095.wav
92.28515625,3126.3938966039664,1137.9887592829612,3162.6817626437364,447.0133938087716,6931.116421820579,1956.061194968397,0.10534554590750773,0.06440893787505508,-59.098690032958984,60.998294830322266,27.750640869140625,23.867935180664062,12.298356056213379,7.372222423553467,12.321167945861816,7.1516923904418945,13.415489196777344,2.485731840133667,-1.967411756515503,-2.414119005203247,-4.519556522369385,58.972076416015625,30.391305923461914,24.983076095581055,18.90724754333496,13.260621070861816,12.96072769165039,10.157805442810059,11.35731029510498,9.142634391784668,8.392098426818848,8.79513931274414,8.036195755004883,10.012953758239746,pop,pop.00096.wav
99.38401442307692,3510.042356894514,1511.7661482951257,3310.2784279907473,421.3931230130348,7587.437453137094,2068.593969900478,0.13724822525638544,0.14166575104819387,-125.53952026367188,51.196956634521484,38.51710510253906,14.49169635772705,16.2325382232666,4.642958164215088,12.308260917663574,1.1730316877365112,1.724549651145935,9.770825386047363,-2.822416305541992,2.078929901123047,0.8530097603797913,73.49761962890625,34.00556182861328,33.58127975463867,22.169940948486328,16.512142181396484,14.833390235900879,14.794329643249512,13.259659767150879,9.407231330871582,10.808727264404297,9.272698402404785,9.139955520629883,8.270904541015625,pop,pop.00097.wav
117.45383522727273,3634.106563927481,820.1911985984315,3134.284751630451,312.9876737331477,7534.996103576093,1169.8543386347537,0.18310584667666407,0.088114889256061,-26.936580657958984,46.71036911010742,8.70817756652832,8.604124069213867,6.086184024810791,12.425230026245117,6.958877086639404,2.5068418979644775,1.1593010425567627,7.2573089599609375,-3.1307191848754883,1.2537662982940674,3.838254928588867,66.54706573486328,24.287046432495117,23.49233627319336,19.00336456298828,11.04422378540039,12.22962760925293,12.219382286071777,11.645808219909668,11.426616668701172,9.012417793273926,10.227399826049805,9.49412727355957,10.754308700561523,pop,pop.00098.wav
78.30255681818181,2765.6481348893653,916.7970203860294,3222.6973193873114,417.43249967127633,6873.341771175987,1970.7459690396138,0.09601491449787151,0.06038996347141779,-119.3464584350586,85.94365692138672,33.886932373046875,9.992517471313477,17.7014102935791,0.5190526247024536,9.5654878616333,-5.299007892608643,4.170094013214111,8.1222505569458,-7.977633476257324,1.5659162998199463,-2.933182954788208,67.55061340332031,26.23935317993164,21.38456916809082,13.475892066955566,11.026412963867188,14.622502326965332,11.424296379089355,13.402918815612793,9.898432731628418,9.893080711364746,10.140719413757324,8.330488204956055,7.619242191314697,pop,pop.00099.wav
123.046875,2133.437132679841,525.8420492003531,2289.9243153801012,361.77071633604334,4801.820964045569,1383.3045555775163,0.09781082200561146,0.03579468036068824,-159.4761962890625,104.84811401367188,-10.300141334533691,34.65602493286133,-4.9666266441345215,26.805261611938477,-21.953397750854492,23.45208168029785,-14.029751777648926,19.586170196533203,-8.298797607421875,9.717496871948242,-10.065848350524902,57.44623947143555,19.543415069580078,22.16700553894043,16.80227279663086,12.636354446411133,11.36610221862793,11.649113655090332,10.267090797424316,9.367115020751953,10.263371467590332,9.917136192321777,10.637545585632324,9.81188678741455,reggae,reggae.00000.wav
151.99908088235293,1638.9674121345956,639.8554885028834,1995.4037341423593,462.44350015398885,3575.111715121904,1645.9205779754832,0.06396144241002322,0.036835097891346,-190.9176483154297,127.40975952148438,-3.763439416885376,26.714160919189453,-12.804948806762695,23.936830520629883,-8.225953102111816,9.973004341125488,-12.233067512512207,13.443713188171387,-7.079031944274902,1.6518702507019043,-14.517786979675293,54.28944396972656,27.926025390625,20.739234924316406,11.384340286254883,11.202204704284668,8.805426597595215,9.735060691833496,10.677637100219727,8.942631721496582,8.892956733703613,8.735716819763184,7.987151622772217,7.533698081970215,reggae,reggae.00001.wav
103.359375,1797.2984668713393,653.6927354423228,2103.0795885096622,390.80070990076183,3926.451257286426,1600.9165890978068,0.07512652984713622,0.04207189472459372,-189.03758239746094,110.84746551513672,2.952471971511841,48.38526916503906,-6.414886474609375,20.739728927612305,-12.55073070526123,15.891012191772461,-13.61220932006836,9.429014205932617,-8.036865234375,8.0992431640625,-10.633535385131836,79.61468505859375,26.816530227661133,25.145854949951172,17.913007736206055,13.849786758422852,15.606925964355469,12.9899263381958,11.889963150024414,11.420591354370117,11.249465942382812,9.365615844726562,9.451798439025879,10.105441093444824,reggae,reggae.00002.wav
143.5546875,1924.062787400072,830.2872676958027,2107.849824229109,551.6628291881523,4154.89154260594,1950.3443833361296,0.08493448263351393,0.06347003014835992,-201.14634704589844,104.1486587524414,-15.473288536071777,30.80438232421875,14.252315521240234,31.42222023010254,-7.867557048797607,17.963144302368164,-4.0559983253479,16.943933486938477,-11.217153549194336,12.121106147766113,-5.287185192108154,73.91918182373047,33.578948974609375,27.6346378326416,17.73638153076172,17.3061466217041,14.770943641662598,15.00635051727295,13.770472526550293,10.724529266357422,10.016441345214844,10.195488929748535,9.70180892944336,9.615592002868652,reggae,reggae.00003.wav
123.046875,2009.3766964303295,701.2091330922617,2140.9098581701173,423.96814801342975,4303.540643745163,1550.683676887082,0.08446849905669504,0.04918898307252047,-175.64170837402344,104.89667510986328,-15.691055297851562,27.549057006835938,-8.112590789794922,24.01068115234375,-10.33552360534668,18.850736618041992,-8.387436866760254,11.847503662109375,-7.593305587768555,12.554908752441406,-6.044675827026367,83.98261260986328,29.60338020324707,23.650697708129883,19.392005920410156,15.620262145996094,14.102789878845215,16.009117126464844,13.679450035095215,13.580802917480469,12.620140075683594,11.604511260986328,11.233837127685547,9.770432472229004,reggae,reggae.00004.wav
161.4990234375,1798.6538836861723,628.496334126617,1964.0250538224557,398.68183415231533,3797.0103733310757,1407.3667864724493,0.07305095660797213,0.04155342918074895,-176.69528198242188,116.83857727050781,-21.323230743408203,38.7664909362793,-5.47161865234375,26.622394561767578,-8.185519218444824,15.7808837890625,-10.489776611328125,11.041742324829102,-10.061266899108887,9.915604591369629,-3.2601382732391357,73.52381134033203,28.46030044555664,23.11674690246582,15.649288177490234,18.87706184387207,13.599817276000977,13.675995826721191,10.237658500671387,10.568615913391113,10.877320289611816,9.14453125,9.204191207885742,9.336796760559082,reggae,reggae.00005.wav
75.99954044117646,1418.2807056387026,739.0556343102762,1704.9426029358353,496.7370659972816,2881.0659119219235,1614.9481744841119,0.060822383538119196,0.05101173401405865,-207.34693908691406,134.6690673828125,-9.072053909301758,38.46156692504883,6.294405460357666,22.612716674804688,-8.29777717590332,16.307374954223633,-8.460723876953125,4.160749435424805,-4.351009368896484,6.347874164581299,-6.902564525604248,71.95503997802734,33.263267517089844,26.91780662536621,20.662736892700195,19.954849243164062,13.584485054016113,17.714527130126953,12.317659378051758,11.017836570739746,11.835187911987305,10.53474235534668,9.608550071716309,9.36423110961914,reggae,reggae.00006.wav
151.99908088235293,1754.296876028464,676.2418969658652,2026.1579061758764,459.2464262862944,3769.0188759251646,1710.6166830488605,0.07391149562209752,0.044730506407744765,-192.26953125,116.49671173095703,-10.948331832885742,29.89508056640625,-0.6437026262283325,21.41599464416504,-11.890398025512695,18.631174087524414,-13.072376251220703,14.453670501708984,-7.383002758026123,4.824288368225098,-2.811899423599243,70.89920043945312,25.799955368041992,26.94211196899414,20.42806625366211,18.55174446105957,11.947805404663086,20.07054901123047,12.477191925048828,12.627945899963379,12.10323429107666,11.798381805419922,10.385795593261719,10.729825973510742,reggae,reggae.00007.wav
95.703125,1691.9918927541255,706.5910589524012,1963.6870059672096,459.80222002041353,3657.736215502854,1639.8896023080738,0.06947274695239938,0.045968972309658976,-194.59451293945312,118.5517349243164,-6.407085418701172,40.793235778808594,-3.2897934913635254,25.464677810668945,-9.305264472961426,11.397987365722656,-6.148848533630371,15.34121036529541,-5.157905578613281,5.756854057312012,-6.2863240242004395,76.89493560791016,33.720741271972656,24.33143424987793,22.47486114501953,17.969364166259766,12.328011512756348,15.336752891540527,12.792351722717285,14.1863374710083,11.301658630371094,10.271879196166992,9.137056350708008,10.233524322509766,reggae,reggae.00008.wav
161.4990234375,1609.7558037303509,1026.232567160231,1990.2806356947426,617.3379813073738,3270.7802220394738,2218.0958591574217,0.06057597535313467,0.04951183818621845,-232.593017578125,131.2395477294922,2.662842273712158,18.392391204833984,11.315526962280273,22.940380096435547,-10.487954139709473,16.76371192932129,-15.250353813171387,15.543020248413086,-8.380157470703125,8.02341365814209,-3.7811055183410645,80.03518676757812,36.60907745361328,24.731565475463867,17.375713348388672,17.569610595703125,15.980234146118164,16.420719146728516,12.785229682922363,13.114860534667969,11.666890144348145,11.534479141235352,9.968342781066895,9.918808937072754,reggae,reggae.00009.wav
117.45383522727273,2149.7748681954477,836.3917055027446,2037.01320453109,361.3772558910381,4427.873225256385,1373.1194756449731,0.10279038373161764,0.07014406672519193,-233.6129608154297,87.49832916259766,-22.208412170410156,52.04625701904297,-8.596837043762207,24.979408264160156,-18.240001678466797,1.8987337350845337,-9.137019157409668,-0.22734659910202026,-17.065608978271484,-3.0177414417266846,-9.790681838989258,70.68213653564453,30.409542083740234,20.113590240478516,18.571430206298828,20.343320846557617,10.129725456237793,18.13848114013672,10.661789894104004,10.457408905029297,9.238911628723145,10.102762222290039,9.281794548034668,9.307132720947266,reggae,reggae.00010.wav
123.046875,1995.6005146508553,545.0741464630041,2295.4662396097137,361.2645079523056,4557.697440227119,1409.7378812637944,0.07032270401993033,0.03830244686763856,-198.63279724121094,102.41358184814453,-10.031448364257812,30.802383422851562,-3.310605764389038,20.27692413330078,-5.637373447418213,28.095630645751953,-11.512124061584473,18.20206642150879,-7.365782260894775,12.278468132019043,-4.360509395599365,69.82244873046875,22.857038497924805,25.073043823242188,17.655513763427734,15.686372756958008,12.100143432617188,12.11655330657959,10.646368980407715,9.615288734436035,9.288545608520508,8.801789283752441,8.849416732788086,8.292119026184082,reggae,reggae.00011.wav
129.19921875,2300.0529187574825,952.2549798855363,2303.614904048928,485.2967169538623,4920.020249310662,1835.9682508703388,0.1137952302631579,0.08840022252356414,-191.17173767089844,96.34012603759766,-17.656991958618164,24.872455596923828,-0.8780677914619446,26.344680786132812,-12.918913841247559,19.642457962036133,-9.785496711730957,16.9770565032959,-8.600343704223633,11.421409606933594,-8.215002059936523,72.85302734375,31.431581497192383,26.02090835571289,21.617496490478516,19.00954818725586,15.704109191894531,16.971542358398438,14.812453269958496,11.563430786132812,10.326154708862305,10.64511775970459,9.675589561462402,9.649078369140625,reggae,reggae.00012.wav
123.046875,1606.560170615663,794.6074196600532,1974.1980410603148,551.7224944587019,3432.80424230239,1942.4049622345265,0.07054114563177244,0.05929702345633586,-206.4923553466797,122.64485931396484,-0.6156088709831238,29.371662139892578,10.252774238586426,28.223461151123047,-9.92139720916748,13.379462242126465,-8.442612648010254,11.284242630004883,-7.274707317352295,7.082518100738525,-10.333574295043945,80.26113891601562,30.435020446777344,29.327550888061523,16.715024948120117,18.063194274902344,13.845476150512695,15.647546768188477,12.387286186218262,12.137275695800781,14.031378746032715,11.352160453796387,10.277169227600098,10.783050537109375,reggae,reggae.00013.wav
129.19921875,1716.1117225999903,959.423985220608,2062.763193139659,598.7867380633198,3791.193741836784,2176.192733961067,0.06411563648897059,0.05822072335346724,-209.72825622558594,105.23511505126953,2.5971052646636963,34.90690994262695,15.330764770507812,25.211894989013672,-6.054940700531006,18.222579956054688,-5.076517105102539,8.924583435058594,-0.9967100620269775,8.245265007019043,-4.022233963012695,81.99922943115234,36.137237548828125,28.509645462036133,20.10396385192871,18.703449249267578,13.570322036743164,17.106847763061523,14.683525085449219,14.453990936279297,11.243632316589355,11.15799331665039,9.5203218460083,9.844048500061035,reggae,reggae.00014.wav
129.19921875,1923.7123234958624,814.6537902095738,2314.448964060522,521.7021200089056,4493.747826921682,1965.473761478321,0.06821916420762383,0.04309297372704605,-157.72598266601562,109.83527374267578,8.463047981262207,41.79172134399414,5.113607883453369,25.760814666748047,-12.964588165283203,22.06696128845215,-15.514671325683594,14.3726806640625,-11.921098709106445,11.602115631103516,-10.626171112060547,62.13489532470703,29.06319236755371,22.807374954223633,16.599201202392578,14.199529647827148,13.919641494750977,13.700432777404785,11.06113338470459,11.176077842712402,11.576602935791016,8.917393684387207,9.246171951293945,8.549433708190918,reggae,reggae.00015.wav
143.5546875,2118.326028871004,474.5591623378415,2302.8563870316257,286.54715225136636,4852.278992266109,1043.0519668200411,0.07927087364551083,0.03588569373134594,-76.04833221435547,101.12716674804688,-11.63193416595459,46.23291778564453,-11.216928482055664,31.394113540649414,-9.462058067321777,22.460752487182617,-16.815595626831055,15.975831985473633,-9.508243560791016,11.81232738494873,-7.845017433166504,61.58922576904297,17.499202728271484,20.72220230102539,11.66918659210205,8.7923002243042,8.702265739440918,9.219526290893555,7.420934200286865,7.500181198120117,7.871674060821533,7.331257343292236,7.2296576499938965,6.808554172515869,reggae,reggae.00016.wav
129.19921875,1803.5661063308723,812.0345431879231,1972.8008640329158,449.0341798839668,3777.985488371952,1621.5186030809757,0.07796513702109133,0.05959570950443023,-154.8780975341797,110.04191589355469,-18.444852828979492,36.64432907104492,0.5231587290763855,31.58628273010254,-10.428807258605957,18.810909271240234,-7.182783603668213,13.130121231079102,-5.2511677742004395,8.890393257141113,-6.71835994720459,68.32787322998047,37.38716506958008,24.625886917114258,18.527454376220703,20.655126571655273,13.735361099243164,17.95487403869629,11.662639617919922,14.965903282165527,11.5958251953125,11.365354537963867,9.41630744934082,10.9931640625,reggae,reggae.00017.wav
151.99908088235293,1907.381884489025,868.3066543658438,2124.3866543657846,503.6021794928056,4220.232814162878,1906.129904808793,0.07739862495162539,0.05845871678912975,-170.92190551757812,107.74945831298828,-1.754551887512207,46.44015884399414,-0.19604642689228058,24.946035385131836,-10.681297302246094,18.073284149169922,-10.796637535095215,11.152105331420898,-7.2524518966674805,6.203108310699463,-6.464095592498779,71.68163299560547,31.161775588989258,23.326740264892578,15.133687973022461,18.56515884399414,13.678574562072754,14.136490821838379,10.93679428100586,12.87254524230957,10.599048614501953,10.825947761535645,9.590995788574219,9.92098617553711,reggae,reggae.00018.wav
143.5546875,1754.5284525268162,955.9632528965839,2068.6260106561267,582.5606632886587,3841.8934352626743,2114.444714340454,0.07129926651993033,0.06445115865730949,-184.5159454345703,106.18036651611328,4.0202484130859375,38.73769760131836,8.40831470489502,30.45932960510254,-3.355588436126709,20.299545288085938,-1.5513797998428345,15.9221773147583,-6.521013259887695,13.197271347045898,-1.7158337831497192,92.13807678222656,34.655521392822266,28.459991455078125,16.612594604492188,23.556367874145508,12.368803977966309,19.4785099029541,11.401658058166504,12.894392967224121,9.799732208251953,10.174271583557129,9.387105941772461,10.346053123474121,reggae,reggae.00019.wav
129.19921875,1637.9263684990146,758.277709838855,2045.9357051126192,457.3052340822045,3596.253253948578,1820.6050719682084,0.05678045786571207,0.04789884175603162,-177.68386840820312,113.61753845214844,2.316892147064209,35.84281539916992,1.594757318496704,34.69797897338867,-8.755849838256836,16.296052932739258,-9.335260391235352,14.175699234008789,-2.073439598083496,13.142420768737793,-7.247561454772949,77.68804931640625,28.76833724975586,22.294519424438477,18.348346710205078,16.16912841796875,12.357512474060059,16.22173309326172,12.963264465332031,13.417856216430664,11.198151588439941,12.284769058227539,11.467373847961426,11.327325820922852,reggae,reggae.00020.wav
151.99908088235293,2007.372657971661,524.6149174193421,2120.535241338682,317.8556514908789,4324.615516308291,1137.4100521402834,0.09286754123935759,0.039902825540715704,-88.09089660644531,109.4167251586914,-25.173023223876953,40.403038024902344,-8.781225204467773,24.70951271057129,-11.537566184997559,18.49916648864746,-8.295320510864258,17.030208587646484,-8.444005966186523,9.802780151367188,-12.90077018737793,38.995277404785156,21.043737411499023,17.716432571411133,12.394756317138672,11.640758514404297,12.198534965515137,12.17241382598877,8.767510414123535,8.941944122314453,7.98463249206543,8.625373840332031,7.0861711502075195,7.344080448150635,reggae,reggae.00021.wav
151.99908088235293,2059.3588992585837,493.25667142180646,2227.0664146910767,312.8717576755535,4552.972468798374,1119.4960579600322,0.0723423441128096,0.03569558494854113,-91.33976745605469,98.83060455322266,-23.198654174804688,46.87973403930664,-6.8574090003967285,29.266338348388672,-9.967306137084961,25.659387588500977,-10.211893081665039,19.611228942871094,-8.218379974365234,13.4072265625,-6.49976110458374,55.248653411865234,21.6927433013916,18.170856475830078,15.179001808166504,10.567938804626465,11.150140762329102,10.72127628326416,8.621003150939941,8.462172508239746,9.588784217834473,8.559430122375488,7.144589424133301,8.151049613952637,reggae,reggae.00022.wav
129.19921875,2354.2710703063417,859.5887613581737,2335.857887101552,366.9946713752675,5048.41113961518,1601.6671620048176,0.1202902779121517,0.09112250223852493,-161.81602478027344,78.71281433105469,-19.275562286376953,55.1133918762207,13.201412200927734,30.957822799682617,-7.024675369262695,24.269943237304688,-12.833857536315918,21.512704849243164,-13.528580665588379,12.77205753326416,-7.446732521057129,70.0731201171875,30.722244262695312,19.571104049682617,16.01389503479004,14.47684383392334,12.230000495910645,13.301794052124023,9.997946739196777,11.920068740844727,11.155529975891113,8.951412200927734,7.875665664672852,8.223127365112305,reggae,reggae.00023.wav
135.99917763157896,1811.3582154873116,810.1451025407114,2019.2526860338724,442.32342525027985,3854.901689936871,1697.9631337259036,0.0721775680872678,0.05171073026795023,-169.24366760253906,110.44771575927734,-8.553956985473633,43.8986930847168,0.2664538323879242,26.646509170532227,-14.365674018859863,13.026835441589355,-11.14289665222168,8.14470100402832,-7.690255641937256,10.9099702835083,-8.17238712310791,76.76116180419922,34.87289810180664,22.23798942565918,18.108243942260742,15.6741943359375,11.998333930969238,16.124858856201172,11.390905380249023,12.906303405761719,10.958412170410156,10.152737617492676,8.841719627380371,9.60209846496582,reggae,reggae.00024.wav
123.046875,1709.0354342543874,774.6447834637473,1899.2199943519847,521.5661805778511,3582.7866687125097,1760.6668154924982,0.07374974300986842,0.051299621555574666,-177.34091186523438,110.98352813720703,-15.655527114868164,36.77762985229492,0.06121807172894478,24.468961715698242,-3.7678868770599365,18.42662239074707,-3.3727521896362305,13.775833129882812,-2.107057809829712,8.593648910522461,-5.945119857788086,90.30091857910156,31.679880142211914,31.575393676757812,17.347267150878906,19.046709060668945,13.633293151855469,16.286720275878906,13.589874267578125,14.338095664978027,10.315824508666992,9.607917785644531,9.754894256591797,10.273201942443848,reggae,reggae.00025.wav
135.99917763157896,1840.8054757537875,771.2713640112629,2054.3627295419174,479.4984609387312,4007.0841030439724,1725.73879656926,0.07455850607101393,0.047762171574204,-171.674560546875,99.35704040527344,-8.266291618347168,49.60402297973633,1.087764024734497,31.122861862182617,-7.134890556335449,15.888199806213379,-1.3654099702835083,12.733199119567871,-5.199900150299072,11.809978485107422,-5.325465679168701,85.86494445800781,30.394485473632812,25.43639373779297,19.854372024536133,19.576780319213867,13.568796157836914,14.917633056640625,11.70641803741455,13.52197551727295,12.246623039245605,11.084176063537598,10.322797775268555,10.080655097961426,reggae,reggae.00026.wav
135.99917763157896,2086.5315028359455,911.328301486395,2317.9605384924525,492.29894748521235,4678.97170689822,1889.7224982340838,0.08737815644349846,0.07514190382036555,-177.61338806152344,89.95230102539062,4.605282783508301,40.16279220581055,0.16708143055438995,23.18253517150879,-9.905035018920898,12.76270866394043,-7.30821418762207,18.73248291015625,-5.735256195068359,6.114346027374268,-9.921317100524902,83.23368072509766,31.853120803833008,27.25537872314453,23.161760330200195,17.697309494018555,13.971966743469238,15.250513076782227,12.19741153717041,11.94035816192627,11.527487754821777,11.320279121398926,10.835124969482422,10.134181022644043,reggae,reggae.00027.wav
78.30255681818181,1640.0485302065747,891.7748577963979,1906.2950902164441,470.143785140082,3494.9705330580014,1770.003232535659,0.06783783620356038,0.06378219731575013,-256.3182678222656,104.26258850097656,-7.273194789886475,56.24643325805664,11.09731674194336,27.300397872924805,5.819084167480469,17.78363609313965,-1.2736736536026,14.663481712341309,-3.464660167694092,10.8682279586792,-2.4614920616149902,95.21336364746094,34.323089599609375,31.356794357299805,16.119909286499023,26.190109252929688,13.682034492492676,13.378209114074707,9.835362434387207,10.44487190246582,9.394566535949707,8.645386695861816,7.240447998046875,8.176448822021484,reggae,reggae.00028.wav
151.99908088235293,1585.601293881055,543.0890547964221,2126.9648563718615,365.8383221735478,3736.244074109907,1495.7397545632973,0.04367887420181889,0.02332330172149772,-202.02220153808594,111.09486389160156,8.87687873840332,51.826438903808594,1.2931866645812988,30.04319190979004,-4.508890151977539,22.452714920043945,-7.146487236022949,11.500770568847656,-4.760858058929443,10.600747108459473,-2.6392035484313965,77.64641571044922,20.075878143310547,31.031076431274414,11.55514907836914,14.108054161071777,10.029157638549805,10.216959953308105,9.8132905960083,8.512899398803711,9.718663215637207,7.732481956481934,7.853679180145264,7.119983673095703,reggae,reggae.00029.wav
75.99954044117646,1814.19900091257,945.0558363952011,2187.883147011966,538.8166524788465,4068.258733129354,2164.7082631074854,0.07047840980553406,0.06953823215658099,-239.17886352539062,98.96217346191406,19.201751708984375,50.79389953613281,2.8389906883239746,32.244686126708984,-1.5015263557434082,16.732337951660156,-7.452125549316406,16.716909408569336,1.497063159942627,16.056482315063477,2.8027048110961914,88.48331451416016,34.77266311645508,30.97385025024414,18.19523048400879,21.69629669189453,11.189356803894043,15.047698974609375,8.713418960571289,9.3753023147583,10.343148231506348,7.503562927246094,9.456324577331543,8.548117637634277,reggae,reggae.00030.wav
161.4990234375,1578.9797524821934,722.6497866961328,2022.4438370808307,508.3853515711098,3540.945255055147,1815.7771116188135,0.05862247242647059,0.040125812220501475,-226.4188232421875,103.35993194580078,0.16650240123271942,43.97385787963867,10.650589942932129,35.2100715637207,8.444856643676758,21.14563751220703,-3.2926626205444336,15.537871360778809,-3.010856866836548,11.102892875671387,1.7772819995880127,92.42017364501953,25.574260711669922,31.469831466674805,18.803571701049805,22.81344223022461,16.587390899658203,14.03542423248291,10.041272163391113,12.015164375305176,9.791696548461914,9.389944076538086,9.5216064453125,8.013422012329102,reggae,reggae.00031.wav
151.99908088235293,1510.806650097002,576.6243240770474,1850.300559898857,471.4963282095523,3319.1299296754064,1434.6679138476113,0.0658639252370356,0.03831987556988722,-243.80943298339844,123.34759521484375,-15.570890426635742,38.88397216796875,6.487192153930664,25.511737823486328,3.0363428592681885,17.17544174194336,-0.212694451212883,8.983331680297852,-2.4875261783599854,6.7616143226623535,-3.453197956085205,69.27429962158203,27.691038131713867,30.91278839111328,22.293615341186523,17.810701370239258,12.782254219055176,11.747681617736816,9.254646301269531,9.3250093460083,9.08253002166748,7.471930027008057,7.735802173614502,7.073690891265869,reggae,reggae.00032.wav
89.10290948275862,1615.9036118108686,807.4753747442071,2062.8677397297074,441.9344399577137,3560.1451389560757,1944.7814165514724,0.059147790489551086,0.06101540799930658,-249.427734375,111.49365234375,11.282425880432129,41.32826614379883,-2.885129928588867,34.55427551269531,0.42364588379859924,22.34600067138672,-9.96639633178711,10.20838451385498,-2.821761131286621,8.728781700134277,-1.4477806091308594,80.3694839477539,28.54595947265625,37.62648010253906,17.40452003479004,17.24058723449707,15.127076148986816,14.44539737701416,10.366449356079102,9.940526008605957,11.559432983398438,7.950320243835449,8.437294960021973,6.583012580871582,reggae,reggae.00033.wav
184.5703125,1291.482455169567,688.327638931512,1746.2980689654746,537.6385024443413,2827.566235427148,1726.74021722914,0.04461386476876935,0.028460355880413568,-238.86949157714844,132.3236541748047,-0.12489058822393417,41.23384475708008,2.423020124435425,19.093399047851562,7.968852996826172,19.944677352905273,-0.6315844058990479,11.098160743713379,-1.719542145729065,9.940314292907715,3.0247061252593994,76.68228912353516,28.23642349243164,24.079164505004883,15.476981163024902,15.841840744018555,15.50385570526123,14.050263404846191,9.692867279052734,10.10289192199707,11.157658576965332,8.681995391845703,8.544785499572754,8.118110656738281,reggae,reggae.00034.wav
107.666015625,1699.8353933233097,743.438883577462,2030.7174837332313,459.9990036258188,3787.3354318341235,1689.037225002736,0.061317467468072755,0.04246129247250051,-223.3667755126953,114.21255493164062,-4.424648761749268,40.1878662109375,-5.098538398742676,24.676881790161133,0.7235718369483948,17.04950523376465,-2.365762233734131,11.154623031616211,-3.084627866744995,6.129700660705566,-5.687175750732422,80.1363754272461,26.57589340209961,24.224794387817383,17.52337074279785,17.616836547851562,15.85410213470459,14.475471496582031,11.430975914001465,10.409415245056152,8.699994087219238,8.819904327392578,7.606213569641113,7.188629150390625,reggae,reggae.00035.wav
86.1328125,1811.5147924120354,809.0012247005089,2166.3124683929723,427.14144364203133,4119.283424590025,1694.7782495897256,0.05923924874226006,0.044961716386086814,-236.62388610839844,91.68299102783203,1.8581238985061646,45.465084075927734,1.269351840019226,32.25914764404297,9.054457664489746,19.607553482055664,-5.063745498657227,10.957539558410645,-4.013187408447266,7.537910461425781,-0.33258384466171265,74.17494201660156,26.556821823120117,24.623231887817383,13.960929870605469,16.2791805267334,15.106913566589355,17.19964599609375,14.079791069030762,10.57632827758789,12.614964485168457,9.438797950744629,10.103775024414062,10.598706245422363,reggae,reggae.00036.wav
151.99908088235293,1709.714456389326,724.1798019919919,2068.0062617750314,437.30257177261666,3837.6684608105165,1664.4157454699014,0.06328759916795666,0.05206298795170147,-242.55130004882812,98.30878448486328,-3.8207767009735107,46.03242492675781,3.2868471145629883,29.200767517089844,8.863107681274414,26.982606887817383,4.722848415374756,13.119674682617188,-0.6375584602355957,12.055010795593262,3.004189968109131,102.44207763671875,24.342144012451172,28.19310760498047,17.300874710083008,21.580236434936523,13.71679973602295,13.69813346862793,13.510059356689453,11.067315101623535,11.12155818939209,9.887115478515625,9.597829818725586,8.922966957092285,reggae,reggae.00037.wav
95.703125,1701.103192532159,723.5883288630971,2000.4313412268452,468.76568929187044,3693.844330495356,1680.5257678198918,0.0655547812258127,0.05124306271332017,-240.00929260253906,108.7555160522461,-8.202256202697754,32.19762420654297,-8.816149711608887,18.640666961669922,-4.701402187347412,15.518406867980957,-3.718203544616699,14.536972999572754,-4.792446613311768,6.403633117675781,-2.9500248432159424,91.01213836669922,25.63971710205078,34.21803283691406,15.578716278076172,15.058053016662598,15.542858123779297,14.515226364135742,14.206274032592773,12.333477020263672,14.07129192352295,12.99311351776123,14.155662536621094,11.204139709472656,reggae,reggae.00038.wav
151.99908088235293,1312.7373064527953,735.3694856041109,2137.4601402385933,474.0482874604041,2649.925642928841,2260.614056421187,0.02594957853618421,0.018791419961418688,-300.35504150390625,99.2526626586914,52.999855041503906,43.22673797607422,18.883024215698242,24.84849739074707,-7.955613136291504,22.17586898803711,1.7826728820800781,24.794260025024414,8.393651008605957,20.713451385498047,2.8040072917938232,109.0774154663086,32.981727600097656,47.119384765625,22.40555191040039,18.406089782714844,14.081854820251465,13.692716598510742,10.47359561920166,8.437956809997559,9.288201332092285,8.915881156921387,8.947892189025879,7.848930835723877,reggae,reggae.00039.wav
92.28515625,2031.8882309842427,919.5724806449037,1850.2019356993098,366.38116716275675,3837.843459752322,1397.650131930698,0.10104549632352941,0.08690607634035401,-296.0807800292969,93.19380950927734,-31.427438735961914,29.488937377929688,-18.940149307250977,1.9491981267929077,-19.498470306396484,-6.245118141174316,-24.019805908203125,-7.098768711090088,-14.191152572631836,3.2708816528320312,-10.612778663635254,118.71295928955078,39.59824752807617,25.02300262451172,30.047882080078125,18.865278244018555,18.829309463500977,17.294269561767578,14.427742004394531,11.91253662109375,10.766697883605957,14.556262969970703,14.205061912536621,15.198711395263672,reggae,reggae.00040.wav
143.5546875,1931.4896901504014,766.9669636171722,2205.638614424234,393.6866259310053,4123.183401007402,1454.3131645091848,0.05904763992356811,0.03767263328559756,-177.2906036376953,89.63706970214844,9.614038467407227,65.46782684326172,-1.0167572498321533,15.51467227935791,8.01046085357666,16.342636108398438,0.26795145869255066,2.6445178985595703,2.896160364151001,0.6422156691551208,2.5766916275024414,69.7099609375,32.11911392211914,27.02680778503418,17.415163040161133,18.086841583251953,14.934309959411621,11.45020580291748,9.776666641235352,9.452103614807129,10.638875961303711,9.59982967376709,8.142791748046875,8.252395629882812,reggae,reggae.00041.wav
123.046875,2480.8459326909738,827.9204018190551,2521.7094790983374,546.065723734881,5049.419466851296,1926.1644558793141,0.10571062306501548,0.057513855159720136,-174.81072998046875,79.29305267333984,-24.333023071289062,17.978055953979492,24.47028350830078,15.726946830749512,7.472576141357422,4.225911617279053,3.9170730113983154,4.806662559509277,2.760658025741577,1.7235027551651,-2.3440120220184326,62.61976623535156,24.764474868774414,27.943687438964844,18.905466079711914,16.14629364013672,11.245223999023438,12.697011947631836,9.882994651794434,9.603582382202148,9.632735252380371,9.256529808044434,8.194046974182129,8.956591606140137,reggae,reggae.00042.wav
151.99908088235293,1484.7434261821936,338.49129449046075,1644.3137702371994,226.47729099244583,2775.2082186955786,461.93803709493073,0.07602637323432662,0.033675190594016,-164.68896484375,142.69796752929688,-41.4739875793457,41.2348518371582,16.1884708404541,-5.570958614349365,7.642460823059082,5.620356559753418,0.8028851747512817,-10.47752571105957,-2.348062753677368,-0.4949834942817688,-3.0664114952087402,58.33504867553711,19.435026168823242,18.00067710876465,10.12646770477295,15.657766342163086,11.502952575683594,8.071735382080078,8.52951431274414,7.3834381103515625,8.744705200195312,8.731524467468262,7.421059608459473,7.166475772857666,reggae,reggae.00043.wav
172.265625,2454.215349177034,942.1222606043639,2820.883466207411,462.86390832265306,5582.274578082673,1960.4603223860345,0.08757694586880804,0.050584796549271165,-104.24897003173828,83.94451141357422,18.881547927856445,28.945411682128906,10.635660171508789,9.320363998413086,9.311715126037598,6.5240044593811035,3.0084590911865234,2.4963021278381348,2.7950141429901123,-0.2027198225259781,3.1010100841522217,61.88536071777344,27.667139053344727,22.2062931060791,16.801437377929688,12.980586051940918,12.766408920288086,12.641864776611328,11.35367202758789,10.211037635803223,10.212903022766113,7.783044815063477,7.517246246337891,6.352802753448486,reggae,reggae.00044.wav
161.4990234375,4283.044762530106,992.0255488050609,3112.0550806340652,377.3497590696028,7926.302070735778,1353.3694583892132,0.22392041469136997,0.09241312543894102,-120.32481384277344,16.383319854736328,25.046579360961914,37.259220123291016,9.280131340026855,13.014446258544922,3.22973370552063,5.967851161956787,4.083349704742432,1.6961601972579956,1.8896632194519043,2.6729695796966553,2.0346596240997314,78.24610137939453,29.566415786743164,32.31177520751953,21.32481575012207,15.007610321044922,11.561944007873535,13.80750846862793,10.017646789550781,10.192133903503418,9.558192253112793,9.931258201599121,8.124801635742188,7.915016174316406,reggae,reggae.00045.wav
172.265625,2322.2929756125877,873.7506339390666,2592.9071385788216,474.2057306806459,5228.026720171004,1749.0417561396391,0.08097759046052631,0.051526130824463875,-169.03961181640625,79.50440979003906,15.242740631103516,42.74113082885742,7.687920093536377,17.028827667236328,-5.982692718505859,0.5410266518592834,0.06319968402385712,-0.9479883909225464,0.8362159132957458,-1.5890545845031738,-2.892287015914917,54.81899642944336,27.208019256591797,20.884248733520508,18.204912185668945,13.303885459899902,10.061046600341797,10.685722351074219,8.344913482666016,8.627484321594238,9.39812183380127,8.88916015625,7.438712120056152,7.805775165557861,reggae,reggae.00046.wav
143.5546875,2477.9298991117516,789.0163851093765,2309.8552804001843,291.3016753758852,4759.787884880515,1126.815615005446,0.1149788965750774,0.07017387461748197,-140.3178253173828,69.63296508789062,-9.986164093017578,52.16775131225586,3.2691404819488525,4.559303283691406,-3.4938628673553467,2.9231503009796143,-6.571258068084717,-2.6421220302581787,-1.731411337852478,-6.943737506866455,-5.825411319732666,64.2683334350586,33.091678619384766,25.195995330810547,20.653539657592773,17.876876831054688,12.253496170043945,13.562667846679688,12.522597312927246,12.080330848693848,11.444185256958008,10.011027336120605,9.804570198059082,9.234517097473145,reggae,reggae.00047.wav
89.10290948275862,2673.271677146015,912.6953540190198,2550.062750195988,348.95118860308736,5607.916089698626,1422.5273068185502,0.11121021188080496,0.07094721929625661,-123.73369598388672,66.19564819335938,8.181811332702637,49.75967788696289,8.53877067565918,25.883350372314453,-5.392043590545654,12.895174980163574,-2.5414345264434814,6.796806335449219,-3.5781760215759277,7.636993885040283,-2.055896282196045,62.23849105834961,31.925579071044922,21.790555953979492,17.158693313598633,15.079885482788086,13.910380363464355,12.888940811157227,9.827478408813477,8.520544052124023,8.954377174377441,8.634355545043945,8.098736763000488,7.373307228088379,reggae,reggae.00048.wav
95.703125,2322.9386798777355,746.5233836361524,2804.1799088004796,517.9613520315517,5452.1336983601,1851.0908838488283,0.08073911873548761,0.04923545480842872,-121.49298858642578,89.57814025878906,23.786144256591797,32.76792907714844,8.8570556640625,-2.615966320037842,6.627801418304443,1.7668997049331665,-2.9514718055725098,-3.099351167678833,-0.6974905729293823,-5.429426193237305,-6.5477986335754395,64.1299057006836,27.19406509399414,20.8397274017334,18.303186416625977,11.800644874572754,10.666744232177734,9.014761924743652,7.413735389709473,7.430819988250732,7.562356948852539,6.67338752746582,6.471570014953613,6.618269443511963,reggae,reggae.00049.wav
95.703125,2955.9154393104704,1356.7761757197497,2690.613294287067,530.6025152402734,5871.231164135062,2296.343907897219,0.12710883078560373,0.09335015184822179,-104.88101959228516,66.38381958007812,-2.305335760116577,24.606273651123047,8.414865493774414,6.770360946655273,1.6772854328155518,5.181164741516113,1.0552061796188354,2.198810338973999,2.9562771320343018,4.582302570343018,4.2084527015686035,73.28288269042969,43.84635543823242,20.87590789794922,18.174287796020508,13.672073364257812,14.103067398071289,13.20076847076416,12.57532024383545,11.90776252746582,10.041572570800781,9.014445304870605,8.004523277282715,9.372614860534668,reggae,reggae.00050.wav
86.1328125,4276.113111170075,1580.180665764398,2877.5263742277384,448.8261290596052,7677.036911341428,1869.1369317782467,0.27482940390383126,0.16938005266985642,-154.9625244140625,-1.539153814315796,22.388729095458984,30.425212860107422,2.1195714473724365,28.59612274169922,16.995512008666992,13.418903350830078,8.493890762329102,6.48397159576416,9.772991180419922,10.905425071716309,2.174382448196411,77.94847869873047,50.22166061401367,27.6480712890625,19.941593170166016,13.601004600524902,10.161699295043945,11.417681694030762,11.946738243103027,8.282158851623535,9.607427597045898,7.730343341827393,7.624070167541504,8.08491325378418,reggae,reggae.00051.wav
99.38401442307692,3288.43329145076,1228.7946357598498,3252.779178641027,469.0820899317838,7285.10594796101,1967.1382721745351,0.13413826673761609,0.09848473106054367,-85.30075073242188,60.94269943237305,34.7901496887207,19.804203033447266,16.715721130371094,7.975334167480469,9.312554359436035,11.3640718460083,1.394199013710022,-0.0879477858543396,6.4077630043029785,3.6292879581451416,5.676822185516357,57.457305908203125,34.30242919921875,24.395254135131836,20.475881576538086,18.262557983398438,14.211280822753906,11.45448112487793,10.87402629852295,11.635337829589844,9.489387512207031,9.611568450927734,8.540583610534668,9.066689491271973,reggae,reggae.00052.wav
75.99954044117646,2004.3538474526456,1230.9242909614672,2298.145721741871,719.2932603916348,4159.908178937693,2577.824634108125,0.08977950246710527,0.08659562758269188,-251.39256286621094,105.85577392578125,2.220024585723877,32.48439407348633,16.563274383544922,8.290815353393555,10.365556716918945,5.504936695098877,0.8699621558189392,8.355298042297363,-0.6317737698554993,9.898768424987793,-1.8497397899627686,87.3302993774414,34.71240997314453,34.755950927734375,16.879959106445312,15.786505699157715,12.091306686401367,11.81554126739502,9.68464183807373,10.015470504760742,8.55193042755127,9.398956298828125,8.339197158813477,7.972741603851318,reggae,reggae.00053.wav
151.99908088235293,2541.9768822749897,1291.991361218305,2725.503663441282,732.7400670392922,5475.575223279073,2714.4117242127268,0.10153566720684984,0.08207393234680609,-182.1938934326172,83.51700592041016,4.844893455505371,12.691200256347656,30.07164192199707,17.201648712158203,6.103977680206299,7.693450927734375,7.146999835968018,8.883383750915527,-2.1501874923706055,5.713592052459717,1.4522557258605957,78.9648208618164,40.33549499511719,30.63572883605957,20.40543556213379,15.35462474822998,13.066758155822754,11.945294380187988,11.022407531738281,9.518832206726074,8.522915840148926,9.987060546875,7.96506404876709,8.55096435546875,reggae,reggae.00054.wav
129.19921875,2525.883148548213,1008.803455082772,2840.031024653128,502.5576237603724,5595.957828675261,2225.1505523043993,0.0822270160119969,0.05415496678426754,-130.3925018310547,84.2853775024414,29.355722427368164,23.84440803527832,8.28787899017334,13.861769676208496,2.22910737991333,2.9254555702209473,2.5764942169189453,0.09832215309143066,2.340669631958008,2.746436834335327,3.7561285495758057,65.20664978027344,33.7319221496582,26.391695022583008,17.80908966064453,11.994011878967285,8.627634048461914,7.964846134185791,7.8091349601745605,6.843747138977051,7.49817419052124,6.780798435211182,5.627124309539795,6.258176326751709,reggae,reggae.00055.wav
161.4990234375,2174.1042292536513,955.4035219583218,2460.904693392289,598.9087575066715,4659.646823753144,2163.150740171886,0.08318468217879257,0.055350395491732526,-162.5088348388672,98.48662567138672,-1.6052876710891724,20.81171417236328,12.058052062988281,11.743512153625488,6.093583106994629,4.958357810974121,1.7059441804885864,3.0551607608795166,-0.8599134683609009,4.120586395263672,3.4256598949432373,77.97103881835938,32.55353927612305,23.719173431396484,19.066469192504883,17.829891204833984,13.711368560791016,11.797195434570312,10.141060829162598,10.737955093383789,9.186829566955566,8.531679153442383,8.228407859802246,8.227385520935059,reggae,reggae.00056.wav
95.703125,2170.729333695411,1036.9216703806096,2577.52397771507,657.290812307356,4776.804448650349,2414.3777260214806,0.07889861588138544,0.05717966768115937,-177.292724609375,98.2851791381836,14.708465576171875,21.133085250854492,14.94108772277832,10.188179969787598,4.973139762878418,0.8437904119491577,4.830460071563721,6.869421005249023,3.5429000854492188,-0.35623595118522644,0.5778768658638,81.36964416503906,40.31391525268555,26.045652389526367,22.208175659179688,16.013132095336914,11.621784210205078,12.387261390686035,11.077926635742188,11.601029396057129,10.524567604064941,8.362067222595215,8.913838386535645,9.183345794677734,reggae,reggae.00057.wav
123.046875,2631.8490363841825,1149.8445902999651,2827.839241374862,576.7271238002429,5700.073865766496,2400.1987295586196,0.11201028262867647,0.08852550926515093,-169.340576171875,83.90910339355469,11.203278541564941,12.13480281829834,21.07720375061035,9.5333833694458,0.9363659620285034,2.1945178508758545,0.8756653666496277,1.64301335811615,-0.41765838861465454,0.7432358860969543,-4.787158489227295,83.31694793701172,32.506202697753906,27.889047622680664,17.272424697875977,17.84195327758789,13.542439460754395,13.444350242614746,11.064078330993652,10.504450798034668,11.86673355102539,10.184904098510742,9.029536247253418,9.727767944335938,reggae,reggae.00058.wav
151.99908088235293,2671.9431591250614,907.5180857804231,2716.8459265601514,451.13505268409637,5700.315530971846,1785.9372832447661,0.11742559379837461,0.06140480231984907,-93.51580810546875,80.18165588378906,-0.3042791783809662,15.263566017150879,4.348327159881592,9.056693077087402,1.6918386220932007,2.54801869392395,-4.297323226928711,1.0002483129501343,-1.6963750123977661,-2.996873378753662,2.2530195713043213,62.41758728027344,27.46268081665039,19.964529037475586,18.625959396362305,16.604938507080078,11.503560066223145,17.825815200805664,10.833460807800293,10.927572250366211,11.185738563537598,9.38023853302002,8.472545623779297,8.704728126525879,reggae,reggae.00059.wav
112.34714673913044,2395.785250668999,927.1074778655345,2301.0001364932536,387.7751850169587,4792.521020281057,1487.2734395827815,0.11853254099748452,0.07775228450303662,-301.4396667480469,77.22313690185547,-13.575448989868164,39.30436706542969,1.6029993295669556,16.89271354675293,-7.25034761428833,-3.6011548042297363,1.1691408157348633,-3.2648887634277344,-8.437726974487305,-3.6016147136688232,-2.6015775203704834,74.49874114990234,33.77778625488281,22.930349349975586,21.074533462524414,15.99216079711914,9.518397331237793,14.805237770080566,8.696405410766602,8.978076934814453,8.044342041015625,8.791792869567871,7.651642799377441,9.79334831237793,reggae,reggae.00060.wav
92.28515625,3122.9386087150997,1105.9568797098402,2918.2212026844577,552.8157170438438,6473.494188999613,2098.859323269055,0.1335615506482198,0.08103398711275576,-74.0531005859375,58.015201568603516,9.140951156616211,29.25894546508789,12.535322189331055,-0.18953324854373932,0.1652970016002655,1.3719069957733154,-5.0914998054504395,1.3520698547363281,2.8511602878570557,-1.5608810186386108,0.8852589130401611,55.23530960083008,32.273502349853516,26.763113021850586,18.8206844329834,16.174352645874023,12.417433738708496,13.177149772644043,11.696270942687988,14.047222137451172,11.356430053710938,10.663228034973145,9.030465126037598,9.057451248168945,reggae,reggae.00061.wav
151.99908088235293,2113.391953819571,1065.2363548385804,2595.2174679502996,660.1353100635134,4785.929393473055,2454.7869226617227,0.06088285180437306,0.05410309808913386,-265.6949768066406,80.61592102050781,9.72202205657959,36.65708541870117,27.836795806884766,12.086828231811523,15.014477729797363,15.116936683654785,6.558818817138672,6.284592151641846,7.486023426055908,5.644510269165039,4.349678993225098,86.59229278564453,33.865360260009766,25.859878540039062,19.218048095703125,13.905712127685547,12.777511596679688,11.624734878540039,11.063264846801758,8.647854804992676,8.482059478759766,9.877029418945312,8.35043716430664,7.33528995513916,reggae,reggae.00062.wav
184.5703125,1910.6006441535096,710.2863491427696,2114.9895233091474,583.3747948898374,3939.834509693063,1653.0866914391431,0.0833796923374613,0.04718642927251708,-168.56568908691406,109.54734802246094,-20.666072845458984,38.95631408691406,7.960122108459473,0.33540141582489014,6.036591053009033,4.08657169342041,-1.3609744310379028,0.11973302811384201,0.2429877072572708,0.35119831562042236,5.302457332611084,64.00984954833984,28.59622573852539,25.452816009521484,17.982816696166992,15.262267112731934,11.325749397277832,10.198161125183105,8.820961952209473,9.230945587158203,9.188338279724121,7.88426399230957,8.234049797058105,8.26931381225586,reggae,reggae.00063.wav
172.265625,3094.02220916496,1026.489573313231,3135.97809929496,445.32601033819606,6973.949496148171,1845.4228989813428,0.10088072029798761,0.08721834163536085,-70.11164855957031,54.3621826171875,15.596424102783203,19.821365356445312,27.005250930786133,13.251235008239746,0.7004848718643188,10.07564926147461,6.688830375671387,-0.30473047494888306,2.9781808853149414,6.023298263549805,1.0923577547073364,56.0561637878418,28.537622451782227,27.372779846191406,16.503761291503906,14.246822357177734,13.072863578796387,13.79520034790039,11.039179801940918,10.60763168334961,10.934976577758789,11.024291038513184,8.172842025756836,9.155533790588379,reggae,reggae.00064.wav
89.10290948275862,2080.8998101028196,939.3417917752264,2264.8255954836695,663.0220849192943,4366.306930872678,2063.296160027724,0.08281998294794891,0.052548488565404936,-66.1877670288086,97.88822174072266,-18.818099975585938,26.937904357910156,14.020184516906738,6.029330253601074,9.445992469787598,10.570343971252441,-0.13658703863620758,8.126069068908691,10.541821479797363,8.009013175964355,3.8083314895629883,83.54720306396484,42.47425842285156,23.855199813842773,17.510684967041016,15.799302101135254,15.482123374938965,13.050877571105957,10.292349815368652,11.359923362731934,10.214678764343262,12.126108169555664,10.45645809173584,8.032320022583008,reggae,reggae.00065.wav
161.4990234375,1629.3916759342683,579.1095879329065,1886.700233620657,384.73252455981594,3259.1219592020607,1194.8726277188155,0.06711183908184984,0.035780370271778335,-147.0893096923828,120.09329986572266,-21.591428756713867,39.64054870605469,6.949150085449219,15.087430953979492,-1.0081932544708252,15.945317268371582,2.54323410987854,4.510831356048584,0.02295200526714325,4.332127094268799,4.638779163360596,59.456626892089844,30.879854202270508,20.737586975097656,18.37961196899414,13.317411422729492,12.927783012390137,13.963143348693848,11.027427673339844,11.265530586242676,10.8737154006958,10.46157169342041,9.792040824890137,8.269281387329102,reggae,reggae.00066.wav
83.35433467741936,1729.221510067004,521.1995233847096,2362.468419705552,442.44143196635605,3520.153714112084,1390.2550690212354,0.06049774453366873,0.03252700210273019,-132.95237731933594,117.09168243408203,-2.7985999584198,22.529333114624023,25.919849395751953,0.2901603877544403,13.511026382446289,3.395885467529297,4.522271156311035,0.5429567694664001,-0.07208137959241867,5.095772743225098,-0.15914742648601532,49.5497932434082,23.696508407592773,17.95954132080078,14.393726348876953,13.454771995544434,11.338647842407227,10.358613014221191,9.331887245178223,7.752634525299072,8.402734756469727,7.801196098327637,6.815547943115234,6.962416648864746,reggae,reggae.00067.wav
135.99917763157896,2104.9458967015426,947.5952432720669,2311.3974771349967,443.4436558070954,4381.623504922117,1784.6317691931458,0.07786158511513158,0.055757234590360166,-194.80711364746094,83.02938842773438,-0.7573575973510742,32.375301361083984,2.8250601291656494,23.1677303314209,2.9668242931365967,14.221725463867188,8.545363426208496,10.447763442993164,7.068881034851074,8.804685592651367,1.4087899923324585,77.96741485595703,37.41593933105469,22.2302303314209,19.393306732177734,14.72971248626709,12.132975578308105,17.0768985748291,9.951496124267578,10.516639709472656,12.526095390319824,10.528953552246094,9.016929626464844,7.964676380157471,reggae,reggae.00068.wav
143.5546875,2461.457562285525,974.3750798078858,2683.171027864963,423.18716167072694,5288.368021962075,1757.59063817827,0.08041447973103716,0.05618300810164227,-142.7815399169922,83.62422943115234,21.906211853027344,33.849456787109375,4.624049186706543,4.1626973152160645,1.9368715286254883,21.812685012817383,-5.94234561920166,0.5001415610313416,17.423234939575195,-11.433121681213379,10.545722961425781,66.79782104492188,31.51665687561035,25.077360153198242,17.2210750579834,17.082494735717773,13.684197425842285,11.101943969726562,9.103970527648926,9.143980026245117,9.78560733795166,9.157663345336914,8.294672012329102,8.483160972595215,reggae,reggae.00069.wav
172.265625,2288.9314176081257,754.8974927584633,2534.0413134160685,457.8789736446686,5006.536392826045,1585.0363512191448,0.06099963114357585,0.03435669048469414,-136.78912353515625,75.59191131591797,-5.333469867706299,23.440128326416016,0.7612742185592651,12.29259204864502,4.4802775382995605,5.157850742340088,-0.07490868121385574,9.033966064453125,4.9023919105529785,2.3301923274993896,5.475173473358154,70.87399291992188,27.323766708374023,22.30732536315918,20.34717559814453,14.814382553100586,11.1572265625,12.920982360839844,10.875118255615234,9.118036270141602,10.376559257507324,10.765122413635254,9.678472518920898,9.657008171081543,reggae,reggae.00070.wav
143.5546875,3109.580608719877,1347.4707836295997,2852.420966793385,518.2577602367081,6392.311346567822,2188.513019281678,0.12166630889609133,0.10428591542679047,-141.76731872558594,44.17989730834961,21.71708869934082,43.29201126098633,21.742549896240234,11.178961753845215,3.543303966522217,15.015563011169434,-1.7441002130508423,6.435993671417236,6.909985542297363,0.7032585144042969,3.9693093299865723,92.36203002929688,46.61698532104492,24.445770263671875,19.967266082763672,19.58974838256836,16.082706451416016,14.373454093933105,10.350808143615723,10.798502922058105,9.959319114685059,11.267165184020996,10.618480682373047,9.896942138671875,reggae,reggae.00071.wav
112.34714673913044,3086.1860008884605,1138.4575068713755,2974.065400197414,521.2406104313634,6572.1602590460525,2157.3218815760597,0.13607514089106038,0.08655133705950373,-94.1405258178711,68.22994232177734,3.975480079650879,7.631386756896973,12.791033744812012,-3.185734748840332,-3.9074442386627197,3.8176004886627197,-6.1216511726379395,-0.35184234380722046,0.33756330609321594,-4.674421310424805,-3.0098025798797607,79.14727783203125,32.725433349609375,27.26725959777832,22.513486862182617,19.83263397216797,14.465553283691406,13.754462242126465,11.900470733642578,12.85980224609375,11.267132759094238,12.432518005371094,9.341509819030762,9.721796035766602,reggae,reggae.00072.wav
83.35433467741936,2153.2951509096097,811.5503293373595,2667.525534673681,514.5754856373042,5073.910985421101,1829.6877231751612,0.05106696255804954,0.029544396890259724,-105.88101196289062,87.99615478515625,19.37270736694336,30.62493133544922,10.02409553527832,18.020151138305664,3.6549272537231445,8.923995971679688,5.825234413146973,8.873672485351562,5.6649580001831055,10.555123329162598,5.9011640548706055,44.447174072265625,27.46799087524414,22.06183624267578,15.706683158874512,14.578686714172363,10.167635917663574,9.494030952453613,8.640727996826172,8.386857032775879,8.66079330444336,7.326793193817139,6.113071441650391,6.980130672454834,reggae,reggae.00073.wav
172.265625,2148.603575494345,808.7054637724887,2665.358067100445,513.3101120674922,5064.42770943184,1824.3968116846872,0.051022745138351394,0.02961135106819544,-105.86871337890625,88.18165588378906,19.30242347717285,30.579696655273438,9.983685493469238,17.954727172851562,3.689756155014038,8.922590255737305,5.854973793029785,8.851582527160645,5.623591899871826,10.514842987060547,5.916852951049805,44.45033645629883,27.382295608520508,22.010255813598633,15.737412452697754,14.636905670166016,10.181325912475586,9.553987503051758,8.658770561218262,8.402524948120117,8.683584213256836,7.351020336151123,6.087230682373047,6.991640090942383,reggae,reggae.00074.wav
143.5546875,2481.191325890234,658.5147966571161,2323.8040355304543,427.68803382305555,4846.387361225329,1416.4053976517218,0.13506002987132354,0.054856134932716225,-63.82210159301758,88.2540512084961,-27.603097915649414,18.600967407226562,-3.577483654022217,5.198116302490234,0.9838290810585022,8.052980422973633,-4.396183013916016,2.2758755683898926,4.154455661773682,-2.2084977626800537,10.26652717590332,52.6270637512207,26.497434616088867,23.93340301513672,16.068906784057617,20.277780532836914,11.14781665802002,10.85905647277832,11.153793334960938,9.426427841186523,8.607772827148438,9.718111038208008,7.533567905426025,8.421232223510742,reggae,reggae.00075.wav
161.4990234375,2456.1544092561144,1216.724431819346,2559.7410978450016,560.0449994075443,5054.527769295424,2315.552418722907,0.08827233093072756,0.07635196516638545,-105.70984649658203,76.1017837524414,19.5106143951416,36.70929718017578,3.749850273132324,11.684267044067383,0.07589343935251236,7.092369079589844,7.659843444824219,10.457496643066406,0.9903631806373596,-2.199362277984619,-1.5104167461395264,95.27084350585938,42.594520568847656,27.130720138549805,17.24335289001465,15.446476936340332,13.637657165527344,11.051779747009277,10.932847023010254,11.770544052124023,11.226961135864258,11.076533317565918,8.651796340942383,9.372976303100586,reggae,reggae.00076.wav
143.5546875,1778.3264606974715,574.7001125485367,2174.118858547304,389.4103869744014,3821.9518891798084,1201.3301594965185,0.06091951069078947,0.03629368485464639,-151.77394104003906,105.12451934814453,-6.166162967681885,47.94609832763672,11.344108581542969,15.08799934387207,11.635066986083984,6.607783794403076,6.817538738250732,2.3976094722747803,-1.0347644090652466,-0.22057226300239563,-0.6423186659812927,51.68040466308594,27.392248153686523,22.30231285095215,14.039176940917969,15.201231002807617,9.992402076721191,10.618481636047363,10.350971221923828,7.721703052520752,7.584708213806152,6.8747944831848145,6.512406349182129,6.746163845062256,reggae,reggae.00077.wav
161.4990234375,2317.4758286832307,1022.8497317534874,2334.685756399186,604.2562977548483,4680.663363335671,2040.24237025902,0.09380782277960527,0.052912457238999254,-175.48696899414062,78.02301788330078,-2.5604965686798096,52.86769104003906,15.842401504516602,24.755294799804688,5.295869827270508,8.655302047729492,6.652233600616455,9.806406021118164,-3.3547556400299072,4.118610858917236,2.3579514026641846,83.08338928222656,40.39674758911133,34.67095184326172,20.7025089263916,15.764379501342773,12.595290184020996,10.311878204345703,10.9517240524292,9.41450023651123,10.47670841217041,12.307450294494629,9.646784782409668,8.8699369430542,reggae,reggae.00078.wav
151.99908088235293,3003.0228526329006,1042.456900164503,2214.713375068283,319.56835455478677,5294.126320475764,1223.6861960762806,0.18643386888061145,0.11089932004705305,-155.67242431640625,57.027366638183594,-35.24770736694336,33.28634262084961,-14.187575340270996,25.281808853149414,2.5339672565460205,4.247923851013184,8.487785339355469,4.567988395690918,2.8205196857452393,2.5739941596984863,2.8225185871124268,67.4690933227539,43.881587982177734,28.02376365661621,14.99045181274414,12.548246383666992,15.576859474182129,12.880059242248535,8.330419540405273,9.029988288879395,7.328330039978027,7.400880336761475,8.445209503173828,7.826560974121094,reggae,reggae.00079.wav
99.38401442307692,2538.8183244874817,936.359439579804,2644.457246211116,407.9218410142465,5260.409857687935,1670.4713287254988,0.09431537828947369,0.07066754984854563,-103.10472106933594,67.23043823242188,2.2398650646209717,28.497493743896484,4.176846027374268,11.877420425415039,14.268192291259766,14.302058219909668,3.2598321437835693,15.845577239990234,8.033733367919922,4.457915782928467,8.679057121276855,76.34895324707031,29.176319122314453,26.826499938964844,16.898632049560547,14.821677207946777,15.034126281738281,15.694615364074707,11.016231536865234,10.35439682006836,12.06263542175293,11.2830228805542,7.177511215209961,7.662876605987549,reggae,reggae.00080.wav
99.38401442307692,2567.6720453746466,990.2586995401847,2630.235731297356,465.8323870284688,5315.526191073674,1771.1465755266702,0.0994389300744969,0.07508152885551328,-115.72032165527344,67.04470825195312,1.9207347631454468,29.12337875366211,4.00742769241333,12.044657707214355,13.98845100402832,14.918452262878418,2.2994468212127686,17.055818557739258,7.568181037902832,4.992762088775635,8.547550201416016,78.96916198730469,31.10226058959961,29.652545928955078,17.83783721923828,16.00091552734375,16.077953338623047,16.308692932128906,11.426681518554688,10.662606239318848,12.934041023254395,11.205810546875,7.401849746704102,7.829174041748047,reggae,reggae.00081.wav
99.38401442307692,2567.6720453746466,990.2586995401847,2630.235731297356,465.8323870284688,5315.526191073674,1771.1465755266702,0.0994389300744969,0.07508152885551328,-115.72032165527344,67.04470825195312,1.9207347631454468,29.12337875366211,4.00742769241333,12.044657707214355,13.98845100402832,14.918452262878418,2.2994468212127686,17.055818557739258,7.568181037902832,4.992762088775635,8.547550201416016,78.96916198730469,31.10226058959961,29.652545928955078,17.83783721923828,16.00091552734375,16.077953338623047,16.308692932128906,11.426681518554688,10.662606239318848,12.934041023254395,11.205810546875,7.401849746704102,7.829174041748047,reggae,reggae.00082.wav
129.19921875,1366.429347381977,684.9165947290661,1737.328608890746,430.8544969933774,2562.884502588042,1613.2904586728703,0.07119609254063468,0.052428499629134706,-285.9736022949219,138.68746948242188,19.94764518737793,35.245121002197266,-7.994090557098389,7.078868865966797,5.4051289558410645,-3.206392288208008,-1.1585747003555298,3.208261728286743,1.4964436292648315,-4.035818576812744,-6.334192276000977,87.07784271240234,37.68546676635742,31.634889602661133,20.932559967041016,18.378223419189453,12.522883415222168,16.13981819152832,9.054814338684082,10.082586288452148,10.238616943359375,11.267142295837402,10.993000984191895,12.197220802307129,reggae,reggae.00083.wav
198.76802884615384,1788.5445972751872,653.3943960702352,2121.0282353750026,374.45799875431834,3820.201899761755,1299.6626002847536,0.07602221604102168,0.03889219076157057,-150.912109375,111.76167297363281,2.91566801071167,42.73334884643555,-3.5954196453094482,15.153263092041016,3.4516782760620117,0.1891777366399765,-4.718381881713867,3.858656883239746,-0.8896032571792603,-5.351660251617432,0.6894755363464355,64.87861633300781,28.973196029663086,21.46571159362793,14.279202461242676,15.868216514587402,9.888249397277832,11.195344924926758,9.715522766113281,9.57463264465332,9.560626983642578,8.213764190673828,7.790121078491211,8.301337242126465,reggae,reggae.00084.wav
86.1328125,1797.4051726737525,526.7886466561417,1649.7447379348403,213.62599111112007,3440.079198311726,670.3471728506538,0.09941020764802631,0.06202163933407184,-175.1691436767578,116.6299819946289,-55.12920379638672,59.90557861328125,1.961409568786621,1.0681365728378296,14.60234546661377,-3.2314059734344482,2.789919137954712,5.709691047668457,-1.8400206565856934,7.874343395233154,0.40650472044944763,90.001708984375,27.5822811126709,26.053869247436523,15.830105781555176,18.55228614807129,14.536877632141113,12.255494117736816,11.948845863342285,10.082608222961426,10.441856384277344,10.138487815856934,9.321044921875,8.368387222290039,reggae,reggae.00085.wav
129.19921875,4434.948742523192,1742.272545660003,2844.427231290672,698.0186106932296,7624.545562082769,2942.9597453326232,0.2602225383368808,0.11250027306805091,42.11286544799805,37.424171447753906,-7.922309398651123,4.491989612579346,8.947957038879395,3.5308403968811035,3.0852081775665283,1.6274316310882568,6.267534255981445,1.821806788444519,-0.5613662004470825,-0.3943433165550232,1.6282494068145752,121.22608184814453,63.492549896240234,25.49063491821289,15.430569648742676,18.650676727294922,9.144104957580566,10.959046363830566,7.01190710067749,7.8396453857421875,7.941692352294922,4.878547668457031,4.320406913757324,4.886856555938721,reggae,reggae.00086.wav
83.35433467741936,3296.209659000533,1454.3656806760134,3064.6375918381927,468.64186456367526,6908.908222777187,2223.547018863295,0.1218802153879644,0.10951695867506624,-110.20217895507812,48.54799270629883,29.644615173339844,18.442466735839844,-0.47234880924224854,4.6547112464904785,-2.267071008682251,-6.58841609954834,-2.1527016162872314,-0.15998108685016632,-0.6845912933349609,0.5441742539405823,1.9038584232330322,78.93010711669922,39.13410186767578,21.26270294189453,20.73618507385254,14.538483619689941,14.684128761291504,13.023008346557617,12.758110046386719,11.944551467895508,11.572064399719238,10.363197326660156,11.711840629577637,10.591594696044922,reggae,reggae.00087.wav
107.666015625,3881.383875119963,697.3446439636266,3361.8478582878743,239.8250147140509,8250.366777827496,867.1177674427735,0.18931631554760062,0.08509864811734172,-75.23249816894531,44.853004455566406,10.078606605529785,1.1481961011886597,1.1562961339950562,-3.140685796737671,0.13975977897644043,0.07932739704847336,-3.4337422847747803,0.1106780469417572,-1.9280569553375244,-2.3146519660949707,-0.07721783220767975,50.30556106567383,22.408483505249023,17.940153121948242,18.014625549316406,13.642661094665527,14.33092212677002,13.07381534576416,10.442974090576172,10.34097671508789,9.925555229187012,9.072168350219727,8.746158599853516,8.46538257598877,reggae,reggae.00088.wav
151.99908088235293,1052.002100832135,544.2246559586799,1401.116765374744,363.5193446678253,2054.704242151219,1155.1983500770039,0.03803831874032508,0.026561536380940772,-194.45693969726562,157.13970947265625,-14.128241539001465,44.053367614746094,3.478423833847046,17.465808868408203,2.9772441387176514,5.833763599395752,3.0153088569641113,1.0755280256271362,2.5912234783172607,0.7998103499412537,0.6491768956184387,90.65779876708984,38.93114471435547,27.869733810424805,20.877126693725586,13.5304594039917,9.18894100189209,9.900577545166016,6.838865280151367,7.685135364532471,6.862888813018799,7.455427646636963,5.481785297393799,5.6393327713012695,reggae,reggae.00089.wav
151.99908088235293,2867.992801312542,1163.7989274357194,2676.037975462006,474.95445735603687,5796.573282247727,1889.9865909640835,0.13065151533475233,0.09885469574750745,-127.36402893066406,65.99180603027344,4.458125114440918,30.05898666381836,16.64737319946289,16.52498435974121,-6.399656772613525,15.2887601852417,4.620022773742676,5.104029178619385,5.585709571838379,-0.7697422504425049,6.062219142913818,70.34577941894531,35.888404846191406,29.460206985473633,16.31705093383789,13.67447280883789,12.91644287109375,12.095494270324707,9.977581024169922,10.138855934143066,10.47191333770752,8.815264701843262,7.5534138679504395,7.753693580627441,reggae,reggae.00090.wav
143.5546875,2314.4949684089943,559.4413706520235,2180.528443145433,366.3653226881863,4561.047419970249,1119.7028209690557,0.12388965146091331,0.04818122652856555,-159.94081115722656,92.8108901977539,-28.70952606201172,31.46426010131836,-6.610722541809082,12.638018608093262,0.8522681593894958,10.961094856262207,-2.074934959411621,3.666249990463257,3.5795059204101562,0.3230551779270172,8.548465728759766,51.319637298583984,25.125452041625977,23.416669845581055,16.363094329833984,19.241504669189453,11.170100212097168,11.099041938781738,10.802773475646973,9.77648639678955,8.641048431396484,9.483721733093262,7.434533596038818,8.669530868530273,reggae,reggae.00091.wav
143.5546875,2170.7030022441018,497.12240245617045,2054.8194306433775,333.7586057676533,4306.940623185952,1030.5460893281731,0.12004009046052631,0.046923070042571915,-138.14389038085938,101.46946716308594,-35.31705093383789,36.16295623779297,-9.493778228759766,14.76218318939209,-0.23332852125167847,11.528227806091309,-2.106008768081665,3.405216693878174,4.204795837402344,0.13827942311763763,9.009115219116211,51.24348449707031,24.608360290527344,22.717660903930664,16.128400802612305,18.849254608154297,11.53217887878418,11.89593505859375,10.80778980255127,10.21571159362793,8.984789848327637,9.781469345092773,7.695688724517822,9.17485237121582,reggae,reggae.00092.wav
89.10290948275862,2109.6362127896273,836.435148931279,2528.099436488882,702.9138970020846,4606.555478122581,2543.0312583465056,0.08934072961010062,0.04462972391776663,-147.45053100585938,113.27776336669922,-6.279628753662109,9.088613510131836,24.541444778442383,-9.802510261535645,13.13619613647461,-1.9909199476242065,-2.7045509815216064,12.23032283782959,-4.112524509429932,-1.0004733800888062,1.969944953918457,74.5461196899414,27.703632354736328,26.711950302124023,17.42610740661621,21.02396583557129,16.459453582763672,14.745208740234375,13.444754600524902,11.979971885681152,12.097564697265625,9.792985916137695,9.969696044921875,8.337808609008789,reggae,reggae.00093.wav
129.19921875,2022.437501264683,738.8769098957176,2129.4475446132888,429.3062459627638,3834.176815257353,1546.7318773668508,0.09566646611358359,0.05108440476826419,-97.76292419433594,108.83715057373047,-24.9234619140625,21.319738388061523,12.549696922302246,7.765998363494873,-3.3035850524902344,3.5284223556518555,0.6894371509552002,4.195521831512451,-9.684724807739258,4.261557579040527,2.4569170475006104,45.20420837402344,28.811269760131836,18.41927146911621,13.7411527633667,10.576103210449219,10.002289772033691,9.593777656555176,8.46531867980957,8.509577751159668,7.286217212677002,7.3610053062438965,6.508817195892334,6.859558582305908,reggae,reggae.00094.wav
123.046875,2617.582608076272,713.5715515017517,2787.620433735666,395.13942658545307,5720.398742864744,1351.469264871593,0.10321517330205109,0.05123071935770796,-69.03168487548828,79.13812255859375,13.08932113647461,29.37102508544922,0.26556169986724854,4.156529903411865,-0.4426138699054718,0.18855524063110352,2.8111448287963867,0.597999095916748,-2.7980496883392334,-0.5165507793426514,-3.1858015060424805,52.68788528442383,16.9104061126709,22.857465744018555,11.680779457092285,10.27648639678955,8.534005165100098,10.931841850280762,8.961524963378906,7.816736221313477,8.878719329833984,5.969211101531982,6.4612627029418945,6.757849216461182,reggae,reggae.00095.wav
89.10290948275862,1629.473422777735,715.1470857036228,1578.5745901784658,291.8583217667415,3183.1557518926566,1194.6451536105915,0.07962990397639319,0.06443671932503761,-167.01210021972656,116.64276885986328,-44.190364837646484,70.5038070678711,2.320695400238037,16.017593383789062,12.50334644317627,4.100355625152588,5.3281402587890625,4.525841236114502,7.307661056518555,7.58745813369751,2.9061529636383057,82.8782730102539,27.34156036376953,30.052278518676758,15.16426944732666,19.79135513305664,11.445685386657715,12.545660972595215,10.984814643859863,9.997220039367676,9.174728393554688,8.43472671508789,7.940422058105469,7.638186931610107,reggae,reggae.00096.wav
161.4990234375,2007.1841367892719,552.7055685878354,2111.065943270962,344.47460314137084,4137.408314991292,1045.048756634248,0.09403079951141641,0.04153411097945919,-142.7908935546875,103.1174545288086,-15.2323579788208,38.268043518066406,-12.985987663269043,2.749526023864746,-1.6750329732894897,-3.4322702884674072,-4.448258876800537,-9.285492897033691,-10.124065399169922,-2.116806983947754,-4.4709153175354,63.74301528930664,20.322477340698242,23.12516212463379,17.67008399963379,11.950963973999023,12.519440650939941,13.996947288513184,9.265416145324707,9.387142181396484,9.292593002319336,8.248270988464355,8.215597152709961,7.62788200378418,reggae,reggae.00097.wav
123.046875,2025.3801449478724,757.8166806914471,2397.7380593665207,394.042712148256,4461.0230248040825,1745.3119635720893,0.06482538276412539,0.04142857278995524,-134.68275451660156,93.56442260742188,8.521570205688477,34.86943054199219,3.285515308380127,15.515955924987793,4.963840007781982,8.545495986938477,-1.2880831956863403,2.734834909439087,5.069406509399414,11.860010147094727,4.410373687744141,71.07861328125,22.70625877380371,17.790952682495117,14.475590705871582,9.978087425231934,10.64005184173584,10.026114463806152,7.7741241455078125,10.114011764526367,8.955799102783203,9.78973388671875,8.25065803527832,6.4368109703063965,reggae,reggae.00098.wav
117.45383522727273,2466.3392174966807,673.5117468926259,2006.3142764902855,175.97260275248377,4722.8464415937015,799.3202925070041,0.13958721338041796,0.06456079525441209,-67.13854217529297,80.72981262207031,-43.87337875366211,57.72443389892578,-12.790911674499512,33.593772888183594,-7.733452320098877,14.125051498413086,-1.232595682144165,7.419583320617676,-2.0364298820495605,6.110561847686768,-6.631473064422607,53.120506286621094,30.958967208862305,17.563623428344727,8.306715965270996,8.203133583068848,8.387038230895996,7.4278059005737305,7.362526893615723,8.309574127197266,6.823573589324951,6.463257312774658,6.9121174812316895,6.5880351066589355,reggae,reggae.00099.wav
123.046875,1995.8245086755824,503.24795182655333,2096.911802823571,310.04778845038726,4226.8911072344235,1127.2372989612477,0.09019522179760062,0.04045990416296029,-116.63066864013672,109.2781753540039,-23.151485443115234,40.68846130371094,-11.896858215332031,23.155595779418945,-15.398656845092773,15.127642631530762,-13.522637367248535,12.695952415466309,-10.886425018310547,8.50553035736084,-11.578760147094727,76.48397827148438,22.023754119873047,19.208175659179688,12.692880630493164,13.991223335266113,11.283404350280762,11.411636352539062,7.982919216156006,10.575396537780762,7.6960272789001465,8.777677536010742,7.392217636108398,6.253847122192383,rock,rock.00000.wav
151.99908088235293,1529.3175590522962,476.452127165991,1845.256202909195,343.79022256978755,3271.6468834655575,1167.2510682961654,0.054981526944659444,0.029165058446442287,-111.17635345458984,134.16851806640625,-24.667322158813477,41.55748748779297,-3.0730130672454834,28.49441909790039,-10.584973335266113,14.932526588439941,-14.398836135864258,8.850727081298828,-4.554006576538086,9.948248863220215,-4.670233726501465,56.11677169799805,27.3072566986084,17.848079681396484,14.262845993041992,11.459232330322266,8.553893089294434,12.104330062866211,7.324203014373779,10.905067443847656,7.040130138397217,8.44820499420166,7.877291202545166,7.349253177642822,rock,rock.00001.wav
107.666015625,1874.829786811176,685.1540593805545,1984.0571930092751,410.3759017628688,3929.9762359713623,1428.9818656808743,0.0767569054760062,0.047500401201067785,-120.49427795410156,117.59748840332031,-27.599687576293945,42.82583999633789,-6.756321907043457,21.662517547607422,-12.098572731018066,17.94340705871582,-10.4480619430542,12.274320602416992,-6.567336082458496,13.52841854095459,-2.413078784942627,89.97152709960938,29.26311683654785,23.40628433227539,13.9324369430542,17.219053268432617,12.474016189575195,10.67799186706543,7.72216796875,10.851480484008789,7.817481994628906,9.615035057067871,6.6857991218566895,8.0728759765625,rock,rock.00002.wav
95.703125,1421.4880254979385,654.5894348003784,1902.54483821092,414.9608191978795,3042.939933091863,1592.0604233743104,0.04309724506578947,0.03065007736724035,-156.60325622558594,130.69366455078125,-1.466776728630066,36.23871612548828,0.3727351725101471,31.98138999938965,-0.6227638125419617,20.14137840270996,-11.3350830078125,13.838637351989746,-3.776273488998413,11.534399032592773,-3.22218918800354,73.25850677490234,27.10174560546875,20.15492820739746,12.291648864746094,15.680835723876953,9.767736434936523,11.944807052612305,8.534289360046387,10.297795295715332,7.017065525054932,9.130505561828613,8.371517181396484,8.297585487365723,rock,rock.00003.wav
103.359375,1345.8882551385968,690.441503787613,1841.7380789268302,408.2263489685849,2939.2572267136707,1597.9519871609227,0.04109914679276316,0.03642771763540523,-127.97257232666016,134.4472198486328,1.0256680250167847,54.43772888183594,-0.4669768512248993,35.82834243774414,-10.860185623168945,16.37975311279297,-10.032896041870117,6.600140571594238,-6.69980525970459,11.046619415283203,-8.382891654968262,56.44478225708008,28.794815063476562,21.240262985229492,12.438632011413574,12.697244644165039,10.122142791748047,11.542875289916992,6.603129863739014,10.635013580322266,9.36312198638916,8.150160789489746,8.206789016723633,8.10334300994873,rock,rock.00004.wav
99.38401442307692,1542.2216281068565,335.92140443788736,1591.905796324303,357.1107665372646,2870.274310510594,799.776855035603,0.07701994243421052,0.01786228881351821,-62.381717681884766,153.77310180664062,-55.11629104614258,28.01772689819336,-6.851470470428467,17.476470947265625,-22.606952667236328,18.144702911376953,-12.58642864227295,4.494895935058594,-8.387154579162598,7.204118251800537,-2.525789260864258,39.66604232788086,31.235017776489258,14.936363220214844,11.970962524414062,12.543203353881836,9.986397743225098,13.792401313781738,8.86340618133545,11.532647132873535,8.702205657958984,7.866520881652832,6.883687496185303,6.90971040725708,rock,rock.00005.wav
112.34714673913044,1675.4999364261096,457.6768065675634,1653.1161464908155,283.60323550181243,3253.7969914014125,854.0661959525676,0.0872942567240712,0.03640515147997517,-98.37913513183594,136.61773681640625,-46.71824645996094,46.47606658935547,-17.166423797607422,10.520159721374512,-14.581245422363281,16.5507869720459,-12.337285995483398,3.6909735202789307,-12.654891014099121,2.955455780029297,-12.512314796447754,51.92980194091797,25.8707332611084,18.429702758789062,15.982410430908203,14.61317253112793,12.116451263427734,10.815343856811523,10.638205528259277,9.935461044311523,9.262659072875977,9.37397575378418,8.875714302062988,8.032099723815918,rock,rock.00006.wav
89.10290948275862,1282.2760121933156,547.6809784030427,1729.5806039581284,414.8571407209407,2675.950485560178,1274.6942982329115,0.04718867913119195,0.03225144107326819,-140.4444122314453,149.3003387451172,-10.059852600097656,38.7481803894043,1.5280160903930664,20.129011154174805,-11.331474304199219,16.294490814208984,-13.257333755493164,10.190116882324219,-9.253554344177246,4.700298309326172,-8.369613647460938,54.19249725341797,23.61785125732422,16.540916442871094,11.64642333984375,12.756277084350586,8.460497856140137,9.503098487854004,8.201509475708008,12.088171005249023,9.632684707641602,9.295868873596191,7.136807918548584,7.147740364074707,rock,rock.00007.wav
89.10290948275862,1717.3419433944864,217.17296868198622,1842.4239227784153,180.568131729234,3362.8629985608554,658.5760817830944,0.0849809676131966,0.01758438500609017,-14.93718147277832,138.4250946044922,-41.89853286743164,22.075092315673828,-18.672731399536133,31.993650436401367,-20.37347984313965,15.69235897064209,-17.352710723876953,14.868898391723633,-8.898109436035156,12.249725341796875,-5.823009967803955,24.219329833984375,13.924360275268555,8.450453758239746,9.86602783203125,7.565879821777344,6.0829596519470215,6.370882987976074,6.6394548416137695,7.1099019050598145,4.385247230529785,5.062298774719238,6.066831588745117,5.927915573120117,rock,rock.00008.wav
75.99954044117646,1181.5495135430565,524.8676053405902,1607.91698724318,509.3997476457609,2367.927348133949,1443.7121118875248,0.04254093701625387,0.019729796434762095,-178.59237670898438,153.9897918701172,-4.949500560760498,21.926918029785156,-2.061847448348999,23.677854537963867,-1.291935920715332,11.55847454071045,-6.040379524230957,4.9552412033081055,-2.951673746109009,5.406179904937744,-4.1217041015625,68.96820068359375,29.770408630371094,21.371631622314453,14.189249992370605,11.671279907226562,8.736836433410645,11.331212043762207,8.459187507629395,10.49998664855957,8.274884223937988,7.904085636138916,6.104920864105225,7.954728126525879,rock,rock.00009.wav
161.4990234375,1857.8624034566847,616.6346826628054,2182.352453903645,325.8644902152543,4191.499654575029,1284.533139650013,0.07170251427051083,0.04235086299071824,-108.9864273071289,114.9559097290039,-5.198552131652832,46.206581115722656,-9.133127212524414,20.515317916870117,-17.025161743164062,24.2147216796875,-8.057453155517578,13.43820571899414,-18.381256103515625,8.588361740112305,-11.405960083007812,51.73974609375,21.439998626708984,18.295875549316406,13.040315628051758,11.195235252380371,11.838807106018066,10.373614311218262,9.242598533630371,8.819037437438965,7.996963977813721,7.297346115112305,7.504061698913574,6.9220356941223145,rock,rock.00010.wav
117.45383522727273,1536.9871799571386,701.2435196697215,2036.9220735430445,416.10208611818825,3415.26268170714,1542.0760064478222,0.05433413856907895,0.04011039565297944,-169.74000549316406,119.11503601074219,7.171098709106445,53.4308967590332,4.141932010650635,23.13068962097168,-5.7138543128967285,24.995336532592773,-9.326623916625977,13.470993041992188,-14.286961555480957,5.954391002655029,-13.598769187927246,53.807716369628906,24.85920524597168,20.006654739379883,14.706700325012207,11.816131591796875,11.264790534973145,9.551438331604004,8.455161094665527,8.292572975158691,7.762689113616943,7.426736831665039,7.226846694946289,6.877386569976807,rock,rock.00011.wav
112.34714673913044,1863.089813447186,901.4165685854452,2067.227436057664,456.6520536307795,3985.167568903589,1653.0687863338749,0.06819006385448917,0.05652586771788083,-204.65545654296875,107.00343322753906,-10.197385787963867,45.55988693237305,3.0363900661468506,24.00913429260254,-7.501374244689941,20.05852699279785,-5.170926570892334,8.742727279663086,-10.101094245910645,4.365466594696045,-6.959644317626953,76.10554504394531,29.6483154296875,18.806678771972656,15.393078804016113,15.254056930541992,12.84866714477539,13.382771492004395,11.629501342773438,12.50566291809082,9.16046142578125,8.901384353637695,8.646595001220703,7.763425350189209,rock,rock.00012.wav
123.046875,1596.5231665437618,839.024486043989,2237.4643641966177,525.4864182611794,3824.085209613245,2132.8898684197543,0.046099872411958204,0.03847871738150854,-211.2082977294922,95.76803588867188,40.58082962036133,68.30281066894531,5.315100193023682,30.97361183166504,-5.270473003387451,22.828838348388672,-1.6150609254837036,17.489036560058594,-11.487265586853027,8.734695434570312,-10.45601749420166,68.30924987792969,29.287776947021484,27.423892974853516,16.549833297729492,12.756937980651855,12.039965629577637,10.825572967529297,10.890972137451172,12.170084953308105,8.92310905456543,7.768587112426758,7.820880889892578,7.367739677429199,rock,rock.00013.wav
117.45383522727273,1935.4498295716771,957.9746071198674,2007.3329170232043,427.99789678874157,3982.742583567144,1638.2239409820354,0.08359435468266253,0.07475118088407692,-256.5845031738281,103.17071533203125,-8.463652610778809,48.5931510925293,-4.183111667633057,17.341554641723633,-6.668195724487305,17.03863525390625,-4.599119663238525,5.321588516235352,-10.013155937194824,8.242727279663086,-6.199188709259033,111.65917205810547,36.63250732421875,25.54079246520996,19.01959228515625,20.75356674194336,14.502182960510254,16.790903091430664,13.753728866577148,13.820826530456543,10.498368263244629,11.523848533630371,9.958647727966309,9.439867973327637,rock,rock.00014.wav
135.99917763157896,2336.111675735068,1023.5346240634933,2099.3117468270693,431.44946137389894,4501.422780512287,1705.5898142971305,0.11420150142705109,0.08064180492087063,-174.94175720214844,90.89378356933594,-18.696542739868164,41.621612548828125,-8.882181167602539,9.097589492797852,-12.460493087768555,13.123887062072754,-9.697834014892578,4.337836742401123,-13.489968299865723,6.743155002593994,-10.383935928344727,59.995689392089844,40.53704071044922,25.117477416992188,16.075162887573242,17.561330795288086,13.204436302185059,14.268253326416016,13.02295207977295,11.621983528137207,10.512312889099121,11.025653839111328,10.540956497192383,10.376206398010254,rock,rock.00015.wav
143.5546875,2459.3807747248898,359.69513909818687,2221.3829014466087,208.81314794009356,5024.202952665441,801.6322608955717,0.1428422957381966,0.034063371145174125,-15.687385559082031,100.0982666015625,-37.590457916259766,45.97100067138672,-20.77373695373535,25.637006759643555,-18.643869400024414,26.51662254333496,-20.163169860839844,21.129619598388672,-13.64913272857666,10.978789329528809,-15.535992622375488,18.379215240478516,13.598681449890137,13.127217292785645,11.228865623474121,9.332348823547363,7.326930046081543,7.078005313873291,5.885647773742676,7.124575138092041,6.660345077514648,5.964277744293213,6.713752746582031,6.1818318367004395,rock,rock.00016.wav
123.046875,2311.9417457073478,398.40704296048494,2060.772911227813,264.6062654291202,4527.939286837268,901.844782140716,0.14058758526025542,0.034043832032853064,-41.432640075683594,105.41606903076172,-43.95048141479492,54.10911560058594,-18.41774559020996,23.525930404663086,-17.6177921295166,20.664485931396484,-18.46294593811035,17.48168182373047,-15.181072235107422,11.308914184570312,-14.158966064453125,32.169715881347656,15.662668228149414,14.513352394104004,10.858243942260742,9.195462226867676,7.882173538208008,7.890127658843994,6.595504283905029,7.396687030792236,6.165769100189209,6.193790912628174,5.779607772827148,6.353853702545166,rock,rock.00017.wav
117.45383522727273,2209.573799429134,528.7599650433128,2142.797814244651,314.3920638883531,4594.563883967444,1123.743578346782,0.11580542218943499,0.05007797507329598,-67.55525970458984,109.12109375,-32.731327056884766,45.65721893310547,-11.699701309204102,27.49436378479004,-16.34174156188965,22.087678909301758,-15.454766273498535,19.40410804748535,-11.621109962463379,11.591024398803711,-10.521069526672363,37.44156265258789,21.345279693603516,18.685874938964844,13.137605667114258,9.587355613708496,10.917428970336914,9.329821586608887,6.953169822692871,7.803989887237549,7.242948055267334,7.89801549911499,5.952298164367676,6.5881123542785645,rock,rock.00018.wav
117.45383522727273,2321.139396040278,404.409541395981,2118.8652143813893,251.7424828907095,4701.921568123549,882.4515830922137,0.12819952713815788,0.04338128100114103,-84.2173080444336,102.3507308959961,-41.34684371948242,47.03287887573242,-16.961946487426758,26.2421817779541,-18.962617874145508,18.80251693725586,-21.69579315185547,11.055485725402832,-19.242597579956055,5.2391276359558105,-16.765684127807617,44.81163787841797,16.887432098388672,15.828481674194336,14.055896759033203,7.971724033355713,8.697488784790039,8.3612642288208,8.51701831817627,8.403474807739258,8.963007926940918,7.112732410430908,7.408052921295166,5.230275630950928,rock,rock.00019.wav
99.38401442307692,2188.2645254060567,565.5632079826476,2120.224007635576,297.7443329114196,4432.373198045666,1179.2343498789655,0.11758961397058823,0.05075101006941557,-56.943450927734375,115.21052551269531,-30.444604873657227,37.20380783081055,-21.99480438232422,21.870763778686523,-19.770648956298828,14.999987602233887,-24.074703216552734,17.787261962890625,-17.278642654418945,6.752427577972412,-10.744572639465332,44.92744445800781,22.39041519165039,17.665895462036133,10.797608375549316,11.900800704956055,10.312846183776855,8.110652923583984,7.216747283935547,8.614611625671387,8.049271583557129,7.329288959503174,6.533371448516846,7.095126628875732,rock,rock.00020.wav
184.5703125,2157.8298998957625,499.48815540406144,2060.213563519859,248.4352691189388,4244.366001566128,960.6829340860221,0.12160357306985294,0.05365369660669163,-55.33060836791992,114.44246673583984,-34.06888961791992,37.984397888183594,-22.331317901611328,18.52655601501465,-18.157928466796875,13.806142807006836,-27.80347442626953,18.16130828857422,-14.623385429382324,6.555210590362549,-8.26966667175293,35.37258529663086,20.507183074951172,16.489826202392578,12.591361999511719,13.600186347961426,10.641759872436523,10.461073875427246,7.702295303344727,9.951635360717773,8.327142715454102,7.002519607543945,7.581448554992676,7.028148651123047,rock,rock.00021.wav
198.76802884615384,2342.3353774211027,506.88925343945726,2112.8387079444346,267.91922943431143,4594.60555038216,1011.2039275873616,0.13848895849458204,0.04709141984731301,-34.62348175048828,106.51091003417969,-41.074825286865234,33.66883850097656,-27.23453140258789,21.397689819335938,-21.319238662719727,14.007781982421875,-27.776123046875,16.067190170288086,-18.824478149414062,5.654366493225098,-14.290796279907227,34.24970626831055,22.074283599853516,19.709312438964844,11.124125480651855,9.857698440551758,9.485845565795898,10.452265739440918,6.654149532318115,10.483521461486816,8.867125511169434,6.721456527709961,6.765570640563965,6.756303787231445,rock,rock.00022.wav
73.828125,2295.565769219044,627.4780490673099,2207.4319000534083,346.36982158843523,4849.687341270801,1293.64750757482,0.11561872641737617,0.04864604524131928,-88.29214477539062,105.3929443359375,-24.510700225830078,41.84850311279297,-22.376440048217773,23.734203338623047,-19.802425384521484,15.150588989257812,-27.119735717773438,13.858992576599121,-15.214505195617676,8.941473960876465,-12.804369926452637,55.20999526977539,24.202716827392578,12.809297561645508,10.72402572631836,10.920527458190918,11.087516784667969,8.87037467956543,11.498686790466309,10.104217529296875,11.359042167663574,7.875176906585693,6.678225517272949,7.177840232849121,rock,rock.00023.wav
73.828125,2320.5556900857273,344.3201280083068,2044.918179050594,214.2602479259189,4466.88132271309,694.989664122194,0.1434492459607198,0.044826109725764195,-52.4997444152832,99.70246124267578,-47.39474868774414,47.02238464355469,-21.03191375732422,22.88638687133789,-18.29364585876465,13.892620086669922,-23.449203491210938,13.50993824005127,-18.66952896118164,5.705556392669678,-12.896329879760742,33.06773376464844,19.412689208984375,20.838638305664062,13.64941692352295,12.142180442810059,10.677321434020996,6.863072872161865,7.374557971954346,8.068572998046875,7.962852954864502,6.796380043029785,6.634800910949707,6.4363532066345215,rock,rock.00024.wav
103.359375,2510.3556189283613,379.8729123871011,2115.285136449239,233.22423303235794,4735.371365857198,839.1127226572656,0.15789020172213622,0.04380584486949259,-47.05117416381836,95.76596069335938,-43.925437927246094,52.07753372192383,-22.552745819091797,20.855411529541016,-18.68784523010254,19.24420738220215,-21.26524543762207,21.887393951416016,-19.218746185302734,9.456286430358887,-12.582294464111328,23.961395263671875,16.156986236572266,15.885520935058594,16.40807342529297,11.185436248779297,9.289658546447754,8.57798957824707,7.011663913726807,7.087093830108643,9.22243595123291,6.0025715827941895,6.885020732879639,9.161592483520508,rock,rock.00025.wav
112.34714673913044,2263.522165083779,480.787137749104,2150.409409887739,239.9957478481897,4603.71382863898,966.7216766964103,0.1229387879740712,0.0464061017224046,-58.966331481933594,106.56531524658203,-31.7941837310791,47.91972732543945,-17.430265426635742,27.756452560424805,-14.035482406616211,22.419857025146484,-20.562475204467773,19.568918228149414,-14.586194038391113,10.188966751098633,-10.941551208496094,30.85973358154297,19.5545654296875,13.51596450805664,11.161457061767578,11.110621452331543,9.36898422241211,9.984715461730957,6.781966686248779,7.308907985687256,8.095914840698242,6.456616401672363,5.918665409088135,6.945626735687256,rock,rock.00026.wav
151.99908088235293,2669.3593345236,677.9194859077227,2440.4637806887617,291.41803282531595,5445.8670695868805,1169.7526510441307,0.13342209570917182,0.06750774555913243,-123.3453369140625,74.88168334960938,-17.058034896850586,31.6099853515625,2.5446815490722656,17.328310012817383,-3.815232515335083,9.723453521728516,-7.237524032592773,11.25865650177002,0.3819888234138489,3.4685218334198,1.6636860370635986,51.364295959472656,25.250028610229492,16.53776741027832,14.1592435836792,10.397204399108887,9.449060440063477,10.098271369934082,7.83557653427124,8.123567581176758,6.854071617126465,6.637311935424805,6.998904228210449,8.400513648986816,rock,rock.00027.wav
135.99917763157896,2047.1451067117212,594.8831532755243,2070.5379260009317,429.8938182861487,4096.083564876403,1269.9539038155156,0.101985399937113,0.036763591749087346,-92.62162780761719,101.81189727783203,-33.4673957824707,48.702247619628906,12.402112007141113,20.806869506835938,8.704763412475586,9.274925231933594,2.767545700073242,5.239055156707764,-9.331888198852539,-3.4845621585845947,-4.351447582244873,51.235595703125,27.469823837280273,19.44441795349121,14.48354721069336,10.812857627868652,8.177312850952148,7.781614780426025,7.535946369171143,8.000605583190918,8.6087007522583,7.072439193725586,6.679788112640381,6.025343894958496,rock,rock.00028.wav
123.046875,2444.584086039301,610.041671138983,2433.7847632338085,332.0088213796911,5172.310390413361,1104.664731261022,0.11148874383223684,0.04764056361159109,-42.4476203918457,85.06940460205078,-7.393642902374268,40.71378707885742,-1.0123374462127686,18.935546875,-3.5306551456451416,5.873620510101318,-5.017306804656982,4.243310451507568,-3.1803700923919678,-0.5721075534820557,-0.5273756980895996,37.03575897216797,23.11213493347168,17.581418991088867,11.036642074584961,8.69483470916748,9.140054702758789,7.478881359100342,6.367171764373779,6.487488269805908,6.84694766998291,6.601867198944092,6.673262596130371,6.5234808921813965,rock,rock.00029.wav
117.45383522727273,2945.1945450846843,850.920929030266,2831.66679013786,329.7432636230217,6334.811694260352,1088.8366927334287,0.11496000024187307,0.06064547022684396,-131.44668579101562,67.7161636352539,32.89906311035156,34.58985900878906,-3.2580535411834717,21.88393211364746,-5.81107234954834,10.24113941192627,-7.056926250457764,2.2975733280181885,-4.3679585456848145,-3.330298900604248,-6.280026435852051,49.47248077392578,28.930206298828125,28.4388427734375,18.60698890686035,11.232287406921387,13.747323989868164,10.368311882019043,8.260575294494629,8.368663787841797,8.895694732666016,7.133885860443115,6.799533367156982,6.7629289627075195,rock,rock.00030.wav
117.45383522727273,2638.867641788369,779.3262337532045,2512.4599236152003,487.30462229076886,5302.2179382135255,1612.8804735582758,0.13247236600232198,0.05609912463772885,-89.13876342773438,81.39791107177734,-12.569811820983887,22.79275131225586,-7.059605121612549,-0.4924919307231903,2.7757720947265625,-3.429509401321411,-7.712828636169434,-0.8480600714683533,-4.887397289276123,-2.6848652362823486,-5.287197113037109,68.93702697753906,29.879898071289062,24.978378295898438,13.879780769348145,12.314974784851074,12.421443939208984,12.285151481628418,8.981640815734863,8.756616592407227,9.269879341125488,7.962835788726807,8.7820463180542,7.941849231719971,rock,rock.00031.wav
92.28515625,2345.8857364588525,526.9358461785058,2378.3851718191527,316.5325679721639,4735.771363438467,1090.0336747913266,0.1154928768382353,0.04084295370766221,-26.406457901000977,85.7942886352539,-16.961444854736328,35.26088333129883,10.000133514404297,10.66892147064209,1.446996808052063,4.710634231567383,-0.04728313535451889,2.0705881118774414,0.42054668068885803,5.425936222076416,-0.9531182050704956,32.47825622558594,22.219327926635742,15.224136352539062,11.316587448120117,12.438283920288086,8.559305191040039,8.004317283630371,7.740863800048828,7.167148113250732,6.869625091552734,9.106614112854004,6.625297546386719,7.006979942321777,rock,rock.00032.wav
117.45383522727273,1673.575889634683,489.64586815697646,1947.700443030449,446.7334656410687,3430.0292590823337,1242.979789049134,0.07488654641544118,0.026566325008142818,-119.11726379394531,128.92800903320312,-17.856233596801758,29.175466537475586,2.7212581634521484,8.001317977905273,-7.05839204788208,3.877889633178711,-1.5081709623336792,-3.983859062194824,-7.040400981903076,-2.8670530319213867,-4.177796363830566,50.44956970214844,29.468124389648438,19.100318908691406,9.819234848022461,10.891277313232422,9.39382266998291,10.10187816619873,8.418313026428223,7.748664379119873,7.708228588104248,7.144226551055908,6.1525044441223145,6.560063362121582,rock,rock.00033.wav
135.99917763157896,2789.7940380072873,533.5796532766595,2648.769436715528,287.5346097993186,5836.38137486697,1118.8070119284148,0.13500787599167957,0.039044679009002006,-28.08936882019043,65.62969207763672,-7.353229999542236,33.59356689453125,11.073498725891113,14.760503768920898,2.197620391845703,10.0637788772583,-0.3293839693069458,10.136312484741211,-2.74882173538208,3.191469669342041,-1.683266282081604,25.938472747802734,18.48206901550293,15.957072257995605,13.15992259979248,9.698989868164062,8.618322372436523,8.841751098632812,6.15644645690918,6.866352558135986,7.260899543762207,8.547418594360352,6.027774333953857,6.32442045211792,rock,rock.00034.wav
129.19921875,1867.3888525990114,631.3463584218987,2422.4150789551077,530.4798343743686,4271.2075059258905,1714.6572209646909,0.05698831753095975,0.02508938524748551,-124.00576782226562,109.50320434570312,5.883205413818359,32.8846549987793,10.982733726501465,11.693243026733398,12.6799955368042,12.969646453857422,1.6491059064865112,4.502442359924316,9.673786163330078,3.0551998615264893,3.530792713165283,49.125282287597656,24.147632598876953,19.14690589904785,11.312009811401367,9.08210277557373,7.441827297210693,7.636021614074707,6.888493061065674,6.293083667755127,5.90313720703125,5.881539344787598,5.652901649475098,5.005482196807861,rock,rock.00035.wav
135.99917763157896,2841.8971917238737,634.8924468335391,2619.2254650844693,342.65934342301057,5885.356078723636,1305.3984849177234,0.14617523098877708,0.048830456944891146,-0.45102089643478394,72.646728515625,-13.21434211730957,23.93039894104004,10.373188972473145,10.316969871520996,-4.924215793609619,14.358380317687988,-0.6711962223052979,9.922937393188477,0.7018817067146301,5.224045753479004,-4.066709995269775,30.747268676757812,21.89232635498047,16.142427444458008,9.728978157043457,9.695366859436035,8.804479598999023,8.177680969238281,7.324592590332031,6.6414923667907715,7.2291741371154785,6.184800148010254,6.332921981811523,5.913406848907471,rock,rock.00036.wav
129.19921875,2627.053081238353,638.2031684291967,2442.793427153663,385.77302252962755,5047.994475468025,1360.3636636568333,0.14631922104779413,0.04932168046062832,-71.16523742675781,79.44672393798828,-20.79361343383789,30.656105041503906,5.538387298583984,3.697484016418457,4.694746971130371,7.2714033126831055,-5.486176490783691,2.4909720420837402,0.8379977941513062,-0.5833191275596619,-1.8935434818267822,42.75788497924805,22.122440338134766,18.870220184326172,15.250624656677246,9.360223770141602,8.623156547546387,8.536075592041016,6.908570766448975,8.282296180725098,7.3033833503723145,6.529432773590088,6.3320698738098145,5.927834510803223,rock,rock.00037.wav
135.99917763157896,2794.963091628599,580.9920544756736,2633.9623220905196,308.96467732505613,5862.422884064193,1252.8743645576649,0.14055017052051083,0.059517006653526716,-15.928070068359375,67.1530990600586,-20.12190055847168,15.576830863952637,4.801263332366943,10.825857162475586,5.959400177001953,11.796420097351074,-0.39681532979011536,5.655035495758057,0.11372387409210205,1.097923994064331,-1.7415590286254883,33.80257034301758,21.139400482177734,20.267475128173828,15.136441230773926,15.060697555541992,13.74121379852295,10.584854125976562,9.800884246826172,9.987436294555664,9.468428611755371,9.137409210205078,9.689393997192383,8.637373924255371,rock,rock.00038.wav
143.5546875,2559.2817874298944,487.1942951751148,2731.086714396982,306.50738766817085,5447.483726477844,1361.1114912978353,0.12278761730843653,0.03719205817919847,-50.866233825683594,86.3950424194336,-14.416372299194336,12.843613624572754,21.69902992248535,4.238609790802002,1.738162636756897,3.706432580947876,4.691946506500244,-1.863010287284851,-1.1926677227020264,-0.010121372528374195,-4.118913650512695,35.70859146118164,18.710634231567383,14.636409759521484,8.974793434143066,11.616735458374023,7.691728115081787,7.204626083374023,6.051168441772461,6.1032538414001465,5.586614608764648,4.62724494934082,4.664363861083984,5.409247398376465,rock,rock.00039.wav
112.34714673913044,3009.9775310236832,659.8839552879806,2777.974881715167,368.2818915096662,6130.82959437887,1337.8146949364198,0.14474440063854488,0.05888352646119437,-65.98846435546875,61.27696990966797,-1.9339221715927124,35.32307434082031,9.320188522338867,7.569520473480225,3.415292978286743,2.978025197982788,4.615322589874268,2.9165234565734863,1.774064064025879,-0.39260387420654297,-5.753547191619873,51.642578125,21.321067810058594,18.5231876373291,16.365478515625,9.848495483398438,10.96749210357666,10.470353126525879,7.93109655380249,7.879317283630371,6.831571578979492,7.3481268882751465,6.694080352783203,6.2724289894104,rock,rock.00040.wav
117.45383522727273,2807.30058491141,660.0424063176397,2688.503510869627,343.6555165733178,5678.490662943837,1360.7003697793093,0.14837174076044893,0.057533435997820466,-35.399131774902344,73.67545318603516,-20.210777282714844,17.16295623779297,14.951290130615234,10.214681625366211,7.604469299316406,1.5989149808883667,4.177347183227539,0.7355448007583618,-0.3854457139968872,-1.313180685043335,-2.049189567565918,37.67943572998047,22.266254425048828,16.57729148864746,13.985241889953613,11.167903900146484,8.173617362976074,8.69050121307373,7.307653427124023,6.385446071624756,6.305659770965576,6.575572967529297,5.740618705749512,5.781103610992432,rock,rock.00041.wav
161.4990234375,2794.3709144990316,781.9459030757719,2731.9420312720904,454.3686011824203,5877.406126795908,1656.2068657978568,0.13764807166698917,0.06527708792629394,-74.19892120361328,76.74987030029297,-3.812321662902832,28.032583236694336,8.144328117370605,6.01887321472168,4.306131362915039,0.5052437782287598,2.8562192916870117,-0.9419192671775818,-2.350552797317505,-0.2828634977340698,-1.4562793970108032,59.77894592285156,26.768857955932617,22.698518753051758,16.224802017211914,13.139657020568848,9.137205123901367,9.625391960144043,7.023557186126709,8.258886337280273,6.593022346496582,8.466217041015625,6.440122127532959,6.7532172203063965,rock,rock.00042.wav
89.10290948275862,2740.1544161420566,639.0603166853733,2541.9072917634526,410.2222148401738,5327.292786589348,1409.738009142595,0.1440289854634288,0.0515362582338461,-62.0799446105957,75.84868621826172,-26.75746726989746,18.27989387512207,2.4523019790649414,5.826196193695068,11.583855628967285,0.009005897678434849,8.69517993927002,5.51440954208374,-0.2510002851486206,2.399003744125366,-1.7422583103179932,68.55648803710938,22.953035354614258,20.61566734313965,14.328588485717773,9.012231826782227,8.54808235168457,10.64101505279541,8.453474044799805,9.041933059692383,7.6348042488098145,6.235963344573975,7.302384853363037,7.16970157623291,rock,rock.00043.wav
92.28515625,1652.179327113778,502.086525049569,2104.3964275714657,562.703626847171,3456.8540968762095,1543.25702006165,0.06892966633610681,0.02259931937890501,-118.35712432861328,130.22547912597656,-3.0720033645629883,15.734302520751953,3.9399163722991943,10.663591384887695,6.8349127769470215,3.3929507732391357,0.7619887590408325,-2.5365586280822754,-3.1070427894592285,-2.8583638668060303,-1.6224064826965332,48.91650390625,31.050941467285156,21.657197952270508,15.601810455322266,10.889184951782227,7.866811275482178,6.794258117675781,6.312890529632568,6.770907878875732,5.759748935699463,6.930939674377441,9.099858283996582,6.522026062011719,rock,rock.00044.wav
151.99908088235293,1561.5465305371351,300.84320817330246,1568.9776889574518,105.64095984563617,3243.230388629547,531.5042839229048,0.0789651309742647,0.028514953953391715,-172.5916748046875,142.76536560058594,-55.78308868408203,79.31111907958984,-1.8683820962905884,4.8111419677734375,0.2375272810459137,-11.501947402954102,-0.2754562199115753,-9.372540473937988,-7.673828125,-11.25028133392334,-5.676462173461914,62.360206604003906,14.571905136108398,20.035139083862305,10.295683860778809,11.034582138061523,8.178832054138184,7.334657192230225,6.473580837249756,5.501093864440918,6.719631671905518,5.390550136566162,5.224541187286377,5.052567958831787,rock,rock.00045.wav
103.359375,2428.532242218463,665.7776045363379,2501.839158266494,466.3137880560618,5034.1112260848,1654.220004740359,0.11816519627999227,0.04095600646531712,-83.09334564208984,91.52498626708984,-13.697012901306152,16.139076232910156,10.334052085876465,5.5303425788879395,-9.44882869720459,-6.6147942543029785,-3.031773090362549,4.939131259918213,2.646474599838257,1.0551013946533203,-3.6679461002349854,50.43389892578125,26.684526443481445,20.893991470336914,9.22915267944336,9.044960975646973,8.904668807983398,8.724410057067871,7.458577632904053,7.769058704376221,6.220185279846191,5.9712371826171875,6.6099324226379395,7.137016296386719,rock,rock.00046.wav
107.666015625,2998.5568440596116,738.3411673539792,2691.3861118946566,372.35947286610434,5963.355607071159,1415.9152597425953,0.15630366558630032,0.07172893017666518,-58.28947830200195,62.49394607543945,-12.66530704498291,31.92991065979004,8.108556747436523,2.252081871032715,3.9014298915863037,1.448104977607727,-2.7169504165649414,1.102115511894226,-0.4605376422405243,-2.382965564727783,1.2428723573684692,43.08185577392578,26.24345588684082,18.30309295654297,16.5695858001709,10.359267234802246,11.170450210571289,13.237100601196289,10.250978469848633,9.427420616149902,9.221744537353516,5.947046279907227,7.012836456298828,7.267269611358643,rock,rock.00047.wav
129.19921875,1646.6339142770562,343.89048063781695,1701.4113691568673,231.0494446358533,3184.305744938806,711.7131997724621,0.0852647905379257,0.027931869075814148,-93.35920715332031,137.46543884277344,-45.09274673461914,37.81913375854492,-9.423070907592773,12.591268539428711,-7.494570732116699,5.548374176025391,-3.7386364936828613,-2.0140531063079834,-2.458911895751953,-9.575428009033203,-3.1775431632995605,36.640419006347656,22.71193504333496,12.6101655960083,12.412721633911133,11.93199348449707,9.852721214294434,7.129371643066406,8.06737995147705,7.91343879699707,6.156550884246826,7.373380184173584,6.8256754875183105,7.538284778594971,rock,rock.00048.wav
112.34714673913044,2077.5446322647385,1103.1911027907297,2333.931430395513,833.7541607499047,4495.3894836614745,2579.3890277283676,0.09130519241002322,0.05402112858330844,-142.48468017578125,116.1689224243164,2.269467353820801,31.065383911132812,6.192659854888916,0.11036233603954315,0.3172527253627777,7.7940239906311035,3.2462353706359863,-3.0221729278564453,1.7105085849761963,0.7426469326019287,0.1429063081741333,99.41041564941406,46.20861053466797,21.2902774810791,13.738166809082031,11.829241752624512,9.107309341430664,7.800788402557373,7.510439872741699,7.2684407234191895,8.619075775146484,7.065796375274658,6.946895599365234,6.688255786895752,rock,rock.00049.wav
123.046875,1720.5912503156892,837.2338736804387,2311.946198635383,605.4770496716815,3810.018628005273,1984.8782036571456,0.053289549269543345,0.038167198921508855,-145.00860595703125,118.48389434814453,20.532211303710938,28.56977081298828,2.352550506591797,10.085841178894043,11.913154602050781,4.856400489807129,-0.06745915114879608,3.293766975402832,3.4043331146240234,3.653158664703369,5.371288776397705,71.1512680053711,35.83264923095703,18.359376907348633,10.864328384399414,9.236897468566895,8.390653610229492,7.466691493988037,7.291449069976807,8.132621765136719,6.5709099769592285,7.35538911819458,6.11626672744751,7.794261455535889,rock,rock.00050.wav
172.265625,3030.4355509553056,869.8103595416815,3055.3172102045473,293.6496019016413,6731.709294274865,1313.157773754636,0.12080841536861456,0.07633106990792465,-66.34944915771484,66.78922271728516,25.184574127197266,26.302906036376953,5.300069808959961,10.46248722076416,2.4782750606536865,0.7563056349754333,-0.37080538272857666,1.7285492420196533,3.213731050491333,5.036754608154297,-1.940718412399292,48.428321838378906,24.045204162597656,18.748291015625,11.53250789642334,11.44573974609375,8.765506744384766,9.26579761505127,8.406366348266602,8.118319511413574,8.376606941223145,6.821965217590332,7.483884334564209,7.243181228637695,rock,rock.00051.wav
129.19921875,2187.2085144317775,1325.9851564332307,2449.201009853284,725.5472986280631,4463.723008477651,2664.765024145503,0.08860566224845201,0.08180662200953713,-181.2550811767578,103.40521240234375,9.393451690673828,19.076099395751953,13.793488502502441,-0.49876606464385986,4.365122318267822,-7.606604099273682,-8.104534149169922,-0.14550010859966278,-5.163271903991699,-6.306929588317871,-5.464431285858154,97.70661926269531,44.071388244628906,27.70123291015625,17.832855224609375,14.180323600769043,16.59090805053711,12.718734741210938,9.826728820800781,10.535964012145996,9.549581527709961,9.419827461242676,9.039323806762695,7.54583740234375,rock,rock.00052.wav
117.45383522727273,3361.7673453402167,551.7050898841036,2933.2024987219434,234.74318665701333,6920.5248191998835,1010.2083224411538,0.18757331777283281,0.0597269165876384,4.066039085388184,52.615936279296875,-11.040759086608887,19.7084903717041,11.29083251953125,7.062537670135498,5.064019203186035,4.561151027679443,0.02814105711877346,5.148392677307129,3.39976167678833,1.1702251434326172,0.5825346112251282,33.20601272583008,15.549810409545898,11.037493705749512,10.401054382324219,9.278271675109863,7.855381488800049,7.9758782386779785,6.810842990875244,6.813488483428955,6.417810440063477,6.561119079589844,5.625358581542969,5.724335193634033,rock,rock.00053.wav
107.666015625,2632.7402137243284,979.4561369721404,2550.5115793345662,448.30898209808936,5310.901219040247,1814.4592554573014,0.13243306162925697,0.08545430203837505,-156.23690795898438,75.61201477050781,-16.506853103637695,16.34114646911621,5.8195719718933105,6.018424034118652,-4.133172512054443,-3.7573888301849365,-6.168892860412598,-8.928879737854004,-4.102284908294678,-2.2225191593170166,-4.650421619415283,48.42975616455078,31.528390884399414,16.57063865661621,15.145593643188477,11.205224990844727,9.775795936584473,8.722572326660156,9.843709945678711,9.322463035583496,9.588879585266113,8.373321533203125,9.56174087524414,9.23736572265625,rock,rock.00054.wav
129.19921875,1711.1893544921813,521.5420666469477,2248.2556163675204,457.3375006214035,3614.6198095551954,1626.0498391482784,0.06657442736551858,0.01914904382641585,-91.8997802734375,130.0064697265625,1.7901883125305176,11.658317565917969,3.2286391258239746,-1.966854453086853,-2.212193489074707,-0.859142005443573,-4.337864398956299,-3.5468599796295166,-1.5544235706329346,-0.5467613339424133,0.40629062056541443,45.759483337402344,22.18356704711914,19.259254455566406,14.648300170898438,8.7898588180542,10.741460800170898,7.103266716003418,7.885970592498779,7.280676364898682,7.604508399963379,5.721529483795166,5.671899795532227,6.026991844177246,rock,rock.00055.wav
135.99917763157896,3303.904679679877,678.9500375661231,2914.1478022639367,277.42345181530095,6719.434368499661,1116.1816343378816,0.17756393007449692,0.06830820018954872,-7.851337909698486,59.508636474609375,3.669032335281372,28.985015869140625,4.145484924316406,10.275527954101562,2.544891595840454,7.594005584716797,-1.3849740028381348,2.960131883621216,4.042452335357666,-0.7512194514274597,1.0540920495986938,39.77475357055664,18.44887351989746,15.152609825134277,9.868877410888672,8.412137031555176,6.695552349090576,8.678215980529785,6.217599391937256,6.274351596832275,6.616138935089111,6.065399169921875,5.646233081817627,5.287891387939453,rock,rock.00056.wav
123.046875,3488.995725081282,748.4121335212827,3241.7483118458463,285.12317887866294,7660.57034424584,1160.364320671235,0.1751028716379644,0.06284308846736006,-58.60115051269531,64.89225769042969,15.939432144165039,5.449437618255615,7.535342216491699,9.880082130432129,1.5892504453659058,5.345211505889893,-1.2376222610473633,-2.029954433441162,2.443626642227173,-0.7237524390220642,-0.31555259227752686,39.048885345458984,19.82196044921875,13.199122428894043,12.916121482849121,9.977741241455078,6.665734767913818,7.885865211486816,7.980266571044922,6.8473663330078125,6.422597408294678,7.198920249938965,5.914093971252441,6.349465370178223,rock,rock.00057.wav
135.99917763157896,2437.580126873773,1003.1938175172565,2789.9159039702213,479.5398360059841,5497.925088132498,2049.2147591179196,0.09894309029121517,0.0652177098363773,-142.0154266357422,96.99694061279297,23.240543365478516,10.443575859069824,6.282169342041016,4.967879295349121,1.0824390649795532,1.095839023590088,-4.841728210449219,0.8765873908996582,-3.4558091163635254,-2.0117530822753906,-5.8935346603393555,35.79301452636719,29.40228843688965,17.98765754699707,12.065078735351562,10.361929893493652,9.007831573486328,8.81539249420166,7.417361736297607,8.055660247802734,7.907956600189209,7.574136257171631,7.852715492248535,7.382445812225342,rock,rock.00058.wav
117.45383522727273,2424.966690601346,1070.2086798496603,2927.5616529347903,573.1132779725341,5645.7575275432955,2481.6851098154307,0.0865675037490325,0.051793201001277815,-219.125244140625,94.35542297363281,42.787418365478516,16.116039276123047,9.527345657348633,12.908823013305664,7.72127628326416,2.3854546546936035,-1.0225296020507812,-1.9537667036056519,-1.979730248451233,3.1503796577453613,-0.8850412964820862,46.04087448120117,32.822242736816406,20.672874450683594,17.037517547607422,11.499902725219727,9.714200019836426,7.764005184173584,7.139930248260498,7.870882987976074,7.1683197021484375,6.81345796585083,7.236093997955322,5.8959221839904785,rock,rock.00059.wav
89.10290948275862,2797.3841277516685,792.0293846210876,2891.8717359301454,478.23314610948574,6205.454143134433,1881.0578461796083,0.13467605638061145,0.05110739182683494,-82.66664123535156,83.48526000976562,-0.5739465355873108,10.484199523925781,10.418731689453125,7.0719404220581055,5.080419540405273,0.08345246315002441,-0.207964688539505,-0.9347753524780273,-0.09718932211399078,-1.6991580724716187,-1.0245147943496704,37.55327606201172,22.968578338623047,15.005894660949707,15.261540412902832,8.766883850097656,8.289969444274902,9.526453018188477,8.275464057922363,7.666866779327393,6.794576644897461,6.855893135070801,6.759293079376221,6.567328929901123,rock,rock.00060.wav
80.74951171875,2072.9854708489925,894.8461709255217,2740.292600851444,488.2438006334856,4691.1049668633905,2319.3178557313745,0.06909104102167182,0.04856639905059231,-193.56298828125,98.39903259277344,44.0577278137207,23.779394149780273,12.564505577087402,8.460668563842773,2.1713907718658447,-0.3465065360069275,-8.192858695983887,-9.118400573730469,-5.235872745513916,-4.838527202606201,-1.3708206415176392,66.65059661865234,29.118671417236328,26.12235450744629,14.757719993591309,11.900127410888672,9.159496307373047,9.061175346374512,7.524539470672607,7.929952144622803,7.119542598724365,7.944741249084473,6.8151164054870605,6.800403118133545,rock,rock.00061.wav
123.046875,2947.109224451956,1004.6541711222931,3203.0152637796077,456.0250030450211,6983.207773497968,1801.9068224402808,0.10857001620549536,0.06711174362166812,-212.29835510253906,65.75984954833984,45.1823616027832,19.73008155822754,11.80588436126709,8.06157398223877,4.434144973754883,4.215857982635498,-2.318169355392456,-2.189948320388794,-1.6369863748550415,-4.651898384094238,-3.726616859436035,63.972137451171875,28.262784957885742,27.050220489501953,17.780384063720703,15.18051528930664,11.54997444152832,11.015751838684082,7.5052361488342285,7.978025436401367,8.350907325744629,7.686548709869385,5.952130317687988,6.789134502410889,rock,rock.00062.wav
75.99954044117646,1711.662555940787,1238.9599689735576,2310.122655480772,830.6449208753054,3492.653880399816,2883.33068810972,0.0558345074255031,0.052965759619781186,-302.7938232421875,116.16437530517578,44.75728988647461,25.957435607910156,18.726181030273438,7.572909832000732,7.33574914932251,4.042331695556641,-4.1868815422058105,0.8677524924278259,0.9239048361778259,2.8157293796539307,1.4195157289505005,88.5785140991211,50.49121856689453,26.66975975036621,23.055814743041992,17.148649215698242,13.424805641174316,12.194934844970703,9.773499488830566,12.038596153259277,11.593273162841797,13.298081398010254,9.813790321350098,11.271297454833984,rock,rock.00063.wav
151.99908088235293,2181.717912335607,394.412845821679,2181.4968457518703,274.8189863259029,4691.004967468073,989.7622648536926,0.10637615192047213,0.03837688856796206,-118.81869506835938,104.41145324707031,-29.167768478393555,42.10883712768555,-13.289315223693848,29.063268661499023,-20.876985549926758,21.613054275512695,-24.322349548339844,10.711962699890137,-15.105816841125488,5.9485650062561035,-11.778100967407227,55.03694534301758,17.42853546142578,20.311494827270508,11.125804901123047,12.465394020080566,11.090386390686035,9.021109580993652,6.999239444732666,8.151518821716309,7.776906967163086,7.41688871383667,6.838212013244629,6.590672016143799,rock,rock.00064.wav
123.046875,2294.29156586485,426.1436276662177,2104.185540676221,275.39125260104777,4730.413062506047,875.8989393109678,0.12912129027186534,0.037642059507877836,-95.29631042480469,103.81673431396484,-37.021419525146484,52.69776916503906,-20.764066696166992,27.576885223388672,-17.5366268157959,24.813133239746094,-11.30056095123291,16.64461898803711,-9.249601364135742,10.18789291381836,-8.786783218383789,44.523162841796875,20.528806686401367,19.647157669067383,12.48538875579834,12.16779613494873,9.586398124694824,9.519108772277832,8.731167793273926,9.680335998535156,9.978620529174805,8.958579063415527,7.728983402252197,7.25183629989624,rock,rock.00065.wav
75.99954044117646,2209.342049406717,634.0096013087425,2175.09754039341,363.6542044913119,4575.447332895947,1310.8296615013392,0.10714712231520898,0.05310745450036061,-245.18563842773438,95.09854125976562,-21.243844985961914,45.65591812133789,-3.5624685287475586,14.98202896118164,-20.670310974121094,19.526782989501953,-21.713743209838867,7.3274712562561035,-9.289676666259766,0.8187548518180847,-13.016045570373535,95.22177124023438,28.42381477355957,24.765758514404297,16.815032958984375,12.47585678100586,15.834870338439941,14.186991691589355,10.790546417236328,14.360472679138184,10.818427085876465,9.45749568939209,9.000736236572266,7.902327537536621,rock,rock.00066.wav
103.359375,2414.00286655524,692.0779030536324,2338.9876968450662,327.0638439674257,5212.235148993808,1220.4945059019722,0.11991915392801858,0.06038745968815309,-123.72794342041016,94.75421905517578,-9.56672191619873,53.26890182495117,-13.7581148147583,17.72808265686035,-19.212339401245117,25.298622131347656,-18.704410552978516,15.385912895202637,-12.513976097106934,9.367707252502441,-11.601577758789062,50.72150421142578,27.183856964111328,19.772891998291016,14.749939918518066,11.313504219055176,12.18803882598877,11.262807846069336,9.285987854003906,9.891462326049805,8.477685928344727,8.242223739624023,7.399204254150391,7.0461015701293945,rock,rock.00067.wav
123.046875,2467.0646621546953,531.5989997223899,2398.9630032602154,211.45627053068029,5402.500665150928,888.8591761764236,0.11828008598587461,0.05049723251551037,-121.09557342529297,91.74797058105469,-14.709611892700195,52.973697662353516,-11.412967681884766,31.00334358215332,-17.49176788330078,24.202194213867188,-24.77862548828125,17.113521575927734,-15.886059761047363,10.376738548278809,-8.625384330749512,41.12533950805664,20.36415672302246,15.596626281738281,9.149489402770996,8.580413818359375,9.572154998779297,7.926514148712158,8.426580429077148,8.70760440826416,7.716090202331543,7.235839366912842,7.048418998718262,6.2198357582092285,rock,rock.00068.wav
172.265625,2569.1052765811332,777.3511109601677,2345.280318493239,323.41011118200754,5365.809220352409,1280.3142357125828,0.13768964360003869,0.0648752849021871,-203.31390380859375,85.3817138671875,-11.569646835327148,54.77840042114258,-11.609861373901367,20.57291603088379,-27.770662307739258,18.878084182739258,-31.656442642211914,10.70988941192627,-11.932768821716309,4.1216278076171875,-4.0036139488220215,44.742733001708984,28.82332992553711,17.24300193786621,12.044692039489746,10.548006057739258,11.915826797485352,11.906746864318848,8.234625816345215,13.113951683044434,10.209863662719727,9.100005149841309,9.097187995910645,10.125296592712402,rock,rock.00069.wav
172.265625,2512.1443220871984,626.8833185814868,2245.287385595275,296.72000349089507,5130.4689767559985,1070.4092407587887,0.13914088199013158,0.06009002255244837,-202.2282257080078,75.21359252929688,-14.220876693725586,66.3117904663086,-8.28917407989502,24.374107360839844,-16.250932693481445,17.125219345092773,-21.2917537689209,3.9677858352661133,-19.749534606933594,0.4896693229675293,-4.503657341003418,59.010433197021484,23.8328800201416,23.21269989013672,16.025463104248047,13.957389831542969,11.625226020812988,11.944462776184082,9.305985450744629,9.735901832580566,11.516107559204102,8.759419441223145,8.061059951782227,8.86732006072998,rock,rock.00070.wav
112.34714673913044,2024.9672114930113,467.964395609515,2215.1872549817713,267.41107972098064,4571.1473588973,1004.5359505401414,0.09080821884674922,0.0352010142285623,-79.84978485107422,109.94088745117188,-17.126644134521484,47.195335388183594,-11.945710182189941,33.33559799194336,-11.699732780456543,23.63006591796875,-13.667415618896484,18.453720092773438,-6.937197685241699,13.033838272094727,-11.58344841003418,57.380409240722656,18.984386444091797,15.902785301208496,14.917525291442871,11.365935325622559,9.386500358581543,9.495949745178223,7.862542152404785,9.509602546691895,8.246023178100586,7.985770225524902,6.547616958618164,6.500934600830078,rock,rock.00071.wav
103.359375,1933.566634741674,650.1864692936686,2211.336364032015,310.14505300876897,4360.040302099458,1333.6819483250977,0.08172853074206657,0.051569455537382264,-95.32930755615234,112.44343566894531,-2.0780863761901855,47.04460525512695,-10.373583793640137,29.782087326049805,-15.11297607421875,20.185731887817383,-12.67420482635498,16.488859176635742,-7.857435703277588,11.875227928161621,-11.181129455566406,53.72947692871094,24.271102905273438,20.3705997467041,14.360486030578613,10.773612022399902,9.214083671569824,8.08681869506836,7.005405902862549,7.259380340576172,8.325761795043945,6.837964057922363,7.0411577224731445,6.4990644454956055,rock,rock.00072.wav
95.703125,2224.311094028381,540.9406435644598,2287.9866204722503,229.62657702355614,4918.4952585320725,962.5530122272136,0.11005866933533281,0.04937794393398152,-61.65255355834961,103.55276489257812,-16.907657623291016,49.269325256347656,-14.81051254272461,31.711088180541992,-17.215970993041992,24.628934860229492,-14.482388496398926,18.02622413635254,-11.670495986938477,11.484824180603027,-9.816041946411133,42.71369171142578,18.773319244384766,13.383580207824707,10.883233070373535,8.07307243347168,8.329209327697754,8.186101913452148,6.57562255859375,7.420905113220215,8.256505012512207,6.2056145668029785,6.805596828460693,6.3193488121032715,rock,rock.00073.wav
112.34714673913044,2140.7591092398616,449.60116997866066,2246.262600230336,240.58612498835595,4832.445778861504,804.5316160063087,0.09116309198432662,0.031947989727008116,-83.33729553222656,103.88043975830078,-13.938497543334961,56.89741134643555,-14.43038272857666,32.189998626708984,-14.128751754760742,19.15924644470215,-9.344779014587402,13.159194946289062,-11.727716445922852,8.406355857849121,-9.399951934814453,45.42823791503906,17.179990768432617,13.487951278686523,9.687433242797852,8.021065711975098,7.1767354011535645,8.445125579833984,6.536269664764404,9.075215339660645,7.1442365646362305,6.777645111083984,6.614887714385986,6.460381507873535,rock,rock.00074.wav
117.45383522727273,2301.691479215312,641.6206486876289,2355.0250047216587,276.10715743526407,5091.869210163506,1102.989556567865,0.11154543283184984,0.056584405102608856,-113.69888305664062,94.93524169921875,-4.118005275726318,51.78670883178711,-13.77385425567627,34.33351516723633,-17.59379005432129,22.54424476623535,-12.406814575195312,17.202659606933594,-9.234708786010742,9.976574897766113,-13.472090721130371,60.1883659362793,25.091711044311523,20.042959213256836,12.679695129394531,12.301690101623535,11.581939697265625,10.701396942138672,9.549905776977539,9.187727928161621,8.9955472946167,8.999631881713867,8.481473922729492,6.789378643035889,rock,rock.00075.wav
95.703125,1659.8731482944434,713.4618265229117,1953.6246941311736,337.19071639701656,3580.9033467673667,1368.763693644823,0.0712066744872291,0.05415043952152889,-132.3564453125,124.6559829711914,-9.664942741394043,46.451988220214844,-6.28532600402832,30.546499252319336,-11.139771461486816,20.411029815673828,-11.213244438171387,9.37702465057373,-5.824519634246826,7.82903528213501,-8.72843074798584,47.435359954833984,28.554691314697266,17.910661697387695,13.543672561645508,15.1893949508667,12.492319107055664,11.035627365112305,8.472198486328125,8.039639472961426,9.762584686279297,8.209831237792969,8.896648406982422,8.4631986618042,rock,rock.00076.wav
107.666015625,2188.176213337053,488.39828037683026,2350.7834228675147,293.8146914389806,4994.003135279605,1127.0796895663802,0.10627675720781733,0.0416932912531623,-103.93917846679688,101.90093994140625,-10.340606689453125,43.674171447753906,-11.524457931518555,26.93070411682129,-9.990091323852539,25.020719528198242,-14.218496322631836,19.7019100189209,-10.535614013671875,12.671651840209961,-12.685294151306152,53.91743469238281,18.734224319458008,20.66624641418457,12.574422836303711,11.619610786437988,9.183479309082031,10.281855583190918,7.071741580963135,7.162079811096191,7.668058395385742,6.948369026184082,6.986324787139893,6.765355587005615,rock,rock.00077.wav
99.38401442307692,1878.0900592313533,721.97654275325,2204.21561008364,368.9005777066668,4285.4407531927245,1482.9768567293215,0.07173048084365326,0.057368822141134555,-130.98988342285156,111.0154800415039,-2.1539206504821777,41.78767013549805,-3.1985132694244385,34.658477783203125,-17.611370086669922,19.876789093017578,-9.144963264465332,14.890434265136719,-6.844168663024902,9.199766159057617,-6.975000858306885,51.00265884399414,26.104854583740234,19.01236343383789,14.567967414855957,13.998230934143066,11.186500549316406,10.624725341796875,9.274283409118652,9.152873039245605,9.271404266357422,8.301939964294434,6.944911479949951,7.706869602203369,rock,rock.00078.wav
123.046875,2148.4701088464726,503.8022542213434,2107.138585057225,268.7501465377601,4479.506246371904,989.634645594567,0.1091164981617647,0.039278684960719484,-91.38539123535156,112.11522674560547,-27.342018127441406,47.98101806640625,-19.606639862060547,27.728473663330078,-18.553401947021484,17.439449310302734,-13.161745071411133,14.429666519165039,-15.21798038482666,11.52908992767334,-12.585803031921387,42.180519104003906,19.950199127197266,15.749419212341309,9.608962059020996,9.140210151672363,7.83204984664917,8.557049751281738,6.3048624992370605,8.394262313842773,7.156099796295166,6.798572063446045,6.566737651824951,5.9990105628967285,rock,rock.00079.wav
117.45383522727273,2606.2565496233246,509.20874099759226,2318.678720331894,242.78031207546985,5339.184381349168,940.0728829986887,0.1496808787248452,0.048271842059170685,-88.00072479248047,93.53732299804688,-23.228851318359375,48.1299934387207,-21.44626808166504,27.758792877197266,-20.340559005737305,18.754474639892578,-15.226568222045898,16.13050651550293,-21.412471771240234,10.874083518981934,-12.021344184875488,38.61924743652344,17.834108352661133,14.059924125671387,9.642489433288574,9.07997989654541,8.05607795715332,9.846714973449707,8.276814460754395,7.746686935424805,7.459535598754883,8.201620101928711,6.029094219207764,7.253146171569824,rock,rock.00080.wav
117.45383522727273,2553.8992233935824,599.8981588214937,2219.133079512772,267.32569582193497,5123.794017118566,1027.5046400676417,0.13617340182372292,0.059562194813484313,-121.43798065185547,89.51823425292969,-33.493106842041016,41.97275161743164,-25.92999839782715,23.025859832763672,-20.269113540649414,14.35069751739502,-16.349435806274414,17.03437042236328,-16.95542335510254,9.146751403808594,-10.111248016357422,71.7213363647461,26.64828109741211,16.210357666015625,15.065057754516602,12.432907104492188,10.897039413452148,11.692570686340332,10.092483520507812,10.507156372070312,10.280704498291016,8.238444328308105,8.158373832702637,7.153977870941162,rock,rock.00081.wav
99.38401442307692,2976.0030874979825,544.4727735472793,2423.21517682221,225.91873971640769,5926.6808288385255,822.4678652755034,0.1837358504256966,0.06421168811155313,-95.47613525390625,78.3237533569336,-26.22216033935547,44.23744583129883,-22.463899612426758,29.737852096557617,-21.56705093383789,23.95587921142578,-16.57855796813965,20.470060348510742,-19.642690658569336,13.886457443237305,-12.624654769897461,48.43736267089844,17.235727310180664,17.041057586669922,10.742114067077637,11.326252937316895,9.239057540893555,9.575709342956543,8.077716827392578,6.9536638259887695,6.874643325805664,8.367709159851074,7.4403276443481445,7.972683906555176,rock,rock.00082.wav
123.046875,2115.9838949624827,435.23886380654426,2245.276673705662,248.57650049641944,4689.613309216573,907.4175652251869,0.09280102614647832,0.028483830875753166,-119.17545318603516,107.44642639160156,-10.97275447845459,58.55445098876953,-12.931377410888672,26.83179473876953,-17.6407413482666,19.37105369567871,-15.608501434326172,13.566648483276367,-16.671030044555664,11.872086524963379,-12.187864303588867,37.251590728759766,16.56973648071289,14.052079200744629,7.660624980926514,9.034308433532715,7.573493957519531,7.151398181915283,7.113809585571289,6.613198757171631,7.350726127624512,6.774805545806885,5.823943614959717,5.908998012542725,rock,rock.00083.wav
129.19921875,2581.8092292667184,646.8777024881923,2376.373190446792,254.4649035408856,5391.134067216525,1071.7253811000967,0.13921608939628483,0.06439714613769387,-94.30160522460938,91.88177490234375,-17.58851432800293,45.52394104003906,-15.698275566101074,32.63908767700195,-18.020702362060547,21.573335647583008,-15.734346389770508,16.795480728149414,-18.303876876831055,13.33747386932373,-15.461037635803223,42.02248001098633,21.4334716796875,16.430513381958008,9.494452476501465,12.573260307312012,7.658391952514648,9.181672096252441,7.475549697875977,7.951066017150879,6.787793159484863,7.055455684661865,7.218438148498535,7.489988803863525,rock,rock.00084.wav
184.5703125,2256.0047067984315,729.6647867662216,2058.0461999228896,325.2247876137638,4509.297732893528,1215.4542693836163,0.12098982016737617,0.061067716478845076,-185.45333862304688,98.93243408203125,-36.44242858886719,44.426692962646484,-17.757999420166016,21.304088592529297,-20.296018600463867,13.779586791992188,-15.489944458007812,11.040962219238281,-16.79224967956543,2.326029062271118,-12.639384269714355,63.10133743286133,29.505062103271484,18.180866241455078,15.407692909240723,15.177797317504883,13.718101501464844,12.24321460723877,11.124382019042969,11.506514549255371,11.854382514953613,11.342389106750488,10.028800964355469,9.587998390197754,rock,rock.00085.wav
129.19921875,2521.464032225308,769.0058691536398,2133.3603289642856,325.4156469353962,4830.495790652815,1248.9089611908933,0.14632451202109134,0.07490004633215779,-160.12103271484375,88.73147583007812,-35.49324417114258,47.491817474365234,-12.622673034667969,17.308822631835938,-19.139455795288086,14.591328620910645,-20.38043975830078,11.096237182617188,-11.145569801330566,7.704707622528076,-9.865750312805176,104.60528564453125,30.72418975830078,28.532974243164062,19.920265197753906,13.569681167602539,11.979572296142578,11.756274223327637,9.512505531311035,11.756355285644531,10.285290718078613,8.833375930786133,8.471495628356934,7.944576263427734,rock,rock.00086.wav
129.19921875,2334.758795031705,336.24445770333955,2208.2732556694846,210.27496446538058,4819.854188334462,840.2978071825231,0.12858085514222137,0.028114556859898925,-42.66564178466797,102.98204040527344,-36.866947174072266,44.534725189208984,-11.986276626586914,25.571468353271484,-22.683826446533203,28.34067726135254,-19.273252487182617,21.487628936767578,-15.257316589355469,11.752053260803223,-11.576942443847656,27.762672424316406,12.86818790435791,12.893805503845215,8.991899490356445,9.652198791503906,8.088379859924316,7.133970737457275,6.0906500816345215,5.61022424697876,6.172271251678467,5.957961082458496,5.620409965515137,4.957324981689453,rock,rock.00087.wav
92.28515625,2591.1167911589937,553.1394618171473,2078.6516769704235,277.7621546100877,4889.828765207769,974.0797099718552,0.16178095672890866,0.060391827901674064,-118.01446533203125,84.0493392944336,-50.27965545654297,46.06394958496094,-17.695775985717773,20.860382080078125,-21.651596069335938,16.67853546142578,-12.957173347473145,12.828731536865234,-13.10527515411377,11.298574447631836,-12.60710334777832,66.68012237548828,26.783889770507812,18.193096160888672,15.176775932312012,9.324575424194336,9.412643432617188,10.483232498168945,8.177882194519043,9.156464576721191,8.21733283996582,8.210649490356445,7.1962409019470215,8.289960861206055,rock,rock.00088.wav
107.666015625,1610.189714452553,591.055285234858,1816.200375043276,356.3906321340168,3381.4962192216526,1223.827376453964,0.0732932075996517,0.04208430253745286,-156.2683868408203,130.7677459716797,-25.246171951293945,43.49665832519531,-12.14410400390625,25.410446166992188,-7.9474592208862305,17.621599197387695,-8.632111549377441,9.57370662689209,-8.363633155822754,5.776412487030029,-7.044429779052734,53.77641677856445,26.046119689941406,14.536309242248535,13.5022611618042,11.425935745239258,9.523252487182617,10.652188301086426,8.116185188293457,9.667450904846191,8.065709114074707,7.887721538543701,7.2185258865356445,7.008147716522217,rock,rock.00089.wav
123.046875,2495.6204189789773,523.2267306371576,2249.6305200765196,194.4216689591225,5212.826812082769,728.5909195672217,0.1206425055630805,0.042100724366107546,-89.05668640136719,86.21659851074219,-24.4185848236084,47.110076904296875,-33.64547348022461,29.479248046875,-19.750383377075195,21.647640228271484,-16.7561092376709,6.549621105194092,-13.397908210754395,7.489511013031006,-12.868062973022461,46.84466552734375,27.133779525756836,16.25890350341797,15.204834938049316,12.513154029846191,8.040682792663574,9.266342163085938,9.542780876159668,9.021857261657715,10.090550422668457,9.375657081604004,11.7418212890625,10.553086280822754,rock,rock.00090.wav
143.5546875,2474.554693163817,508.2418073056499,2123.3128660945194,288.39496773634517,4754.654582587558,1079.8228647769392,0.15018352118808048,0.04258267610020258,-74.30169677734375,100.11320495605469,-47.37080764770508,49.623390197753906,-18.414453506469727,24.62058448791504,-15.91473388671875,23.901294708251953,-22.833791732788086,23.33636474609375,-16.94891929626465,14.9324312210083,-11.504433631896973,28.89702796936035,21.095991134643555,17.1422176361084,10.84292221069336,8.234683990478516,6.937575340270996,7.950526714324951,6.512892723083496,5.779326915740967,7.132914066314697,5.886804103851318,5.596834182739258,5.395338535308838,rock,rock.00091.wav
129.19921875,2471.302263920436,329.71361649491746,2102.1973629889744,161.27167746634544,4687.154990748355,677.1534610723764,0.15094504341621517,0.031195736048494384,-70.11753845214844,94.18165588378906,-50.328033447265625,46.96289825439453,-16.114255905151367,19.996185302734375,-23.95972442626953,16.34402847290039,-22.188528060913086,14.435193061828613,-20.092636108398438,12.150915145874023,-14.765588760375977,23.816043853759766,14.13975715637207,9.394254684448242,7.863498210906982,7.087222576141357,6.005496501922607,6.163201808929443,6.054557800292969,5.50557279586792,5.899374961853027,5.467367649078369,5.051131725311279,5.3029398918151855,rock,rock.00092.wav
103.359375,1939.9141779559488,398.50168174122945,1881.6834034743356,301.9097525499299,3749.093996408185,926.3299790012494,0.09836637420181889,0.026133221737026716,-114.74584197998047,119.2917251586914,-50.72455978393555,42.63133239746094,-6.70927095413208,19.71417808532715,-16.88706398010254,19.3933048248291,-17.41594696044922,17.31191635131836,-10.866726875305176,6.668211936950684,-15.753815650939941,31.637720108032227,21.874595642089844,14.743199348449707,11.629134178161621,9.623847007751465,9.256258964538574,7.645003318786621,6.765279293060303,7.161659240722656,8.159167289733887,6.570181369781494,5.945023536682129,6.682187080383301,rock,rock.00093.wav
112.34714673913044,2629.304423185467,306.18865932339173,2210.6104193984875,193.05439938157352,5086.752574436436,679.0979704752874,0.14670470624516255,0.03192306094204864,-90.21276092529297,80.05299377441406,-46.36942672729492,56.04584884643555,-8.101378440856934,27.485429763793945,-17.328845977783203,22.97190284729004,-17.603975296020508,18.401447296142578,-17.448110580444336,7.6514458656311035,-19.30083656311035,24.792007446289062,11.6285982131958,14.677347183227539,7.0476250648498535,5.993619441986084,5.216996192932129,5.598575115203857,4.726604461669922,6.765874862670898,6.055239200592041,6.170612812042236,6.019163131713867,5.222257614135742,rock,rock.00094.wav
103.359375,2008.5370455020434,531.172751307588,2106.3492062217856,297.6892029187822,4254.124275892512,1105.8177725423172,0.08926665598393962,0.03610640992682045,-153.61648559570312,109.89451599121094,-23.10659408569336,59.00746154785156,-7.5279951095581055,19.730127334594727,-16.48607635498047,18.083520889282227,-22.215625762939453,15.403846740722656,-12.378472328186035,12.349250793457031,-12.316457748413086,50.40913772583008,21.3107967376709,13.708888053894043,11.440837860107422,9.482701301574707,7.63521671295166,9.436793327331543,6.617154598236084,8.807546615600586,7.812190532684326,6.532578468322754,6.596620082855225,7.00848388671875,rock,rock.00095.wav
117.45383522727273,2006.0092476458424,425.9542240665256,2068.224878733708,286.2183806329181,4147.166589317676,1020.7378911473027,0.0976588954866486,0.029462377052617658,-142.4420623779297,116.23844146728516,-32.1903190612793,49.11460876464844,-8.395415306091309,22.87228775024414,-18.311134338378906,20.106487274169922,-22.106910705566406,10.79675579071045,-13.00155258178711,14.067452430725098,-16.397626876831055,57.3049201965332,18.534526824951172,13.77396011352539,8.165843963623047,9.009658813476562,6.666197776794434,7.999754428863525,6.6314568519592285,6.0675859451293945,7.289149284362793,6.606899261474609,6.161779880523682,5.901365280151367,rock,rock.00096.wav
129.19921875,2077.166787874547,481.3659289106179,1926.8958101296082,273.2683731153465,4030.750626602409,896.8604640240508,0.12182428224167957,0.04120224485352374,-125.06510925292969,115.20330810546875,-48.00468063354492,52.843101501464844,-13.491937637329102,21.76540756225586,-12.42856216430664,20.139963150024414,-18.370885848999023,10.11968994140625,-16.055442810058594,10.486740112304688,-17.959636688232422,40.96150588989258,21.799253463745117,17.031206130981445,10.640032768249512,8.781065940856934,8.983522415161133,7.7468485832214355,6.447846412658691,6.680020809173584,9.05074405670166,6.575268268585205,6.55241584777832,6.654918670654297,rock,rock.00097.wav
73.828125,1398.5815744518925,490.50176986007506,1817.813570023843,330.2717881088495,3014.6734373488293,1154.5015356198594,0.04873137577399381,0.028427600986249267,-224.9940185546875,123.66968536376953,-9.775933265686035,56.6057243347168,10.427106857299805,20.634145736694336,-10.257256507873535,15.5733060836792,-8.251973152160645,12.805177688598633,-9.004446029663086,7.690067768096924,-10.085665702819824,103.79005432128906,22.213045120239258,24.567750930786133,13.780771255493164,12.503182411193848,14.530518531799316,10.345751762390137,10.160542488098145,8.342934608459473,9.626791954040527,7.9969482421875,8.687231063842773,7.5310187339782715,rock,rock.00098.wav
123.046875,1609.3699366383669,649.9446029181671,1796.9237162030495,346.8476935597052,3246.3053700355554,1324.495994843472,0.07628978811919504,0.0466082884383466,-235.21820068359375,123.89323425292969,-22.541746139526367,52.92485427856445,-1.4473309516906738,24.66827392578125,-7.072872638702393,14.884822845458984,-12.778573989868164,16.70909881591797,-2.9464380741119385,10.071948051452637,-15.021038055419922,87.86119842529297,28.272966384887695,22.786399841308594,15.069692611694336,13.509757041931152,11.24040412902832,10.884007453918457,9.67607307434082,8.907960891723633,8.72559928894043,8.898980140686035,6.74578857421875,6.5612921714782715,rock,rock.00099.wav
